SAV_coords,0,1,2,3,4,5,6,7,8,9,10,11,12,13,14
P29033 221 K N,0.05937027,0.14063011,0.25640216,0.07631222,0.110579535,0.26664641,0.061654687,0.11130383,0.29232183,0.04879473,0.102713354,0.21706803,0.06271495,0.10590552,0.18018347
P29033 220 G V,0.06662285,0.12397695,0.2784752,0.099696055,0.13576023,0.30962488,0.09624795,0.16860715,0.34394965,0.06940938,0.1531476,0.27692288,0.0855831,0.1426324,0.23470734
P29033 219 S F,0.01359205,0.023655716,0.15737583,0.03314699,0.036519427,0.22066693,0.028958324,0.04207245,0.24528287,0.0250081,0.049349137,0.22490337,0.022581859,0.030589161,0.11109334
P29033 218 C S,0.023689577,0.03714156,0.15306811,0.03660432,0.037485026,0.17602979,0.03626252,0.051413048,0.2140408,0.026151976,0.04025907,0.16298938,0.03696549,0.046280578,0.11277465
P29033 216 R I,0.43366757,0.54845846,0.5719144,0.48199925,0.56735367,0.5910814,0.4821837,0.5389599,0.6134509,0.5264233,0.6192596,0.6375089,0.5046224,0.59257036,0.5845276
P29033 209 E D,0.90329576,0.4484559,0.8287571,0.9340987,0.6810766,0.85305625,0.9547102,0.50325567,0.89869386,0.9362458,0.59178585,0.8548747,0.92922175,0.63516384,0.83254254
P29033 209 E G,0.93294877,0.8557708,0.8584574,0.9651464,0.95597523,0.90028644,0.9788165,0.9308584,0.9326789,0.9744529,0.95573014,0.9145074,0.97508323,0.9686548,0.9290533
P29033 207 V L,0.041965105,0.07361198,0.18492988,0.06253587,0.084082186,0.20732652,0.043131273,0.06596317,0.20735744,0.05987454,0.08914542,0.23007256,0.06864246,0.09617093,0.15726684
P29033 201 I M,0.69662684,0.7459537,0.68367195,0.56067926,0.6558532,0.60673827,0.62266475,0.70500124,0.6735203,0.59272224,0.6509913,0.61525625,0.58821785,0.6498424,0.5639657
P29033 198 V G,0.8317211,0.8000385,0.7693525,0.84616226,0.83033746,0.7789195,0.9017344,0.8832023,0.85158485,0.8907443,0.861977,0.8253719,0.8407797,0.8209376,0.8053517
P29033 196 I M,0.73171276,0.7077561,0.7006674,0.69573164,0.6730825,0.67906094,0.7302963,0.7379677,0.7211196,0.69668466,0.676451,0.6745808,0.6772314,0.6555859,0.6419899
P29033 196 I S,0.8356584,0.8249773,0.7905635,0.8144958,0.81142527,0.7689287,0.8647322,0.85295206,0.8292846,0.8463341,0.8306415,0.7908518,0.8151476,0.8121857,0.79147494
P29033 195 M I,0.9160103,0.8862205,0.8031449,0.9069553,0.8878072,0.7943847,0.92480415,0.8930846,0.828471,0.90819925,0.85937935,0.7814709,0.9041732,0.86711675,0.7850893
P29033 189 T N,0.9255051,0.90321994,0.8139206,0.91516626,0.90602183,0.810515,0.9276175,0.90029246,0.8287313,0.9135281,0.87108874,0.7926862,0.91709775,0.8963616,0.826357
P29033 187 E G,0.9590752,0.9782754,0.81604594,0.9602662,0.9870604,0.83648324,0.9645827,0.97834516,0.84263235,0.96377313,0.98166716,0.82528,0.9653988,0.9850366,0.8833061
P29033 180 C F,0.98784757,0.9910319,0.94037735,0.9951912,0.99854267,0.96651655,0.9848166,0.9890904,0.93862426,0.9946408,0.99793565,0.9585415,0.989611,0.9957639,0.9594631
P29033 180 C Y,0.9880337,0.99055547,0.9418645,0.99496704,0.99835855,0.9651473,0.98343486,0.9873954,0.9334136,0.99372685,0.9973309,0.95413697,0.9896393,0.9955521,0.95953697
P29033 179 D Y,0.9091127,0.96016276,0.79169315,0.902174,0.97016746,0.80989903,0.88178486,0.9495366,0.7786171,0.91673887,0.96817654,0.7923153,0.91436505,0.96985054,0.8441571
P29033 178 V L,0.93007225,0.93276817,0.73832345,0.9288558,0.9454411,0.73366046,0.9383075,0.92842644,0.73772216,0.92449635,0.91873366,0.6973722,0.9255402,0.94029766,0.767977
P29033 177 T A,0.3863194,0.61339957,0.35594383,0.37911662,0.64357775,0.35483593,0.474352,0.74421746,0.415218,0.44267312,0.69397014,0.37252566,0.36525267,0.6014992,0.32690057
P29033 176 N S,0.8355344,0.90628594,0.6547519,0.892005,0.9511835,0.7852882,0.8761777,0.93421435,0.74463695,0.8520111,0.94374347,0.66395754,0.83560985,0.91704965,0.69007236
P29033 173 P L,0.97127026,0.98023784,0.8718392,0.9685712,0.9860334,0.872982,0.966777,0.97500247,0.8715305,0.9702275,0.9807437,0.8702361,0.97388035,0.98627895,0.91402936
P29033 171 A V,0.0777732,0.08370354,0.19351959,0.08157327,0.073530614,0.19381781,0.08611129,0.11166087,0.2175134,0.060021862,0.08157558,0.16589324,0.090503074,0.10158496,0.15783525
P29033 169 C G,0.9938298,0.9945695,0.955834,0.9976484,0.9991177,0.9767834,0.9925404,0.99218154,0.96161014,0.99764246,0.9988657,0.9746946,0.99522734,0.99753463,0.97524333
P29033 169 C S,0.9907945,0.9907808,0.94697964,0.99587244,0.99801505,0.96649086,0.9893505,0.98725176,0.9500528,0.99579054,0.9974548,0.96304554,0.9916598,0.9948211,0.9630463
P29033 168 K E,0.6414679,0.6757247,0.580515,0.6594638,0.7132488,0.6338566,0.68054146,0.7572402,0.6511576,0.59439945,0.67642695,0.5584549,0.61864763,0.69024175,0.53757644
P29033 167 V G,0.73205066,0.72820336,0.5724858,0.77643013,0.7687142,0.6035521,0.856517,0.8452795,0.72213405,0.8057538,0.7631799,0.634661,0.7661209,0.7668632,0.65973395
P29033 167 V A,0.70058334,0.65844965,0.5202128,0.719608,0.66930676,0.5248792,0.81686586,0.79716915,0.6464111,0.75135297,0.6951641,0.5559068,0.7149837,0.686363,0.5466545
P29033 167 V M,0.47015938,0.41000685,0.41999176,0.47395268,0.40179583,0.418528,0.51754665,0.50586474,0.4568589,0.4600835,0.42177135,0.4097275,0.43931627,0.4268486,0.36127687
P29033 165 R Q,0.65113634,0.8494683,0.56654775,0.6428871,0.8665272,0.5862988,0.6021704,0.8518174,0.54926014,0.5386669,0.8156554,0.4623534,0.59906876,0.82637143,0.49344555
P29033 164 Q E,0.023541633,0.030779041,0.077457204,0.03669384,0.043886498,0.09706471,0.0266121,0.042792596,0.078703314,0.039611295,0.058764264,0.11157456,0.03144179,0.042259496,0.060865983
P29033 161 F V,0.8893463,0.92897564,0.7719001,0.84182084,0.9126425,0.71052146,0.91166323,0.93485415,0.81880254,0.90517306,0.92955405,0.7753866,0.8607499,0.9104727,0.7419542
P29033 157 M I,0.011896381,0.02012083,0.057624172,0.022210123,0.028638773,0.075509325,0.010832153,0.015852649,0.05004301,0.023213305,0.036316708,0.091399126,0.017866693,0.022173433,0.046264783
P29033 157 M T,0.295084,0.54667604,0.41227373,0.27728286,0.49907786,0.39010894,0.33811364,0.5584833,0.4378582,0.37326193,0.5562789,0.4581042,0.22418363,0.4144248,0.29188618
P29033 155 Y C,0.9703485,0.9772864,0.9068989,0.9653705,0.98350394,0.9002057,0.971026,0.9754836,0.9178995,0.9719535,0.9820386,0.9038741,0.9779905,0.9875159,0.9357632
P29033 155 Y S,0.97158223,0.9769885,0.9123729,0.9588075,0.97799927,0.88977593,0.9721382,0.97431755,0.9242208,0.9735709,0.9809926,0.91148955,0.9687895,0.9799917,0.922935
P29033 151 M I,0.2739606,0.2760453,0.4001386,0.32201,0.31887662,0.40456307,0.38922235,0.41226414,0.4825681,0.41046023,0.38025948,0.47437483,0.30243945,0.29646406,0.32077512
P29033 151 M T,0.6839098,0.7010825,0.64393646,0.6543472,0.6973401,0.6041175,0.80099696,0.8026583,0.7283993,0.748931,0.72606933,0.66705287,0.641739,0.66306007,0.57734674
P29033 151 M L,0.07167484,0.067769505,0.18762285,0.12630856,0.10889238,0.22745524,0.118604586,0.12239394,0.25121328,0.16412891,0.14088386,0.29504862,0.120819055,0.11225755,0.1646563
P29033 150 F Y,0.9584341,0.9390131,0.87533385,0.93771696,0.9290458,0.83804774,0.95006925,0.870519,0.86040527,0.9455301,0.9091826,0.8294813,0.9516395,0.9291399,0.85379684
P29033 150 F I,0.96630657,0.9599986,0.88280356,0.9604596,0.96851707,0.8711559,0.9733872,0.9666637,0.90249985,0.9652596,0.9631226,0.86739767,0.9721809,0.97218496,0.90476006
P29033 149 A S,0.07014063,0.16533037,0.17279261,0.09220097,0.19861194,0.18928657,0.0789293,0.21274994,0.18327963,0.144342,0.2792949,0.26442808,0.094149046,0.18772972,0.14701119
P29033 149 A T,0.109556735,0.2635406,0.24799366,0.13291053,0.28280175,0.25687814,0.12040205,0.31003866,0.25794792,0.18797733,0.35242242,0.32250476,0.13159393,0.26785988,0.20604153
P29033 142 F S,0.9066926,0.9188494,0.8316987,0.8875144,0.9208108,0.806198,0.9208621,0.9233197,0.8531907,0.923973,0.93288654,0.84004587,0.9195721,0.9357161,0.8607178
P29033 138 S G,0.08571541,0.057989877,0.24210727,0.14989291,0.09246346,0.31938544,0.15199298,0.09363231,0.35555544,0.19619933,0.13905767,0.3836465,0.16020323,0.101565205,0.26868036
P29033 129 E K,0.04969353,0.06960196,0.24470073,0.07948384,0.08365279,0.27936202,0.05539425,0.07710954,0.2674463,0.04027441,0.056061108,0.20881175,0.07759212,0.093358055,0.19544749
P29033 126 V I,0.011350756,0.015426057,0.08751829,0.019228028,0.015942665,0.09153402,0.01060962,0.012742357,0.07915212,0.012852987,0.014767464,0.08320615,0.023843106,0.024286153,0.072435364
P29033 125 K Q,0.24099436,0.49044764,0.5085773,0.20462623,0.35099712,0.4612356,0.12830447,0.25865602,0.44212407,0.11603892,0.2709738,0.3626025,0.20769194,0.39881337,0.3680649
P29033 121 I T,0.05520915,0.080785826,0.27597353,0.06506604,0.067229524,0.2882907,0.07192938,0.09361248,0.316308,0.04920126,0.07540971,0.25843272,0.08193008,0.10875119,0.22798538
P29033 118 I T,0.04453229,0.049157195,0.23613183,0.045666162,0.03353049,0.22094484,0.03649753,0.033823516,0.19530669,0.030691713,0.03663088,0.18443896,0.04493927,0.045358453,0.13968858
P29033 117 D V,0.16856204,0.26233068,0.3912006,0.1659371,0.21086238,0.41890466,0.14170584,0.1883491,0.40404347,0.10441898,0.18095762,0.34503952,0.1616589,0.24039082,0.33612502
P29033 117 D G,0.039270893,0.0607412,0.18305163,0.040857654,0.037346527,0.16958046,0.0349737,0.037721455,0.18014048,0.020202633,0.027852826,0.10680095,0.04803144,0.0593623,0.13522846
P29033 106 F S,0.051141977,0.06625321,0.2011336,0.068923354,0.06040153,0.2431207,0.066735156,0.077273615,0.22733313,0.03950532,0.05475455,0.17976534,0.0729007,0.08171131,0.17003122
P29033 104 R S,0.3970471,0.57200533,0.5703772,0.3173341,0.33733004,0.49819633,0.30805686,0.3573144,0.5109122,0.23703642,0.33085793,0.45442167,0.28730783,0.37951395,0.39951396
P29033 103 K R,0.2184895,0.1127336,0.5752325,0.21732907,0.06627075,0.53335845,0.16480269,0.07738604,0.50674975,0.12278234,0.055341467,0.4833745,0.12457868,0.062121578,0.29634935
P29033 102 K N,0.10110448,0.21327454,0.30793825,0.09206953,0.13071664,0.26791123,0.07039395,0.12283609,0.2500774,0.04129032,0.08091449,0.17828774,0.08480104,0.14272337,0.18850923
P29033 98 R G,0.5104846,0.5099382,0.6072672,0.5078692,0.39173707,0.5766103,0.64391786,0.5775654,0.6863932,0.47816044,0.39415082,0.59378,0.50249463,0.4502305,0.55452704
P29033 96 A G,0.5961907,0.6459755,0.6528616,0.5081234,0.54422075,0.58910346,0.62484676,0.67428637,0.6968771,0.52372164,0.568544,0.6350992,0.5968029,0.62937516,0.62028825
P29033 95 V A,0.8660579,0.8276844,0.8125117,0.8205075,0.7711441,0.7532648,0.9013945,0.8639574,0.85647947,0.86884266,0.78905106,0.81095904,0.84653056,0.8081091,0.7843908
P29033 94 H Q,0.849466,0.78712255,0.79764384,0.8534495,0.73734194,0.7880052,0.89867806,0.7451496,0.8447373,0.8606448,0.6836493,0.8023971,0.84155715,0.70984596,0.7630251
P29033 94 H L,0.7734299,0.7800667,0.7364683,0.82273036,0.80189496,0.764289,0.8720434,0.8128571,0.81073236,0.8676791,0.8234843,0.7995312,0.834912,0.8037825,0.7619192
P29033 94 H Y,0.18819061,0.09726795,0.5985508,0.3903159,0.116235614,0.64454424,0.39962038,0.08203715,0.72226775,0.26846352,0.061358616,0.65391546,0.23991291,0.08682471,0.39412272
P29033 89 L F,0.93102896,0.9328023,0.8563912,0.89518535,0.90533406,0.8216358,0.92778593,0.9153689,0.8659815,0.923909,0.90912,0.8439403,0.9021482,0.89524186,0.81855285
P29033 87 P L,0.9736693,0.97940344,0.9147096,0.9676897,0.98061657,0.9044298,0.9738898,0.9759209,0.9199317,0.972881,0.9767745,0.9103966,0.97286296,0.9803854,0.9247391
P29033 79 L R,0.9803325,0.98119605,0.92653817,0.9692654,0.9796282,0.91009146,0.97924334,0.9782154,0.93294907,0.9777362,0.9798053,0.9224164,0.9729232,0.9775925,0.9308525
P29033 78 A V,0.7533593,0.8049074,0.63538295,0.7463548,0.8108129,0.64541,0.79306763,0.8360626,0.68244094,0.76401204,0.8078094,0.63752127,0.70944834,0.7638025,0.60124993
P29033 76 L V,0.862858,0.81496197,0.66341245,0.8739936,0.86558443,0.69043815,0.9040554,0.8851267,0.74279994,0.88509786,0.8525136,0.7048591,0.88353145,0.850629,0.7052559
P29033 72 S F,0.9631075,0.970609,0.87539405,0.9528033,0.9717676,0.8662481,0.958937,0.9662202,0.8730956,0.95711035,0.96375185,0.86410475,0.9702561,0.9791214,0.9133542
P29033 69 F L,0.9450923,0.942803,0.8050705,0.93471146,0.94790226,0.79691964,0.9548939,0.9505322,0.84568846,0.9413992,0.9368825,0.78802645,0.9434575,0.9461321,0.8344362
P29033 68 Y C,0.8293372,0.8109886,0.66646487,0.8754355,0.88811713,0.7377507,0.90261,0.8939835,0.7842906,0.8774881,0.8701364,0.7186057,0.8994547,0.9009133,0.8009284
P29033 62 N S,0.33848053,0.61873657,0.20616134,0.37937608,0.72317654,0.20118071,0.39593142,0.6987953,0.19350757,0.49658486,0.72583807,0.25119174,0.3353837,0.62632674,0.19442597
P29033 60 C R,0.9947373,0.9944748,0.95950425,0.9975992,0.99898106,0.97689694,0.9935322,0.9926843,0.9572796,0.99684566,0.9980679,0.96881986,0.9964239,0.9979381,0.9799642
P29033 43 V A,0.9230136,0.90859246,0.80373865,0.9128244,0.9168541,0.79828286,0.94000643,0.9317613,0.8546726,0.93145406,0.9208512,0.8240903,0.9143728,0.9083865,0.8237491
P29033 40 A T,0.86166936,0.80450195,0.73791534,0.8221723,0.7743419,0.6928079,0.8894177,0.8453571,0.78335774,0.8751366,0.80834466,0.7485864,0.8406451,0.78205377,0.7138483
P29033 25 L F,0.92140466,0.9086097,0.8406572,0.86534566,0.8550814,0.7847926,0.904063,0.87794507,0.83165914,0.8939506,0.84304726,0.8026197,0.8732641,0.8364138,0.7761976
P29033 24 W C,0.9851466,0.98562825,0.927921,0.9881887,0.9922253,0.9343301,0.98938495,0.98891836,0.9496256,0.9876402,0.9894852,0.92907447,0.9925587,0.99398935,0.96275383
P29033 23 I M,0.878222,0.9011571,0.79509926,0.8059011,0.869385,0.73160464,0.8637073,0.8926023,0.79922974,0.8350602,0.8621082,0.744269,0.82942295,0.86975765,0.7347383
P29033 19 S I,0.5667988,0.7286614,0.6467754,0.5376153,0.6832023,0.62408626,0.64022356,0.7717611,0.71061534,0.54252315,0.7207582,0.6425943,0.575326,0.7125389,0.6280972
P29033 18 T S,0.90936947,0.7512676,0.8151171,0.9204782,0.8431565,0.82379854,0.94957024,0.7889504,0.874757,0.92986244,0.8066086,0.8314467,0.9298497,0.83817494,0.83488923
P29033 17 S C,0.9476136,0.952589,0.8757385,0.9470408,0.9633303,0.87301826,0.9491741,0.9512479,0.88042396,0.94395,0.9506266,0.8558437,0.95936877,0.9690067,0.90179557
P29033 16 H P,0.93620235,0.9576259,0.87769145,0.92232066,0.95308834,0.85403806,0.94518507,0.9585763,0.8970005,0.9482401,0.96318907,0.88400376,0.94060755,0.96013796,0.88798445
P29033 13 V G,0.95587116,0.95111805,0.9064026,0.94647384,0.9535921,0.8899988,0.96855855,0.9635274,0.9329832,0.9691051,0.96810514,0.9240924,0.95980614,0.9626988,0.9262477
P29033 5 T M,0.3379377,0.30347216,0.5411387,0.47646672,0.43398392,0.65006393,0.3922679,0.3011476,0.64194804,0.4566661,0.43542847,0.6651589,0.40047064,0.35320053,0.538344
