SAV_coords,labels,SSbond,SF1,SF2,SF3,chain_length,protein_length,AG1,AG3,AG5,ACR,Rg,Dcom,loop_percent,helix_percent,sheet_percent,dssp,SASA,SASA_in_complex,deltaSASA,Hbond,GNM_MSF_reduced,GNM_effectiveness_reduced,GNM_sensitivity_reduced,GNM_Ventropy_reduced,GNM_rmsf_overall_reduced,GNM_Eigval1_reduced,GNM_Eigval2_reduced,GNM_Eigval5_1_reduced,GNM_SEall_reduced,GNM_SE20_reduced,GNM_V1_reduced,GNM_rankV1_reduced,GNM_V2_reduced,GNM_rankV2_reduced,GNM_co_rank_reduced,GNM_displacement_reduced,GNM_MC1_reduced,GNM_MC2_reduced,ANM_MSF_reduced,ANM_effectiveness_reduced,ANM_sensitivity_reduced,ANM_stiffness_reduced
P29033 217 Y D,B/LB,0.0,6.1710835,6.139699,1.0051117,216.0,2592.0,8.0,6.6666665,4.8,22.226852,24.081512,0.47482684,33.796295,61.574074,4.6296296,1.0,100.5,100.5,0.0,0.0,0.436389,0.0064715566,0.020629361,97.42079,0.507904,0.116627984,0.29583958,0.60298985,0.8956615,0.9314274,0.008733992,0.0787037,0.06466374,0.5972222,0.8981481,0.436389,0.074887626,0.21857704,0.3289316,0.037694555,0.026304977,15.838855
P29033 215 I M,B/LB,0.0,6.1710835,6.139699,1.0051117,216.0,2592.0,14.0,2.0,1.4,22.226852,24.081512,0.3573462,33.796295,61.574074,4.6296296,0.5,69.2,69.2,0.0,1.0,0.28668246,0.012823344,0.01682683,97.42079,0.507904,0.116627984,0.29583958,0.60298985,0.8956615,0.9314274,0.010569987,0.12037037,0.05827081,0.5324074,0.7638889,0.28668246,0.090629935,0.19696759,0.307587,0.026214352,0.016433306,16.166815
P29033 214 L V,B/LB,0.0,6.1710835,6.139699,1.0051117,216.0,2592.0,11.0,3.0,1.8,22.226852,24.081512,0.0813285,33.796295,61.574074,4.6296296,0.5,76.1,76.1,0.0,1.0,0.25626335,0.015254619,0.01638653,97.42079,0.507904,0.116627984,0.29583958,0.60298985,0.8956615,0.9314274,0.009495884,0.10185185,0.05750429,0.5185185,0.6759259,0.25626335,0.08142029,0.1943766,0.23244965,0.053291675,0.019315936,17.143389
P29033 210 L V,B/LB,0.0,6.1710835,6.139699,1.0051117,216.0,2592.0,27.0,12.333333,5.8,22.226852,24.081512,-0.4915438,33.796295,61.574074,4.6296296,0.5,20.8,20.8,0.0,1.0,0.1653762,0.024454512,0.014473694,97.42079,0.507904,0.116627984,0.29583958,0.60298985,0.8956615,0.9314274,0.0041353866,0.027777778,0.055799816,0.5046296,0.11574074,0.1653762,0.035457928,0.18861511,0.17102233,0.066378005,0.013621831,19.18772
P29033 203 I T,B/LB,0.0,6.1710835,6.139699,1.0051117,216.0,2592.0,33.0,10.666667,7.4,22.226852,24.081512,-1.0802395,33.796295,61.574074,4.6296296,0.5,17.2,17.2,0.0,2.0,0.14324157,0.024482688,0.010864315,97.42079,0.507904,0.116627984,0.29583958,0.60298985,0.8956615,0.9314274,0.020818364,0.22685185,0.042534634,0.37962964,0.032407407,0.14324157,0.17850229,0.14377601,0.13448715,0.024430972,0.003866601,20.390633
P29033 197 A T,B/LB,0.0,6.1710835,6.139699,1.0051117,216.0,2592.0,20.0,11.333333,10.6,22.226852,24.081512,-0.8427267,33.796295,61.574074,4.6296296,0.5,44.8,44.8,0.0,3.0,0.18003078,0.021341508,0.012237136,97.42079,0.507904,0.116627984,0.29583958,0.60298985,0.8956615,0.9314274,0.03531534,0.37037036,0.013955142,0.125,0.21296297,0.18003078,0.3028033,0.047171317,0.14212109,0.017217698,0.002832455,19.857414
P29033 170 N K,B/LB,0.0,6.1710835,6.139699,1.0051117,216.0,2592.0,9.0,11.333333,8.8,22.226852,24.081512,1.1512401,33.796295,61.574074,4.6296296,1.0,69.6,69.6,0.0,0.0,0.23073268,0.03347084,0.033997085,97.42079,0.507904,0.116627984,0.29583958,0.60298985,0.8956615,0.9314274,0.055659022,0.7638889,0.1021549,0.8796296,0.5925926,0.23073268,0.47723556,0.34530506,0.26876527,0.050781716,0.026569903,16.285328
P29033 170 N S,B/LB,0.0,6.1710835,6.139699,1.0051117,216.0,2592.0,9.0,11.333333,8.8,22.226852,24.081512,1.1512401,33.796295,61.574074,4.6296296,1.0,69.6,69.6,0.0,0.0,0.23073268,0.03347084,0.033997085,97.42079,0.507904,0.116627984,0.29583958,0.60298985,0.8956615,0.9314274,0.055659022,0.7638889,0.1021549,0.8796296,0.5925926,0.23073268,0.47723556,0.34530506,0.26876527,0.050781716,0.026569903,16.285328
P29033 168 K R,B/LB,0.0,6.1710835,6.139699,1.0051117,216.0,2592.0,15.0,14.0,10.6,22.226852,24.081512,1.0993044,33.796295,61.574074,4.6296296,0.0,55.4,45.2,-10.2,2.0,0.2238508,0.03415105,0.03284788,97.42079,0.507904,0.116627984,0.29583958,0.60298985,0.8956615,0.9314274,0.05644721,0.8009259,0.098834075,0.8657407,0.5324074,0.2238508,0.48399368,0.33407998,0.2219688,0.07225165,0.026278326,17.535038
P29033 156 V I,B/LB,0.0,6.1710835,6.139699,1.0051117,216.0,2592.0,17.0,6.0,10.0,22.226852,24.081512,-0.35950837,33.796295,61.574074,4.6296296,0.5,62.1,62.1,0.0,2.0,0.22432655,0.020320158,0.014840659,97.42079,0.507904,0.116627984,0.29583958,0.60298985,0.8956615,0.9314274,0.032398928,0.32407406,0.009845043,0.08796296,0.5416667,0.22432655,0.27779722,0.033278316,0.22016115,0.031299807,0.011222773,16.834385
P29033 153 V I,B/LB,0.0,6.1710835,6.139699,1.0051117,216.0,2592.0,21.0,13.333333,9.8,22.226852,24.081512,-0.80912006,33.796295,61.574074,4.6296296,0.5,33.9,33.9,0.0,3.0,0.20251065,0.019501217,0.013244805,97.42079,0.507904,0.116627984,0.29583958,0.60298985,0.8956615,0.9314274,0.028093215,0.28703704,0.019216953,0.1712963,0.4027778,0.20251065,0.24087885,0.06495734,0.15793401,0.039345216,0.00767058,19.196629
P29033 127 R H,B/LB,0.0,6.1710835,6.139699,1.0051117,216.0,2592.0,15.0,6.3333335,2.8,22.226852,24.081512,0.67976195,33.796295,61.574074,4.6296296,1.0,68.7,68.7,0.0,1.0,0.35898066,0.034941614,0.050661247,97.42079,0.507904,0.116627984,0.29583958,0.60298985,0.8956615,0.9314274,0.103491254,0.8842593,0.017413523,0.1388889,0.8333333,0.35898066,0.88736206,0.05886137,0.4571157,0.032364383,0.035670556,15.397571
P29033 123 T N,B/LB,0.0,6.1710835,6.139699,1.0051117,216.0,2592.0,10.0,0.6666667,1.8,22.226852,24.081512,1.1554133,33.796295,61.574074,4.6296296,1.0,89.9,89.9,0.0,0.0,0.4737434,0.036418945,0.070982784,97.42079,0.507904,0.116627984,0.29583958,0.60298985,0.8956615,0.9314274,0.14990553,0.9351852,0.07088103,0.6435185,0.9212963,0.4737434,1.2853307,0.2395928,0.6675045,0.014173514,0.037086267,14.220409
P29033 121 I V,B/LB,0.0,6.1710835,6.139699,1.0051117,216.0,2592.0,15.0,2.0,0.4,22.226852,24.081512,1.682744,33.796295,61.574074,4.6296296,1.0,25.5,25.5,0.0,1.0,0.50772214,0.042002823,0.083201215,97.42079,0.507904,0.116627984,0.29583958,0.60298985,0.8956615,0.9314274,0.17581569,0.9537037,0.1005573,0.8703704,0.9305556,0.50772214,1.5074914,0.33990481,1.1311244,0.0043290043,0.06830619,14.171967
P29033 115 F V,B/LB,0.0,6.1710835,6.139699,1.0051117,216.0,2592.0,6.0,0.33333334,1.6,22.226852,24.081512,2.531072,33.796295,61.574074,4.6296296,1.0,80.7,80.7,0.0,0.0,0.69144815,0.02927459,0.09962201,97.42079,0.507904,0.116627984,0.29583958,0.60298985,0.8956615,0.9314274,0.2045042,0.9907407,0.12796888,0.9675926,0.9907407,0.69144815,1.7534746,0.43256176,3.546103,0.010250362,1.6463965,11.508289
P29033 114 E G,B/LB,0.0,6.1710835,6.139699,1.0051117,216.0,2592.0,6.0,2.0,0.0,22.226852,24.081512,2.0022671,33.796295,61.574074,4.6296296,1.0,81.9,81.9,0.0,0.0,0.63181263,0.034200355,0.09733732,97.42079,0.507904,0.116627984,0.29583958,0.60298985,0.8956615,0.9314274,0.20162328,0.9861111,0.120230936,0.9259259,0.9814815,0.63181263,1.7287726,0.40640587,1.6796612,0.026509188,0.7880129,12.137588
P29033 111 I T,B/LB,0.0,6.1710835,6.139699,1.0051117,216.0,2592.0,7.0,1.6666666,1.0,22.226852,24.081512,2.1314783,33.796295,61.574074,4.6296296,1.0,72.4,72.4,0.0,0.0,0.549838,0.032192077,0.08110524,97.42079,0.507904,0.116627984,0.29583958,0.60298985,0.8956615,0.9314274,0.16868313,0.9490741,0.042253528,0.375,0.9398148,0.549838,1.446335,0.14282581,2.1072114,0.009571063,0.61871934,12.067346
P29033 107 I L,B/LB,0.0,6.1710835,6.139699,1.0051117,216.0,2592.0,10.0,2.3333333,1.2,22.226852,24.081512,1.5449445,33.796295,61.574074,4.6296296,1.0,66.3,66.3,0.0,0.0,0.4646849,0.032228947,0.06760982,97.42079,0.507904,0.116627984,0.29583958,0.60298985,0.8956615,0.9314274,0.1304607,0.9166667,0.01814587,0.15277778,0.912037,0.4646849,1.1186054,0.06133686,0.7372495,0.023726348,0.107101694,13.619144
P29033 100 H Q,B/LB,0.0,6.1710835,6.139699,1.0051117,216.0,2592.0,18.0,6.6666665,4.2,22.226852,24.081512,0.5997832,33.796295,61.574074,4.6296296,0.5,59.0,36.0,-23.0,1.0,0.31070203,0.038943585,0.045320425,97.42079,0.507904,0.116627984,0.29583958,0.60298985,0.8956615,0.9314274,0.08907975,0.8703704,0.050881494,0.44907406,0.8194444,0.31070203,0.763794,0.17199016,0.3505678,0.07756513,0.06060851,16.155085
P29033 83 F L,B/LB,0.0,6.1710835,6.139699,1.0051117,216.0,2592.0,32.0,14.0,11.0,22.226852,24.081512,-1.4617503,33.796295,61.574074,4.6296296,0.5,41.4,21.9,-19.5,2.0,0.1869377,0.010155829,0.009072644,97.42079,0.507904,0.116627984,0.29583958,0.60298985,0.8956615,0.9314274,0.012258104,0.14814815,0.038855094,0.33796296,0.30092594,0.1869377,0.10510431,0.1313384,0.14917527,0.08343229,0.015365039,20.151642
P29033 27 V I,B/LB,0.0,6.1710835,6.139699,1.0051117,216.0,2592.0,20.0,6.6666665,7.0,22.226852,24.081512,-0.76816684,33.796295,61.574074,4.6296296,0.5,59.7,11.1,-48.6,2.0,0.22025178,0.026785564,0.017723907,97.42079,0.507904,0.116627984,0.29583958,0.60298985,0.8956615,0.9314274,0.039623737,0.4398148,0.049217276,0.4398148,0.5138889,0.22025178,0.33974466,0.16636474,0.16093194,0.089356326,0.016129686,19.298443
P29033 16 H Y,B/LB,0.0,6.1710835,6.139699,1.0051117,216.0,2592.0,17.0,7.0,4.6,22.226852,24.081512,-0.2238315,33.796295,61.574074,4.6296296,1.0,28.5,20.4,-8.1,1.0,0.5841027,0.0050315936,0.015259433,97.42079,0.507904,0.116627984,0.29583958,0.60298985,0.8956615,0.9314274,0.01357837,0.16203703,0.13550027,0.9907407,0.9675926,0.5841027,0.116424635,0.45801944,0.20993581,0.11626187,0.031029144,17.840267
P29033 4 G V,B/LB,0.0,6.1710835,6.139699,1.0051117,216.0,2592.0,15.0,7.0,4.6,22.226852,24.081512,-0.7878501,33.796295,61.574074,4.6296296,1.0,41.9,37.2,-4.7,2.0,0.3722146,0.014028873,0.024665443,97.42079,0.507904,0.116627984,0.29583958,0.60298985,0.8956615,0.9314274,0.008014286,0.06481481,0.12946118,0.9814815,0.8425926,0.3722146,0.06871666,0.43760604,0.21513028,0.0877487,0.02959427,17.340866
P29033 4 G D,B/LB,0.0,6.1710835,6.139699,1.0051117,216.0,2592.0,15.0,7.0,4.6,22.226852,24.081512,-0.7878501,33.796295,61.574074,4.6296296,1.0,41.9,37.2,-4.7,2.0,0.3722146,0.014028873,0.024665443,97.42079,0.507904,0.116627984,0.29583958,0.60298985,0.8956615,0.9314274,0.008014286,0.06481481,0.12946118,0.9814815,0.8425926,0.3722146,0.06871666,0.43760604,0.21513028,0.0877487,0.02959427,17.340866
P29033 165 R W,B/LB,0.0,6.1710835,6.139699,1.0051117,216.0,2592.0,31.0,13.666667,13.8,22.226852,24.081512,0.7475593,33.796295,61.574074,4.6296296,1.0,75.3,29.0,-46.3,1.0,0.20816357,0.031620514,0.024370147,97.42079,0.507904,0.116627984,0.29583958,0.60298985,0.8956615,0.9314274,0.05420046,0.7037037,0.07531849,0.6666667,0.4537037,0.20816357,0.46472946,0.25459236,0.1871335,0.07681968,0.020396346,18.80458
P29033 34 M T,P/LP,0.0,6.1710835,6.139699,1.0051117,216.0,2592.0,31.0,12.666667,11.0,22.226852,24.081512,-0.7856264,33.796295,61.574074,4.6296296,0.5,57.8,20.0,-37.8,2.0,0.22684556,0.023895599,0.01923533,97.42079,0.507904,0.116627984,0.29583958,0.60298985,0.8956615,0.9314274,0.0457136,0.5185185,0.010506318,0.097222224,0.5555556,0.22684556,0.3919608,0.035513565,0.15981324,0.077837065,0.015143774,19.60862
P29033 37 V I,P/LP,0.0,6.1710835,6.139699,1.0051117,216.0,2592.0,10.0,8.333333,8.0,22.226852,24.081512,-0.7276811,33.796295,61.574074,4.6296296,0.5,51.4,41.8,-9.6,1.0,0.22546732,0.024477089,0.019885652,97.42079,0.507904,0.116627984,0.29583958,0.60298985,0.8956615,0.9314274,0.048216514,0.5555556,0.009241189,0.06481481,0.5509259,0.22546732,0.41342148,0.031237163,0.16802068,0.06113729,0.013525616,18.647297
P29033 44 W C,P/LP,0.0,6.1710835,6.139699,1.0051117,216.0,2592.0,40.0,13.666667,10.2,22.226852,24.081512,-0.3855446,33.796295,61.574074,4.6296296,0.5,1.7,1.0,-0.7,2.0,0.2017867,0.031783033,0.020660419,97.42079,0.507904,0.116627984,0.29583958,0.60298985,0.8956615,0.9314274,0.05198768,0.6527778,0.04498322,0.39814815,0.3888889,0.2017867,0.4457565,0.15205275,0.13890743,0.027789865,0.0048900614,19.674147
P29033 44 W S,P/LP,0.0,6.1710835,6.139699,1.0051117,216.0,2592.0,40.0,13.666667,10.2,22.226852,24.081512,-0.3855446,33.796295,61.574074,4.6296296,0.5,1.7,1.0,-0.7,2.0,0.2017867,0.031783033,0.020660419,97.42079,0.507904,0.116627984,0.29583958,0.60298985,0.8956615,0.9314274,0.05198768,0.6527778,0.04498322,0.39814815,0.3888889,0.2017867,0.4457565,0.15205275,0.13890743,0.027789865,0.0048900614,19.674147
P29033 50 D N,P/LP,0.0,6.1710835,6.139699,1.0051117,216.0,2592.0,23.0,13.0,12.0,22.226852,24.081512,0.706018,33.796295,61.574074,4.6296296,1.0,60.6,23.8,-36.8,1.0,0.22520936,0.030979319,0.02820896,97.42079,0.507904,0.116627984,0.29583958,0.60298985,0.8956615,0.9314274,0.05682304,0.8101852,0.08216062,0.7314815,0.5462963,0.22520936,0.48721617,0.27772018,0.17110053,0.041822366,0.009708625,17.867002
P29033 59 G A,P/LP,0.0,6.1710835,6.139699,1.0051117,216.0,2592.0,22.0,13.333333,10.6,22.226852,24.081512,1.2685788,33.796295,61.574074,4.6296296,1.0,35.4,1.3,-34.1,0.0,0.17959395,0.043729134,0.02631124,97.42079,0.507904,0.116627984,0.29583958,0.60298985,0.8956615,0.9314274,0.049632642,0.587963,0.08458009,0.75,0.20833333,0.17959395,0.42556372,0.28589854,0.18460311,0.04398165,0.010612433,19.37932
P29033 75 R Q,P/LP,0.0,6.1710835,6.139699,1.0051117,216.0,2592.0,44.0,19.666666,16.2,22.226852,24.081512,-0.75896144,33.796295,61.574074,4.6296296,0.5,49.2,0.5,-48.7,3.0,0.21496223,0.01590641,0.012613445,97.42079,0.507904,0.116627984,0.29583958,0.60298985,0.8956615,0.9314274,0.033613693,0.3472222,0.012173978,0.12037037,0.4861111,0.21496223,0.28821293,0.041150607,0.12326071,0.021872507,0.0034709699,20.593803
P29033 75 R W,P/LP,0.0,6.1710835,6.139699,1.0051117,216.0,2592.0,44.0,19.666666,16.2,22.226852,24.081512,-0.75896144,33.796295,61.574074,4.6296296,0.5,49.2,0.5,-48.7,3.0,0.21496223,0.01590641,0.012613445,97.42079,0.507904,0.116627984,0.29583958,0.60298985,0.8956615,0.9314274,0.033613693,0.3472222,0.012173978,0.12037037,0.4861111,0.21496223,0.28821293,0.041150607,0.12326071,0.021872507,0.0034709699,20.593803
P29033 84 V L,P/LP,0.0,6.1710835,6.139699,1.0051117,216.0,2592.0,23.0,13.0,7.6,22.226852,24.081512,-1.8164222,33.796295,61.574074,4.6296296,1.0,6.8,6.8,0.0,1.0,0.13903637,0.015875988,0.008325252,97.42079,0.507904,0.116627984,0.29583958,0.60298985,0.8956615,0.9314274,0.007001108,0.050925925,0.046282213,0.41666666,0.013888889,0.13903637,0.0600294,0.15644363,0.14245382,0.075810015,0.012980019,20.503973
P29033 90 L P,P/LP,0.0,6.1710835,6.139699,1.0051117,216.0,2592.0,23.0,12.333333,7.4,22.226852,24.081512,-0.77203894,33.796295,61.574074,4.6296296,0.5,61.9,22.8,-39.1,2.0,0.1694607,0.017937224,0.012526649,97.42079,0.507904,0.116627984,0.29583958,0.60298985,0.8956615,0.9314274,0.01914876,0.20833333,0.06469126,0.6018519,0.125,0.1694607,0.16418667,0.21867007,0.19757357,0.12835515,0.038275167,19.137459
P29033 95 V M,P/LP,0.0,6.1710835,6.139699,1.0051117,216.0,2592.0,26.0,8.666667,5.8,22.226852,24.081512,-0.13155402,33.796295,61.574074,4.6296296,0.5,9.6,9.6,0.0,2.0,0.20485312,0.037171934,0.025699107,97.42079,0.507904,0.116627984,0.29583958,0.60298985,0.8956615,0.9314274,0.05537429,0.7453704,0.0631637,0.5833333,0.43055555,0.20485312,0.47479418,0.2135066,0.22398888,0.14236702,0.05237837,18.981802
P29033 143 R W,P/LP,0.0,6.1710835,6.139699,1.0051117,216.0,2592.0,38.0,13.333333,6.2,22.226852,24.081512,-1.3092377,33.796295,61.574074,4.6296296,0.5,12.0,12.0,0.0,4.0,0.13707079,0.018708235,0.010409041,97.42079,0.507904,0.116627984,0.29583958,0.60298985,0.8956615,0.9314274,0.0020796282,0.009259259,0.049937516,0.44444445,0.009259259,0.13707079,0.017831296,0.16879931,0.15856059,0.07016471,0.014093655,19.960678
P29033 143 R Q,P/LP,0.0,6.1710835,6.139699,1.0051117,216.0,2592.0,38.0,13.333333,6.2,22.226852,24.081512,-1.3092377,33.796295,61.574074,4.6296296,0.5,12.0,12.0,0.0,4.0,0.13707079,0.018708235,0.010409041,97.42079,0.507904,0.116627984,0.29583958,0.60298985,0.8956615,0.9314274,0.0020796282,0.009259259,0.049937516,0.44444445,0.009259259,0.13707079,0.017831296,0.16879931,0.15856059,0.07016471,0.014093655,19.960678
P29033 161 F S,P/LP,0.0,6.1710835,6.139699,1.0051117,216.0,2592.0,7.0,3.6666667,5.6,22.226852,24.081512,-0.15010661,33.796295,61.574074,4.6296296,1.0,66.8,66.8,0.0,0.0,0.2959764,0.013927876,0.016681373,97.42079,0.507904,0.116627984,0.29583958,0.60298985,0.8956615,0.9314274,0.040931,0.4537037,0.012124985,0.11574074,0.787037,0.2959764,0.35095352,0.040985,0.18516417,0.034167152,0.008666022,17.936165
P29033 163 M T,P/LP,0.0,6.1710835,6.139699,1.0051117,216.0,2592.0,18.0,9.0,10.2,22.226852,24.081512,-0.0055028684,33.796295,61.574074,4.6296296,1.0,15.4,15.4,0.0,1.0,0.2557052,0.017864656,0.018428432,97.42079,0.507904,0.116627984,0.29583958,0.60298985,0.8956615,0.9314274,0.050063655,0.6111111,0.048791878,0.4351852,0.6712963,0.2557052,0.42925936,0.16492681,0.1753508,0.04459156,0.010351094,18.770336
P29033 179 D N,P/LP,0.0,6.1710835,6.139699,1.0051117,216.0,2592.0,22.0,18.0,15.2,22.226852,24.081512,1.2847544,33.796295,61.574074,4.6296296,0.0,29.4,5.5,-23.9,3.0,0.18085921,0.050289527,0.031209387,97.42079,0.507904,0.116627984,0.29583958,0.60298985,0.8956615,0.9314274,0.055728283,0.7685185,0.09487657,0.8194444,0.22685185,0.18085921,0.47782943,0.3207028,0.18543006,0.10069674,0.025748625,19.54923
P29033 184 R Q,P/LP,0.0,6.1710835,6.139699,1.0051117,216.0,2592.0,37.0,16.666666,11.2,22.226852,24.081512,0.25932387,33.796295,61.574074,4.6296296,1.0,47.7,4.1,-43.6,2.0,0.17878474,0.036094356,0.02029695,97.42079,0.507904,0.116627984,0.29583958,0.60298985,0.8956615,0.9314274,0.0513806,0.625,0.058177482,0.5277778,0.2037037,0.17878474,0.4405512,0.19665213,0.1563887,0.076760754,0.014539784,19.895264
P29033 195 M T,P/LP,0.0,6.1710835,6.139699,1.0051117,216.0,2592.0,40.0,15.666667,8.6,22.226852,24.081512,-1.1131366,33.796295,61.574074,4.6296296,0.5,0.1,0.1,0.0,1.0,0.18165483,0.024610687,0.013815618,97.42079,0.507904,0.116627984,0.29583958,0.60298985,0.8956615,0.9314274,0.040130407,0.44907406,0.0041687023,0.032407407,0.2361111,0.18165483,0.34408897,0.01409109,0.123987645,0.017780488,0.0024678283,20.604496
P29033 197 A S,P/LP,0.0,6.1710835,6.139699,1.0051117,216.0,2592.0,20.0,11.333333,10.6,22.226852,24.081512,-0.8427267,33.796295,61.574074,4.6296296,0.5,44.8,44.8,0.0,3.0,0.18003078,0.021341508,0.012237136,97.42079,0.507904,0.116627984,0.29583958,0.60298985,0.8956615,0.9314274,0.03531534,0.37037036,0.013955142,0.125,0.21296297,0.18003078,0.3028033,0.047171317,0.14212109,0.017217698,0.002832455,19.857414
P29033 202 C F,P/LP,0.0,6.1710835,6.139699,1.0051117,216.0,2592.0,24.0,11.666667,5.0,22.226852,24.081512,-1.2416272,33.796295,61.574074,4.6296296,0.5,4.1,4.1,0.0,1.0,0.17080073,0.02018062,0.011495224,97.42079,0.507904,0.116627984,0.29583958,0.60298985,0.8956615,0.9314274,0.026512599,0.27314815,0.041316357,0.35185185,0.1388889,0.17080073,0.22732621,0.13965797,0.13025372,0.027553448,0.003893171,20.549871
P29033 205 L V,P/LP,0.0,6.1710835,6.139699,1.0051117,216.0,2592.0,30.0,13.333333,8.2,22.226852,24.081512,-0.8043255,33.796295,61.574074,4.6296296,0.5,16.2,16.2,0.0,2.0,0.15832838,0.02349983,0.011284929,97.42079,0.507904,0.116627984,0.29583958,0.60298985,0.8956615,0.9314274,0.021991247,0.2361111,0.05248977,0.4861111,0.06944445,0.15832838,0.18855892,0.17742646,0.14717445,0.03464718,0.005549762,19.748133
P29033 206 N S,P/LP,0.0,6.1710835,6.139699,1.0051117,216.0,2592.0,35.0,12.333333,6.8,22.226852,24.081512,-1.0630221,33.796295,61.574074,4.6296296,0.5,1.0,1.0,0.0,1.0,0.14635628,0.023386037,0.011833286,97.42079,0.507904,0.116627984,0.29583958,0.60298985,0.8956615,0.9314274,0.012453135,0.15277778,0.051086817,0.45833334,0.050925925,0.14635628,0.10677656,0.17268418,0.14304468,0.050951377,0.008040358,20.230059
P29033 216 R I,VUS,0.0,6.1710835,6.139699,1.0051117,216.0,2592.0,3.0,3.0,3.8,22.226852,24.081512,0.4466308,33.796295,61.574074,4.6296296,1.0,84.8,84.8,0.0,0.0,0.37625688,0.008683929,0.020391334,97.42079,0.507904,0.116627984,0.29583958,0.60298985,0.8956615,0.9314274,0.00878471,0.083333336,0.063876696,0.587963,0.8518519,0.37625688,0.07532249,0.21591668,0.41692755,0.018485185,0.020742426,15.022273
P29033 209 E D,VUS,0.0,6.1710835,6.139699,1.0051117,216.0,2592.0,35.0,12.666667,6.2,22.226852,24.081512,-0.53233826,33.796295,61.574074,4.6296296,0.5,5.3,5.3,0.0,1.0,0.1900342,0.019031579,0.014873925,97.42079,0.507904,0.116627984,0.29583958,0.60298985,0.8956615,0.9314274,0.009356893,0.097222224,0.056874484,0.5092593,0.31944445,0.1900342,0.08022854,0.19224772,0.1834986,0.049185358,0.011613518,18.398453
P29033 209 E G,VUS,0.0,6.1710835,6.139699,1.0051117,216.0,2592.0,35.0,12.666667,6.2,22.226852,24.081512,-0.53233826,33.796295,61.574074,4.6296296,0.5,5.3,5.3,0.0,1.0,0.1900342,0.019031579,0.014873925,97.42079,0.507904,0.116627984,0.29583958,0.60298985,0.8956615,0.9314274,0.009356893,0.097222224,0.056874484,0.5092593,0.31944445,0.1900342,0.08022854,0.19224772,0.1834986,0.049185358,0.011613518,18.398453
P29033 207 V L,VUS,0.0,6.1710835,6.139699,1.0051117,216.0,2592.0,22.0,10.666667,9.2,22.226852,24.081512,-0.64198625,33.796295,61.574074,4.6296296,0.5,43.0,43.0,0.0,2.0,0.17807126,0.018548628,0.013375847,97.42079,0.507904,0.116627984,0.29583958,0.60298985,0.8956615,0.9314274,0.0137719065,0.16666667,0.05300597,0.49074075,0.18518518,0.17807126,0.118084066,0.17917132,0.14628959,0.047780197,0.0077243145,19.953033
P29033 201 I M,VUS,0.0,6.1710835,6.139699,1.0051117,216.0,2592.0,22.0,8.333333,6.6,22.226852,24.081512,-0.86710864,33.796295,61.574074,4.6296296,0.5,46.4,46.4,0.0,2.0,0.17285925,0.019134302,0.011050236,97.42079,0.507904,0.116627984,0.29583958,0.60298985,0.8956615,0.9314274,0.027982492,0.2824074,0.033019647,0.27314815,0.15277778,0.17285925,0.23992948,0.11161336,0.13514674,0.017044151,0.002533173,20.233664
P29033 198 V G,VUS,0.0,6.1710835,6.139699,1.0051117,216.0,2592.0,27.0,11.0,6.6,22.226852,24.081512,-1.0914911,33.796295,61.574074,4.6296296,0.5,9.6,9.6,0.0,2.0,0.17765194,0.022315824,0.012516051,97.42079,0.507904,0.116627984,0.29583958,0.60298985,0.8956615,0.9314274,0.034996673,0.3611111,0.02027555,0.18055555,0.17592593,0.17765194,0.30007097,0.068535626,0.12817723,0.021872343,0.0029015345,20.380156
P29033 196 I M,VUS,0.0,6.1710835,6.139699,1.0051117,216.0,2592.0,27.0,14.666667,9.8,22.226852,24.081512,-0.9370295,33.796295,61.574074,4.6296296,0.5,14.8,14.8,0.0,3.0,0.18078,0.022712702,0.0130614685,97.42079,0.507904,0.116627984,0.29583958,0.60298985,0.8956615,0.9314274,0.03674,0.3935185,0.010041532,0.09259259,0.22222222,0.18078,0.31501874,0.03394249,0.13342226,0.0094401585,0.0016742157,20.238714
P29033 196 I S,VUS,0.0,6.1710835,6.139699,1.0051117,216.0,2592.0,27.0,14.666667,9.8,22.226852,24.081512,-0.9370295,33.796295,61.574074,4.6296296,0.5,14.8,14.8,0.0,3.0,0.18078,0.022712702,0.0130614685,97.42079,0.507904,0.116627984,0.29583958,0.60298985,0.8956615,0.9314274,0.03674,0.3935185,0.010041532,0.09259259,0.22222222,0.18078,0.31501874,0.03394249,0.13342226,0.0094401585,0.0016742157,20.238714
P29033 195 M I,VUS,0.0,6.1710835,6.139699,1.0051117,216.0,2592.0,40.0,15.666667,8.6,22.226852,24.081512,-1.1131366,33.796295,61.574074,4.6296296,0.5,0.1,0.1,0.0,1.0,0.18165483,0.024610687,0.013815618,97.42079,0.507904,0.116627984,0.29583958,0.60298985,0.8956615,0.9314274,0.040130407,0.44907406,0.0041687023,0.032407407,0.2361111,0.18165483,0.34408897,0.01409109,0.123987645,0.017780488,0.0024678283,20.604496
P29033 189 T N,VUS,0.0,6.1710835,6.139699,1.0051117,216.0,2592.0,31.0,16.0,13.6,22.226852,24.081512,-0.23658817,33.796295,61.574074,4.6296296,0.5,17.4,17.4,0.0,5.0,0.17652535,0.03431723,0.017846493,97.42079,0.507904,0.116627984,0.29583958,0.60298985,0.8956615,0.9314274,0.048388127,0.5601852,0.03566352,0.30092594,0.1712963,0.17652535,0.4148929,0.1205502,0.15481126,0.04158306,0.007816463,19.496492
P29033 187 E G,VUS,0.0,6.1710835,6.139699,1.0051117,216.0,2592.0,46.0,20.0,12.6,22.226852,24.081512,-0.0032168478,33.796295,61.574074,4.6296296,0.5,39.6,0.0,-39.6,1.0,0.18119787,0.03184809,0.017991384,97.42079,0.507904,0.116627984,0.29583958,0.60298985,0.8956615,0.9314274,0.04894965,0.5694444,0.04198099,0.37037036,0.23148148,0.18119787,0.4197076,0.14190458,0.15729655,0.07002591,0.013365404,19.634056
P29033 180 C F,VUS,1.0,6.1710835,6.139699,1.0051117,216.0,2592.0,26.0,20.333334,16.2,22.226852,24.081512,0.9177375,33.796295,61.574074,4.6296296,0.0,0.0,0.0,0.0,2.0,0.15861553,0.06293648,0.029563436,97.42079,0.507904,0.116627984,0.29583958,0.60298985,0.8956615,0.9314274,0.05564988,0.7592593,0.09105337,0.8009259,0.074074075,0.15861553,0.47715715,0.30777955,0.17673934,0.07209195,0.017437357,19.211351
P29033 180 C Y,VUS,1.0,6.1710835,6.139699,1.0051117,216.0,2592.0,26.0,20.333334,16.2,22.226852,24.081512,0.9177375,33.796295,61.574074,4.6296296,0.0,0.0,0.0,0.0,2.0,0.15861553,0.06293648,0.029563436,97.42079,0.507904,0.116627984,0.29583958,0.60298985,0.8956615,0.9314274,0.05564988,0.7592593,0.09105337,0.8009259,0.074074075,0.15861553,0.47715715,0.30777955,0.17673934,0.07209195,0.017437357,19.211351
P29033 179 D Y,VUS,0.0,6.1710835,6.139699,1.0051117,216.0,2592.0,22.0,18.0,15.2,22.226852,24.081512,1.2847544,33.796295,61.574074,4.6296296,0.0,29.4,5.5,-23.9,3.0,0.18085921,0.050289527,0.031209387,97.42079,0.507904,0.116627984,0.29583958,0.60298985,0.8956615,0.9314274,0.055728283,0.7685185,0.09487657,0.8194444,0.22685185,0.18085921,0.47782943,0.3207028,0.18543006,0.10069674,0.025748625,19.54923
P29033 178 V L,VUS,0.0,6.1710835,6.139699,1.0051117,216.0,2592.0,27.0,13.666667,13.2,22.226852,24.081512,1.3364062,33.796295,61.574074,4.6296296,0.0,7.1,4.7,-2.4,1.0,0.16489562,0.06198766,0.03164661,97.42079,0.507904,0.116627984,0.29583958,0.60298985,0.8956615,0.9314274,0.055024233,0.7222222,0.09657701,0.8240741,0.10185185,0.16489562,0.4717927,0.32645062,0.20632231,0.090625934,0.02847885,19.21033
P29033 177 T A,VUS,0.0,6.1710835,6.139699,1.0051117,216.0,2592.0,13.0,12.0,12.4,22.226852,24.081512,1.5049059,33.796295,61.574074,4.6296296,1.0,64.7,36.5,-28.2,0.0,0.20393902,0.04122238,0.03255479,97.42079,0.507904,0.116627984,0.29583958,0.60298985,0.8956615,0.9314274,0.055149063,0.7314815,0.098531105,0.8564815,0.4212963,0.20393902,0.47286302,0.33305588,0.24966319,0.07624879,0.036005966,17.837086
P29033 176 N S,VUS,0.0,6.1710835,6.139699,1.0051117,216.0,2592.0,23.0,12.0,10.0,22.226852,24.081512,1.8039707,33.796295,61.574074,4.6296296,1.0,89.6,30.3,-59.3,0.0,0.25390533,0.02614817,0.032374334,97.42079,0.507904,0.116627984,0.29583958,0.60298985,0.8956615,0.9314274,0.05470343,0.7175926,0.09852418,0.8518519,0.6666667,0.25390533,0.46904203,0.33303246,0.2688931,0.07376144,0.039077457,17.146257
P29033 173 P L,VUS,0.0,6.1710835,6.139699,1.0051117,216.0,2592.0,23.0,10.333333,9.0,22.226852,24.081512,1.38125,33.796295,61.574074,4.6296296,1.0,10.8,8.9,-1.9,0.0,0.25047204,0.027118381,0.032652944,97.42079,0.507904,0.116627984,0.29583958,0.60298985,0.8956615,0.9314274,0.053651065,0.6851852,0.098438896,0.8472222,0.6527778,0.25047204,0.46001878,0.33274418,0.19792938,0.0773665,0.020382741,18.341627
P29033 171 A V,VUS,0.0,6.1710835,6.139699,1.0051117,216.0,2592.0,24.0,7.3333335,9.6,22.226852,24.081512,1.037704,33.796295,61.574074,4.6296296,1.0,2.8,1.6,-1.2,2.0,0.21048103,0.03809963,0.031797558,97.42079,0.507904,0.116627984,0.29583958,0.60298985,0.8956615,0.9314274,0.053501736,0.6805556,0.09715645,0.837963,0.4722222,0.21048103,0.4587384,0.32840925,0.2215955,0.05673835,0.019253379,16.908566
P29033 169 C G,VUS,1.0,6.1710835,6.139699,1.0051117,216.0,2592.0,27.0,10.666667,9.6,22.226852,24.081512,0.944531,33.796295,61.574074,4.6296296,0.0,0.0,0.0,0.0,2.0,0.2031785,0.041008633,0.032181654,97.42079,0.507904,0.116627984,0.29583958,0.60298985,0.8956615,0.9314274,0.055624228,0.7546296,0.09855675,0.8611111,0.41666666,0.2031785,0.47693723,0.33314255,0.2108562,0.0659214,0.020904154,18.02131
P29033 169 C S,VUS,1.0,6.1710835,6.139699,1.0051117,216.0,2592.0,27.0,10.666667,9.6,22.226852,24.081512,0.944531,33.796295,61.574074,4.6296296,0.0,0.0,0.0,0.0,2.0,0.2031785,0.041008633,0.032181654,97.42079,0.507904,0.116627984,0.29583958,0.60298985,0.8956615,0.9314274,0.055624228,0.7546296,0.09855675,0.8611111,0.41666666,0.2031785,0.47693723,0.33314255,0.2108562,0.0659214,0.020904154,18.02131
P29033 168 K E,VUS,0.0,6.1710835,6.139699,1.0051117,216.0,2592.0,15.0,14.0,10.6,22.226852,24.081512,1.0993044,33.796295,61.574074,4.6296296,0.0,55.4,45.2,-10.2,2.0,0.2238508,0.03415105,0.03284788,97.42079,0.507904,0.116627984,0.29583958,0.60298985,0.8956615,0.9314274,0.05644721,0.8009259,0.098834075,0.8657407,0.5324074,0.2238508,0.48399368,0.33407998,0.2219688,0.07225165,0.026278326,17.535038
P29033 167 V G,VUS,0.0,6.1710835,6.139699,1.0051117,216.0,2592.0,20.0,10.666667,15.0,22.226852,24.081512,0.71007854,33.796295,61.574074,4.6296296,0.0,9.2,9.2,0.0,2.0,0.21759263,0.033466708,0.02966238,97.42079,0.507904,0.116627984,0.29583958,0.60298985,0.8956615,0.9314274,0.056106403,0.787037,0.09095481,0.7962963,0.49537036,0.21759263,0.48107153,0.3074464,0.19157615,0.07151357,0.019474443,18.548712
P29033 167 V A,VUS,0.0,6.1710835,6.139699,1.0051117,216.0,2592.0,20.0,10.666667,15.0,22.226852,24.081512,0.71007854,33.796295,61.574074,4.6296296,0.0,9.2,9.2,0.0,2.0,0.21759263,0.033466708,0.02966238,97.42079,0.507904,0.116627984,0.29583958,0.60298985,0.8956615,0.9314274,0.056106403,0.787037,0.09095481,0.7962963,0.49537036,0.21759263,0.48107153,0.3074464,0.19157615,0.07151357,0.019474443,18.548712
P29033 167 V M,VUS,0.0,6.1710835,6.139699,1.0051117,216.0,2592.0,20.0,10.666667,15.0,22.226852,24.081512,0.71007854,33.796295,61.574074,4.6296296,0.0,9.2,9.2,0.0,2.0,0.21759263,0.033466708,0.02966238,97.42079,0.507904,0.116627984,0.29583958,0.60298985,0.8956615,0.9314274,0.056106403,0.787037,0.09095481,0.7962963,0.49537036,0.21759263,0.48107153,0.3074464,0.19157615,0.07151357,0.019474443,18.548712
P29033 165 R Q,VUS,0.0,6.1710835,6.139699,1.0051117,216.0,2592.0,31.0,13.666667,13.8,22.226852,24.081512,0.7475593,33.796295,61.574074,4.6296296,1.0,75.3,29.0,-46.3,1.0,0.20816357,0.031620514,0.024370147,97.42079,0.507904,0.116627984,0.29583958,0.60298985,0.8956615,0.9314274,0.05420046,0.7037037,0.07531849,0.6666667,0.4537037,0.20816357,0.46472946,0.25459236,0.1871335,0.07681968,0.020396346,18.80458
P29033 164 Q E,VUS,0.0,6.1710835,6.139699,1.0051117,216.0,2592.0,11.0,14.666667,12.0,22.226852,24.081512,0.4458037,33.796295,61.574074,4.6296296,1.0,59.0,59.0,0.0,0.0,0.25735167,0.019816391,0.022407703,97.42079,0.507904,0.116627984,0.29583958,0.60298985,0.8956615,0.9314274,0.05338187,0.6712963,0.06846554,0.6203704,0.6805556,0.25735167,0.45771065,0.23142794,0.2102387,0.052053913,0.017514274,17.900297
P29033 161 F V,VUS,0.0,6.1710835,6.139699,1.0051117,216.0,2592.0,7.0,3.6666667,5.6,22.226852,24.081512,-0.15010661,33.796295,61.574074,4.6296296,1.0,66.8,66.8,0.0,0.0,0.2959764,0.013927876,0.016681373,97.42079,0.507904,0.116627984,0.29583958,0.60298985,0.8956615,0.9314274,0.040931,0.4537037,0.012124985,0.11574074,0.787037,0.2959764,0.35095352,0.040985,0.18516417,0.034167152,0.008666022,17.936165
P29033 157 M I,VUS,0.0,6.1710835,6.139699,1.0051117,216.0,2592.0,8.0,11.666667,5.0,22.226852,24.081512,-0.3875442,33.796295,61.574074,4.6296296,1.0,46.9,46.9,0.0,1.0,0.264285,0.014755834,0.015373162,97.42079,0.507904,0.116627984,0.29583958,0.60298985,0.8956615,0.9314274,0.032538865,0.3287037,0.0097730905,0.083333336,0.6944444,0.264285,0.27899703,0.033035103,0.21083696,0.028445939,0.00920469,16.971762
P29033 157 M T,VUS,0.0,6.1710835,6.139699,1.0051117,216.0,2592.0,8.0,11.666667,5.0,22.226852,24.081512,-0.3875442,33.796295,61.574074,4.6296296,1.0,46.9,46.9,0.0,1.0,0.264285,0.014755834,0.015373162,97.42079,0.507904,0.116627984,0.29583958,0.60298985,0.8956615,0.9314274,0.032538865,0.3287037,0.0097730905,0.083333336,0.6944444,0.264285,0.27899703,0.033035103,0.21083696,0.028445939,0.00920469,16.971762
P29033 155 Y C,VUS,0.0,6.1710835,6.139699,1.0051117,216.0,2592.0,17.0,13.666667,6.8,22.226852,24.081512,-0.5191399,33.796295,61.574074,4.6296296,0.5,51.6,51.6,0.0,1.0,0.22363895,0.02108729,0.015744088,97.42079,0.507904,0.116627984,0.29583958,0.60298985,0.8956615,0.9314274,0.032729097,0.33333334,0.01064319,0.10185185,0.5277778,0.22363895,0.28062814,0.03597622,0.16621144,0.031420488,0.006614753,18.536194
P29033 155 Y S,VUS,0.0,6.1710835,6.139699,1.0051117,216.0,2592.0,17.0,13.666667,6.8,22.226852,24.081512,-0.5191399,33.796295,61.574074,4.6296296,0.5,51.6,51.6,0.0,1.0,0.22363895,0.02108729,0.015744088,97.42079,0.507904,0.116627984,0.29583958,0.60298985,0.8956615,0.9314274,0.032729097,0.33333334,0.01064319,0.10185185,0.5277778,0.22363895,0.28062814,0.03597622,0.16621144,0.031420488,0.006614753,18.536194
P29033 151 M I,VUS,0.0,6.1710835,6.139699,1.0051117,216.0,2592.0,33.0,13.666667,7.2,22.226852,24.081512,-1.0583637,33.796295,61.574074,4.6296296,0.5,21.3,21.3,0.0,0.0,0.16509749,0.023421552,0.01152691,97.42079,0.507904,0.116627984,0.29583958,0.60298985,0.8956615,0.9314274,0.026375938,0.2638889,0.025420224,0.22222222,0.106481485,0.16509749,0.22615445,0.085925706,0.13526487,0.022912558,0.00380149,20.359922
P29033 151 M T,VUS,0.0,6.1710835,6.139699,1.0051117,216.0,2592.0,33.0,13.666667,7.2,22.226852,24.081512,-1.0583637,33.796295,61.574074,4.6296296,0.5,21.3,21.3,0.0,0.0,0.16509749,0.023421552,0.01152691,97.42079,0.507904,0.116627984,0.29583958,0.60298985,0.8956615,0.9314274,0.026375938,0.2638889,0.025420224,0.22222222,0.106481485,0.16509749,0.22615445,0.085925706,0.13526487,0.022912558,0.00380149,20.359922
P29033 151 M L,VUS,0.0,6.1710835,6.139699,1.0051117,216.0,2592.0,33.0,13.666667,7.2,22.226852,24.081512,-1.0583637,33.796295,61.574074,4.6296296,0.5,21.3,21.3,0.0,0.0,0.16509749,0.023421552,0.01152691,97.42079,0.507904,0.116627984,0.29583958,0.60298985,0.8956615,0.9314274,0.026375938,0.2638889,0.025420224,0.22222222,0.106481485,0.16509749,0.22615445,0.085925706,0.13526487,0.022912558,0.00380149,20.359922
P29033 150 F Y,VUS,0.0,6.1710835,6.139699,1.0051117,216.0,2592.0,35.0,14.666667,6.8,22.226852,24.081512,-1.3495319,33.796295,61.574074,4.6296296,0.5,16.4,13.2,-3.2,2.0,0.17641743,0.017975044,0.011223529,97.42079,0.507904,0.116627984,0.29583958,0.60298985,0.8956615,0.9314274,0.022248553,0.24074075,0.030055048,0.2638889,0.16666667,0.17641743,0.19076514,0.101592384,0.14516968,0.03341355,0.0061510694,20.109612
P29033 150 F I,VUS,0.0,6.1710835,6.139699,1.0051117,216.0,2592.0,35.0,14.666667,6.8,22.226852,24.081512,-1.3495319,33.796295,61.574074,4.6296296,0.5,16.4,13.2,-3.2,2.0,0.17641743,0.017975044,0.011223529,97.42079,0.507904,0.116627984,0.29583958,0.60298985,0.8956615,0.9314274,0.022248553,0.24074075,0.030055048,0.2638889,0.16666667,0.17641743,0.19076514,0.101592384,0.14516968,0.03341355,0.0061510694,20.109612
P29033 149 A S,VUS,0.0,6.1710835,6.139699,1.0051117,216.0,2592.0,20.0,10.333333,10.2,22.226852,24.081512,-1.1294075,33.796295,61.574074,4.6296296,0.5,40.8,40.8,0.0,3.0,0.19347659,0.014533497,0.011925111,97.42079,0.507904,0.116627984,0.29583958,0.60298985,0.8956615,0.9314274,0.020072533,0.21296297,0.033876237,0.2777778,0.3472222,0.19347659,0.17210734,0.1145088,0.14629288,0.06047714,0.01050557,20.1176
P29033 149 A T,VUS,0.0,6.1710835,6.139699,1.0051117,216.0,2592.0,20.0,10.333333,10.2,22.226852,24.081512,-1.1294075,33.796295,61.574074,4.6296296,0.5,40.8,40.8,0.0,3.0,0.19347659,0.014533497,0.011925111,97.42079,0.507904,0.116627984,0.29583958,0.60298985,0.8956615,0.9314274,0.020072533,0.21296297,0.033876237,0.2777778,0.3472222,0.19347659,0.17210734,0.1145088,0.14629288,0.06047714,0.01050557,20.1176
P29033 142 F S,VUS,0.0,6.1710835,6.139699,1.0051117,216.0,2592.0,26.0,10.0,9.0,22.226852,24.081512,-0.99202436,33.796295,61.574074,4.6296296,0.5,52.1,52.1,0.0,3.0,0.16474359,0.014233408,0.011823543,97.42079,0.507904,0.116627984,0.29583958,0.60298985,0.8956615,0.9314274,0.0036058356,0.018518519,0.050919317,0.4537037,0.097222224,0.16474359,0.030917412,0.17211801,0.16304633,0.09954169,0.020101978,19.863455
P29033 138 S G,VUS,0.0,6.1710835,6.139699,1.0051117,216.0,2592.0,23.0,11.666667,6.6,22.226852,24.081512,-0.58745646,33.796295,61.574074,4.6296296,0.5,47.8,47.8,0.0,2.0,0.19445276,0.017616732,0.016476454,97.42079,0.507904,0.116627984,0.29583958,0.60298985,0.8956615,0.9314274,0.024467269,0.25,0.045742866,0.41203704,0.3611111,0.19445276,0.20978901,0.15462051,0.18260317,0.124145135,0.028611192,19.024984
P29033 129 E K,VUS,0.0,6.1710835,6.139699,1.0051117,216.0,2592.0,16.0,7.3333335,2.0,22.226852,24.081512,0.4293892,33.796295,61.574074,4.6296296,0.5,68.5,68.5,0.0,0.0,0.288241,0.041781962,0.042699546,97.42079,0.507904,0.116627984,0.29583958,0.60298985,0.8956615,0.9314274,0.0881536,0.8611111,0.001781211,0.0046296297,0.7685185,0.288241,0.75585294,0.006020868,0.34981263,0.055369712,0.044657074,16.639345
P29033 126 V I,VUS,0.0,6.1710835,6.139699,1.0051117,216.0,2592.0,13.0,3.3333333,2.4,22.226852,24.081512,0.91146445,33.796295,61.574074,4.6296296,1.0,75.0,75.0,0.0,0.0,0.37437108,0.03681914,0.05458413,97.42079,0.507904,0.116627984,0.29583958,0.60298985,0.8956615,0.9314274,0.11285269,0.8935185,0.027869401,0.24074075,0.8472222,0.37437108,0.9676296,0.09420444,0.73989236,0.012853099,0.039828185,14.386243
P29033 125 K Q,VUS,0.0,6.1710835,6.139699,1.0051117,216.0,2592.0,13.0,2.6666667,1.4,22.226852,24.081512,0.8509574,33.796295,61.574074,4.6296296,1.0,47.7,47.7,0.0,0.0,0.39191312,0.038091872,0.05844234,97.42079,0.507904,0.116627984,0.29583958,0.60298985,0.8956615,0.9314274,0.121967606,0.9027778,0.038362823,0.3287037,0.8657407,0.39191312,1.0457833,0.1296744,0.5457675,0.025101837,0.046310272,16.066782
P29033 121 I T,VUS,0.0,6.1710835,6.139699,1.0051117,216.0,2592.0,15.0,2.0,0.4,22.226852,24.081512,1.682744,33.796295,61.574074,4.6296296,1.0,25.5,25.5,0.0,1.0,0.50772214,0.042002823,0.083201215,97.42079,0.507904,0.116627984,0.29583958,0.60298985,0.8956615,0.9314274,0.17581569,0.9537037,0.1005573,0.8703704,0.9305556,0.50772214,1.5074914,0.33990481,1.1311244,0.0043290043,0.06830619,14.171967
P29033 118 I T,VUS,0.0,6.1710835,6.139699,1.0051117,216.0,2592.0,28.0,4.0,0.0,22.226852,24.081512,2.0663652,33.796295,61.574074,4.6296296,1.0,16.5,16.5,0.0,0.0,0.5694352,0.04137442,0.09518992,97.42079,0.507904,0.116627984,0.29583958,0.60298985,0.8956615,0.9314274,0.19754891,0.9814815,0.121838436,0.9398148,0.9537037,0.5694352,1.693838,0.41183954,1.8354882,0.017601578,0.5682732,12.278605
P29033 117 D V,VUS,0.0,6.1710835,6.139699,1.0051117,216.0,2592.0,14.0,4.0,0.0,22.226852,24.081512,2.1626732,33.796295,61.574074,4.6296296,1.0,52.9,52.9,0.0,1.0,0.5694352,0.04137442,0.09518992,97.42079,0.507904,0.116627984,0.29583958,0.60298985,0.8956615,0.9314274,0.19754891,0.9768519,0.121838436,0.9444444,0.9490741,0.5694352,1.693838,0.41183954,1.9296031,0.02171176,0.7510212,12.482445
P29033 117 D G,VUS,0.0,6.1710835,6.139699,1.0051117,216.0,2592.0,14.0,4.0,0.0,22.226852,24.081512,2.1626732,33.796295,61.574074,4.6296296,1.0,52.9,52.9,0.0,1.0,0.5694352,0.04137442,0.09518992,97.42079,0.507904,0.116627984,0.29583958,0.60298985,0.8956615,0.9314274,0.19754891,0.9768519,0.121838436,0.9444444,0.9490741,0.5694352,1.693838,0.41183954,1.9296031,0.02171176,0.7510212,12.482445
P29033 106 F S,VUS,0.0,6.1710835,6.139699,1.0051117,216.0,2592.0,11.0,4.3333335,0.4,22.226852,24.081512,1.3654243,33.796295,61.574074,4.6296296,1.0,72.7,72.7,0.0,0.0,0.41516307,0.040342074,0.066638514,97.42079,0.507904,0.116627984,0.29583958,0.60298985,0.8956615,0.9314274,0.12974828,0.912037,0.017771017,0.14814815,0.8935185,0.41516307,1.1124971,0.060069777,0.7450036,0.0055464725,0.036921307,14.987939
P29033 104 R S,VUS,0.0,6.1710835,6.139699,1.0051117,216.0,2592.0,10.0,4.3333335,2.0,22.226852,24.081512,1.2162915,33.796295,61.574074,4.6296296,0.5,59.3,47.0,-12.3,1.0,0.3780937,0.040703896,0.059490032,97.42079,0.507904,0.116627984,0.29583958,0.60298985,0.8956615,0.9314274,0.115835205,0.8981481,0.030528348,0.2685185,0.8564815,0.3780937,0.9932025,0.10319224,0.5385548,0.02435865,0.03532203,14.567069
P29033 103 K R,VUS,0.0,6.1710835,6.139699,1.0051117,216.0,2592.0,20.0,5.0,3.2,22.226852,24.081512,0.94687414,33.796295,61.574074,4.6296296,0.5,52.9,52.9,0.0,1.0,0.36129275,0.040568106,0.056119986,97.42079,0.507904,0.116627984,0.29583958,0.60298985,0.8956615,0.9314274,0.10926121,0.8888889,0.03627918,0.3101852,0.837963,0.36129275,0.9368352,0.12263126,0.44332865,0.0270363,0.027300935,15.851915
P29033 102 K N,VUS,0.0,6.1710835,6.139699,1.0051117,216.0,2592.0,21.0,9.0,2.2,22.226852,24.081512,0.7637981,33.796295,61.574074,4.6296296,0.5,35.3,35.3,0.0,1.0,0.34315336,0.04069086,0.052690558,97.42079,0.507904,0.116627984,0.29583958,0.60298985,0.8956615,0.9314274,0.10304688,0.8796296,0.04090454,0.3472222,0.8287037,0.34315336,0.8835519,0.13826595,0.4257277,0.037155494,0.043353625,16.473217
P29033 98 R G,VUS,0.0,6.1710835,6.139699,1.0051117,216.0,2592.0,24.0,10.333333,4.0,22.226852,24.081512,0.27895877,33.796295,61.574074,4.6296296,0.5,44.9,29.6,-15.3,3.0,0.2776894,0.03640465,0.037773073,97.42079,0.507904,0.116627984,0.29583958,0.60298985,0.8956615,0.9314274,0.075256534,0.8425926,0.058405768,0.5416667,0.7268519,0.2776894,0.64527,0.19742379,0.29733455,0.09342081,0.061973672,17.569687
P29033 96 A G,VUS,0.0,6.1710835,6.139699,1.0051117,216.0,2592.0,13.0,9.333333,6.2,22.226852,24.081512,0.007047548,33.796295,61.574074,4.6296296,0.5,39.6,39.6,0.0,1.0,0.24674106,0.03275171,0.030620303,97.42079,0.507904,0.116627984,0.29583958,0.60298985,0.8956615,0.9314274,0.06080251,0.8240741,0.066444576,0.6111111,0.6481481,0.24674106,0.5213372,0.22459663,0.24975474,0.12929021,0.05775331,17.919575
P29033 95 V A,VUS,0.0,6.1710835,6.139699,1.0051117,216.0,2592.0,26.0,8.666667,5.8,22.226852,24.081512,-0.13155402,33.796295,61.574074,4.6296296,0.5,9.6,9.6,0.0,2.0,0.20485312,0.037171934,0.025699107,97.42079,0.507904,0.116627984,0.29583958,0.60298985,0.8956615,0.9314274,0.05537429,0.7453704,0.0631637,0.5833333,0.43055555,0.20485312,0.47479418,0.2135066,0.22398888,0.14236702,0.05237837,18.981802
P29033 94 H Q,VUS,0.0,6.1710835,6.139699,1.0051117,216.0,2592.0,31.0,11.0,5.8,22.226852,24.081512,-0.21629137,33.796295,61.574074,4.6296296,0.5,21.9,9.0,-12.9,5.0,0.21902381,0.027759036,0.023829298,97.42079,0.507904,0.116627984,0.29583958,0.60298985,0.8956615,0.9314274,0.04692533,0.537037,0.069136314,0.625,0.5092593,0.21902381,0.4023505,0.23369528,0.21617621,0.14688186,0.052482612,19.155582
P29033 94 H L,VUS,0.0,6.1710835,6.139699,1.0051117,216.0,2592.0,31.0,11.0,5.8,22.226852,24.081512,-0.21629137,33.796295,61.574074,4.6296296,0.5,21.9,9.0,-12.9,5.0,0.21902381,0.027759036,0.023829298,97.42079,0.507904,0.116627984,0.29583958,0.60298985,0.8956615,0.9314274,0.04692533,0.537037,0.069136314,0.625,0.5092593,0.21902381,0.4023505,0.23369528,0.21617621,0.14688186,0.052482612,19.155582
P29033 94 H Y,VUS,0.0,6.1710835,6.139699,1.0051117,216.0,2592.0,31.0,11.0,5.8,22.226852,24.081512,-0.21629137,33.796295,61.574074,4.6296296,0.5,21.9,9.0,-12.9,5.0,0.21902381,0.027759036,0.023829298,97.42079,0.507904,0.116627984,0.29583958,0.60298985,0.8956615,0.9314274,0.04692533,0.537037,0.069136314,0.625,0.5092593,0.21902381,0.4023505,0.23369528,0.21617621,0.14688186,0.052482612,19.155582
P29033 89 L F,VUS,0.0,6.1710835,6.139699,1.0051117,216.0,2592.0,27.0,10.0,8.4,22.226852,24.081512,-0.991237,33.796295,61.574074,4.6296296,0.5,31.5,23.3,-8.2,2.0,0.15231773,0.027351411,0.0140020205,97.42079,0.507904,0.116627984,0.29583958,0.60298985,0.8956615,0.9314274,0.015918484,0.18981482,0.08100397,0.7222222,0.055555556,0.15231773,0.13648939,0.27381048,0.16620675,0.15764102,0.0326986,19.9759
P29033 87 P L,VUS,0.0,6.1710835,6.139699,1.0051117,216.0,2592.0,32.0,9.666667,7.0,22.226852,24.081512,-1.2491432,33.796295,61.574074,4.6296296,0.5,4.5,4.5,0.0,1.0,0.13641426,0.017193275,0.009282126,97.42079,0.507904,0.116627984,0.29583958,0.60298985,0.8956615,0.9314274,0.007500793,0.060185187,0.05748113,0.5138889,0.0046296297,0.13641426,0.06431384,0.19429831,0.16621146,0.11841954,0.02578313,19.92237
P29033 79 L R,VUS,0.0,6.1710835,6.139699,1.0051117,216.0,2592.0,33.0,14.333333,14.0,22.226852,24.081512,-1.3594453,33.796295,61.574074,4.6296296,0.5,38.0,1.3,-36.7,2.0,0.17873804,0.014751478,0.008926839,97.42079,0.507904,0.116627984,0.29583958,0.60298985,0.8956615,0.9314274,0.023990322,0.24537037,0.011986554,0.11111111,0.19907407,0.17873804,0.20569953,0.040517073,0.13376461,0.052005436,0.00827392,20.475946
P29033 78 A V,VUS,0.0,6.1710835,6.139699,1.0051117,216.0,2592.0,25.0,19.0,13.0,22.226852,24.081512,-1.374758,33.796295,61.574074,4.6296296,0.5,27.1,8.2,-18.9,1.0,0.20216471,0.0137556465,0.010599877,97.42079,0.507904,0.116627984,0.29583958,0.60298985,0.8956615,0.9314274,0.027063046,0.2777778,0.0082372,0.055555556,0.39814815,0.20216471,0.23204589,0.027843468,0.13788822,0.035035405,0.0063294745,20.099728
P29033 76 L V,VUS,0.0,6.1710835,6.139699,1.0051117,216.0,2592.0,35.0,24.333334,13.8,22.226852,24.081512,-1.1336092,33.796295,61.574074,4.6296296,0.5,4.1,4.1,0.0,3.0,0.19392624,0.018227192,0.011684491,97.42079,0.507904,0.116627984,0.29583958,0.60298985,0.8956615,0.9314274,0.03224536,0.31944445,0.008305344,0.060185187,0.3564815,0.19392624,0.2764805,0.02807381,0.12101627,0.018947236,0.0029283816,20.556282
P29033 72 S F,VUS,0.0,6.1710835,6.139699,1.0051117,216.0,2592.0,29.0,15.333333,11.2,22.226852,24.081512,-0.59768003,33.796295,61.574074,4.6296296,1.0,5.4,0.0,-5.4,2.0,0.21274614,0.018836854,0.013996644,97.42079,0.507904,0.116627984,0.29583958,0.60298985,0.8956615,0.9314274,0.03850632,0.43055555,0.03401037,0.2824074,0.4814815,0.21274614,0.33016366,0.114962205,0.12334344,0.006875817,0.0011357873,20.367214
P29033 69 F L,VUS,0.0,6.1710835,6.139699,1.0051117,216.0,2592.0,23.0,12.333333,8.4,22.226852,24.081512,-0.07756673,33.796295,61.574074,4.6296296,1.0,8.1,6.0,-2.1,2.0,0.24329244,0.020155095,0.02124046,97.42079,0.507904,0.116627984,0.29583958,0.60298985,0.8956615,0.9314274,0.045278445,0.5046296,0.06569207,0.6064815,0.6342593,0.24329244,0.38822967,0.22205302,0.13348491,0.027809894,0.0034550151,20.152956
P29033 68 Y C,VUS,0.0,6.1710835,6.139699,1.0051117,216.0,2592.0,21.0,8.0,9.2,22.226852,24.081512,0.3349434,33.796295,61.574074,4.6296296,1.0,26.6,26.6,0.0,1.0,0.27837747,0.017639125,0.025498867,97.42079,0.507904,0.116627984,0.29583958,0.60298985,0.8956615,0.9314274,0.048131157,0.5509259,0.07798911,0.6851852,0.7361111,0.27837747,0.4126896,0.2636196,0.15601037,0.045527846,0.0077701546,19.646156
P29033 62 N S,VUS,0.0,6.1710835,6.139699,1.0051117,216.0,2592.0,28.0,15.0,12.0,22.226852,24.081512,0.76131886,33.796295,61.574074,4.6296296,0.5,65.0,1.7,-63.3,1.0,0.17850004,0.04020412,0.023712559,97.42079,0.507904,0.116627984,0.29583958,0.60298985,0.8956615,0.9314274,0.04745274,0.5462963,0.07744978,0.6805556,0.19444445,0.17850004,0.40687266,0.26179656,0.15302126,0.030897744,0.004697787,19.579584
P29033 60 C R,VUS,1.0,6.1710835,6.139699,1.0051117,216.0,2592.0,31.0,12.666667,11.2,22.226852,24.081512,1.1542865,33.796295,61.574074,4.6296296,0.5,0.1,0.1,0.0,2.0,0.18644057,0.04627225,0.03031544,97.42079,0.507904,0.116627984,0.29583958,0.60298985,0.8956615,0.9314274,0.052097507,0.6574074,0.09282155,0.8101852,0.29166666,0.18644057,0.44669816,0.31375638,0.17127813,0.05868645,0.012230509,19.621305
P29033 43 V A,VUS,0.0,6.1710835,6.139699,1.0051117,216.0,2592.0,23.0,17.0,7.6,22.226852,24.081512,-0.18056068,33.796295,61.574074,4.6296296,0.5,2.5,0.0,-2.5,1.0,0.21877855,0.027704356,0.021481527,97.42079,0.507904,0.116627984,0.29583958,0.60298985,0.8956615,0.9314274,0.052824464,0.6666667,0.044179015,0.3935185,0.5046296,0.21877855,0.45293128,0.14933436,0.15140796,0.04967326,0.009360769,19.6194
P29033 40 A T,VUS,0.0,6.1710835,6.139699,1.0051117,216.0,2592.0,21.0,7.0,4.8,22.226852,24.081512,-0.5617389,33.796295,61.574074,4.6296296,0.5,17.3,6.8,-10.5,2.0,0.20464769,0.029215839,0.019335171,97.42079,0.507904,0.116627984,0.29583958,0.60298985,0.8956615,0.9314274,0.04945547,0.5833333,0.026470281,0.22685185,0.42592594,0.20464769,0.4240446,0.08947512,0.15961224,0.03270624,0.007463788,18.895721
P29033 25 L F,VUS,0.0,6.1710835,6.139699,1.0051117,216.0,2592.0,31.0,11.0,6.4,22.226852,24.081512,-1.0649981,33.796295,61.574074,4.6296296,0.5,9.0,9.0,0.0,1.0,0.20180832,0.030683372,0.016549708,97.42079,0.507904,0.116627984,0.29583958,0.60298985,0.8956615,0.9314274,0.035989713,0.3888889,0.060268134,0.5694444,0.3935185,0.20180832,0.30858558,0.20371898,0.14521182,0.06903948,0.010413363,19.725718
P29033 24 W C,VUS,0.0,6.1710835,6.139699,1.0051117,216.0,2592.0,26.0,13.333333,9.4,22.226852,24.081512,-0.49946526,33.796295,61.574074,4.6296296,0.5,61.2,49.9,-11.3,1.0,0.2607784,0.022859415,0.020183705,97.42079,0.507904,0.116627984,0.29583958,0.60298985,0.8956615,0.9314274,0.037894014,0.4074074,0.06757157,0.6157407,0.6898148,0.2607784,0.32491353,0.22840613,0.16852021,0.066593006,0.012574364,18.69399
P29033 23 I M,VUS,0.0,6.1710835,6.139699,1.0051117,216.0,2592.0,23.0,14.0,9.0,22.226852,24.081512,-0.48519388,33.796295,61.574074,4.6296296,0.5,68.3,10.0,-58.3,2.0,0.28402033,0.019468041,0.02032936,97.42079,0.507904,0.116627984,0.29583958,0.60298985,0.8956615,0.9314274,0.03749333,0.4027778,0.07020066,0.6342593,0.7546296,0.28402033,0.32147798,0.23729299,0.17214182,0.092456475,0.018380487,18.991257
P29033 19 S I,VUS,0.0,6.1710835,6.139699,1.0051117,216.0,2592.0,12.0,4.3333335,3.2,22.226852,24.081512,-0.09559847,33.796295,61.574074,4.6296296,1.0,28.0,28.0,0.0,0.0,0.39982414,0.011956528,0.019482175,97.42079,0.507904,0.116627984,0.29583958,0.60298985,0.8956615,0.9314274,0.03355836,0.3425926,0.09693611,0.8333333,0.8796296,0.39982414,0.2877385,0.32766443,0.22193295,0.045385446,0.01407987,16.804728
P29033 18 T S,VUS,0.0,6.1710835,6.139699,1.0051117,216.0,2592.0,2.0,4.6666665,4.2,22.226852,24.081512,0.1910806,33.796295,61.574074,4.6296296,1.0,100.0,86.9,-13.1,0.0,0.5704085,0.006020373,0.019789403,97.42079,0.507904,0.116627984,0.29583958,0.60298985,0.8956615,0.9314274,0.032811187,0.33796296,0.10707733,0.8842593,0.9583333,0.5704085,0.28133202,0.3619439,0.26259,0.046877883,0.020653438,16.324636
P29033 17 S C,VUS,0.0,6.1710835,6.139699,1.0051117,216.0,2592.0,10.0,6.0,4.4,22.226852,24.081512,-0.08010012,33.796295,61.574074,4.6296296,1.0,45.1,30.0,-15.1,0.0,0.40284407,0.011306165,0.015446965,97.42079,0.507904,0.116627984,0.29583958,0.60298985,0.8956615,0.9314274,0.026044719,0.25925925,0.11413032,0.912037,0.8842593,0.40284407,0.22331448,0.3857845,0.22422914,0.07979992,0.025037969,17.249231
P29033 16 H P,VUS,0.0,6.1710835,6.139699,1.0051117,216.0,2592.0,17.0,7.0,4.6,22.226852,24.081512,-0.2238315,33.796295,61.574074,4.6296296,1.0,28.5,20.4,-8.1,1.0,0.5841027,0.0050315936,0.015259433,97.42079,0.507904,0.116627984,0.29583958,0.60298985,0.8956615,0.9314274,0.01357837,0.16203703,0.13550027,0.9907407,0.9675926,0.5841027,0.116424635,0.45801944,0.20993581,0.11626187,0.031029144,17.840267
P29033 13 V G,VUS,0.0,6.1710835,6.139699,1.0051117,216.0,2592.0,8.0,3.0,3.2,22.226852,24.081512,-0.28160235,33.796295,61.574074,4.6296296,1.0,40.8,38.0,-2.8,1.0,0.26960492,0.01777795,0.018586028,97.42079,0.507904,0.116627984,0.29583958,0.60298985,0.8956615,0.9314274,0.009701917,0.11111111,0.12156391,0.9351852,0.7083333,0.26960492,0.083186865,0.41091162,0.23825186,0.1059039,0.040026132,17.191545
P29033 5 T M,VUS,0.0,6.1710835,6.139699,1.0051117,216.0,2592.0,20.0,5.3333335,4.2,22.226852,24.081512,-0.43691322,33.796295,61.574074,4.6296296,0.5,68.2,29.1,-39.1,0.0,0.29871577,0.018663833,0.020340629,97.42079,0.507904,0.116627984,0.29583958,0.60298985,0.8956615,0.9314274,0.0052093035,0.037037037,0.118936315,0.9212963,0.7962963,0.29871577,0.04466598,0.40202975,0.28258398,0.069282554,0.040012456,15.884572
