SAV_coords,PDB_coords,labels,entropy_v,rmsf_overall,eig_first,eig_sec,SEG_all,SEG_20,eig5_eig1,rank_1,rank_2,vector_1,vector_2,GNM_co,co_rank,eig_vv_1,eig_vv_2,ca_len,gyradius,RPA_1,RPA_2,RPA_3,loop_percent,helix_percent,sheet_percent,side_chain_length,IDRs,dssp_result,Dcom,philic_percent,phobic_percent,contact_per_res,polarity,charge,pka_charge,sasa,ssbond_matrix,h_bond_group,atomic_1,atomic_3,atomic_5,delta_gyradius,delta_side_chain_length,delta_sasa,delta_phobic_percent,delta_philic_percent,delta_contact_per_res,delta_polarity,delta_charge,delta_pka_charge,delta_ssbond_matrix,delta_h_bond_group
P29033 217 Y D,2ZW3 A 217 Y,0.0,613.6333916861283,0.5872660790433031,0.021519999661861,0.031732458944813,0.9267788720673352,0.929749627527954,0.6357184106615761,0.8955453149001531,0.153609831029185,0.03901626850838,0.005282010400907,0.92887293374399,0.998463901689708,1.813023658059219,0.166454494122047,1302,35.53753990624603,0.8938011563567271,0.972648977831844,0.918934967010525,31.029185867895546,64.43932411674348,4.531490015360983,4,0.226525842410359,1.0,1.368981228475603,46.54377880184332,53.45622119815668,56.12826420890937,13.0,1,-1.0,129.6,0,0.0,2,24.0,10.4,-0.0005799978535989,-4,20.39999999999999,0.0,0.0,-0.0115207373271886,6.8,1,-1.0,0,0.0
P29033 215 I M,2ZW3 A 215 I,0.0,613.6333916861283,0.5872660790433031,0.021519999661861,0.031732458944813,0.9267788720673352,0.929749627527954,0.6357184106615761,0.88863287250384,0.158218125960061,0.038612901200363,0.005398730072007,0.556818281471908,0.9231950844854072,1.794279823749026,0.170132736369306,1302,35.53768146198049,0.8938011563567271,0.972648977831844,0.918934967010525,31.029185867895546,64.43932411674348,4.531490015360983,4,0.247239471771923,0.5,1.6370236394509652,46.54377880184332,53.45622119815668,56.1321044546851,5.7,0,0.0,70.8,0,1.0,16,8.666666666666666,11.6,-0.0004384421191403,0,-10.900000000000006,0.0,0.0,-0.0076804915514614,0.5,0,0.0,0,1.0
P29033 214 L V,2ZW3 A 214 L,0.0,613.6333916861283,0.5872660790433031,0.021519999661861,0.031732458944813,0.9267788720673352,0.929749627527954,0.6357184106615761,0.8847926267281101,0.155145929339477,0.038511502558193,0.005322919425902,0.499472567046348,0.884024577572964,1.78956799086043,0.167743679591902,1302,35.53908888024408,0.8938011563567271,0.972648977831844,0.918934967010525,31.029185867895546,64.43932411674348,4.531490015360983,3,0.19631264474023,0.5,1.455281875367129,46.54377880184332,53.45622119815668,56.1036866359447,5.9,0,0.0,74.2,0,1.0,13,20.33333333333333,10.0,0.0009689761444491,-1,8.100000000000009,0.0,0.0,-0.0360983102918623,1.0,0,0.0,0,1.0
P29033 210 L V,2ZW3 A 210 L,0.0,613.6333916861283,0.5872660790433031,0.021519999661861,0.031732458944813,0.9267788720673352,0.929749627527954,0.6357184106615761,0.865591397849462,0.135944700460829,0.037905292803922,0.004870461207482,0.315032681741545,0.538402457757296,1.761398392171005,0.153485149573583,1302,35.5382171257732,0.8938011563567271,0.972648977831844,0.918934967010525,31.029185867895546,64.43932411674348,4.531490015360983,3,0.240934477438937,0.5,0.7952176423296471,46.54377880184332,53.45622119815668,56.076036866359445,5.9,0,0.0,12.5,0,1.0,52,23.0,12.8,9.722167357040234e-05,-1,-0.6999999999999993,0.0,0.0,-0.063748079877115,1.0,0,0.0,0,0.0
P29033 203 I T,2ZW3 A 203 I,0.0,613.6333916861283,0.5872660790433031,0.021519999661861,0.031732458944813,0.9267788720673352,0.929749627527954,0.6357184106615761,0.824116743471582,0.217357910906297,0.03640822604589,0.007446554075938,0.262744703937061,0.254224270353302,1.691832091912854,0.234666783588655,1302,35.53834454225191,0.8938011563567271,0.972648977831844,0.918934967010525,31.029185867895546,64.43932411674348,4.531490015360983,3,0.311356159147558,0.5,0.221755305418809,46.62058371735791,53.37941628264209,56.08064516129032,8.6,0,0.0,26.2,0,3.0,45,25.0,15.4,0.0002246381522823,-1,4.699999999999999,-0.0768049155145931,0.0768049155145931,-0.0591397849462396,3.3999999999999995,0,0.0,0,1.0
P29033 197 A T,2ZW3 A 197 A,0.0,613.6333916861283,0.5872660790433031,0.021519999661861,0.031732458944813,0.9267788720673352,0.929749627527954,0.6357184106615761,0.767281105990783,0.284178187403993,0.034473764717963,0.011024918821086,0.289362025998057,0.415514592933947,1.6019407648532482,0.347433485701824,1302,35.5382371893382,0.8938011563567271,0.972648977831844,0.918934967010525,31.029185867895546,64.43932411674348,4.531490015360983,3,0.336906422655744,0.5,-0.113733861071673,46.62058371735791,53.37941628264209,56.12980030721966,8.6,0,0.0,53.5,0,2.0,34,37.66666666666666,28.6,0.0001172852385664,2,4.100000000000001,-0.0768049155145931,0.0768049155145931,-0.0099846390168991,0.5,0,0.0,0,1.0
P29033 170 N K,2ZW3 A 170 N,0.0,613.6333916861283,0.5872660790433031,0.021519999661861,0.031732458944813,0.9267788720673352,0.929749627527954,0.6357184106615761,0.5468509984639011,0.116743471582181,0.028291880466347,0.004266615781467,0.343871096231748,0.636712749615975,1.314678480989385,0.134455882819795,1302,35.53888069347415,0.8938011563567271,0.972648977831844,0.918934967010525,31.029185867895546,64.43932411674348,4.531490015360983,5,0.431740188316909,1.0,1.308814506722212,46.54377880184332,53.45622119815668,56.12442396313364,11.3,1,1.0,78.0,0,0.0,16,18.666666666666668,11.0,0.0007607893745174,1,5.0,0.0,0.0,-0.0153609831029228,-0.2999999999999989,1,1.0,0,-1.0
P29033 170 N S,2ZW3 A 170 N,0.0,613.6333916861283,0.5872660790433031,0.021519999661861,0.031732458944813,0.9267788720673352,0.929749627527954,0.6357184106615761,0.5468509984639011,0.116743471582181,0.028291880466347,0.004266615781467,0.343871096231748,0.636712749615975,1.314678480989385,0.134455882819795,1302,35.53775090131367,0.8938011563567271,0.972648977831844,0.918934967010525,31.029185867895546,64.43932411674348,4.531490015360983,2,0.4463920584362,1.0,1.190330200175217,46.54377880184332,53.45622119815668,56.12135176651306,9.2,0,0.0,78.7,0,0.0,15,18.33333333333333,11.0,-0.000369002785959,-2,5.700000000000003,0.0,0.0,-0.0184331797235017,-2.4000000000000004,0,0.0,0,-1.0
P29033 168 K R,2ZW3 A 168 K,0.0,613.6333916861283,0.5872660790433031,0.021519999661861,0.031732458944813,0.9267788720673352,0.929749627527954,0.6357184106615761,0.573732718894009,0.2073732718894,0.028813171273448,0.0069419302707,0.321305445008136,0.559907834101382,1.338902031885856,0.218764334739194,1302,35.53842077499269,0.8938011563567271,0.972648977831844,0.918934967010525,31.029185867895546,64.43932411674348,4.531490015360983,7,0.384893835072079,0.0,1.20543041431201,46.54377880184332,53.45622119815668,56.11059907834101,10.5,1,1.0,59.8,0,0.0,22,26.33333333333333,18.4,0.0003008708930565,2,6.199999999999996,0.0,0.0,-0.0291858678955492,-0.8000000000000007,0,0.0,0,-1.0
P29033 156 V I,2ZW3 A 156 V,0.0,613.6333916861283,0.5872660790433031,0.021519999661861,0.031732458944813,0.9267788720673352,0.929749627527954,0.6357184106615761,0.776497695852534,0.188940092165898,0.034858693555728,0.006368591428276,0.365827378570909,0.693548387096774,1.619827792911491,0.200696436395046,1302,35.537954722465194,0.8938011563567271,0.972648977831844,0.918934967010525,31.029185867895546,64.43932411674348,4.531490015360983,4,0.177938123764707,0.5,0.472091613384614,46.54377880184332,53.45622119815668,56.12288786482335,5.2,0,0.0,47.3,0,1.0,32,18.666666666666668,20.6,-0.0001651816344363,1,-6.0,0.0,0.0,-0.0168970814132123,-0.7000000000000002,0,0.0,0,0.0
P29033 153 V I,2ZW3 A 153 V,0.0,613.6333916861283,0.5872660790433031,0.021519999661861,0.031732458944813,0.9267788720673352,0.929749627527954,0.6357184106615761,0.7956989247311821,0.16973886328725,0.035552046840787,0.005769328381095,0.36325215263878,0.6835637480798771,1.652046812240197,0.181811576314619,1302,35.53786127745617,0.8938011563567271,0.972648977831844,0.918934967010525,31.029185867895546,64.43932411674348,4.531490015360983,4,0.167308151063629,0.5,0.133762458028946,46.54377880184332,53.45622119815668,56.11827956989247,5.2,0,0.0,40.6,0,2.0,37,26.666666666666668,18.4,-0.0002586266434576,1,-7.799999999999997,0.0,0.0,-0.0215053763440877,-0.7000000000000002,0,0.0,0,0.0
P29033 127 R H,2ZW3 A 127 R,0.0,613.6333916861283,0.5872660790433031,0.021519999661861,0.031732458944813,0.9267788720673352,0.929749627527954,0.6357184106615761,0.931643625192012,0.123655913978494,0.040717506261279,0.004483157582614,0.488357272754372,0.867127496159754,1.8920774582279032,0.141279867104256,1302,35.53746097949431,0.8938011563567271,0.972648977831844,0.918934967010525,31.029185867895546,64.43932411674348,4.531490015360983,6,0.424821898195824,1.0,1.604878375956164,46.54377880184332,53.45622119815668,56.13671274961597,10.4,1,0.0,90.1,0,0.0,11,16.666666666666668,8.4,-0.0006589246053181,-1,-3.9000000000000057,0.0,0.0,-0.0030721966205859,-0.0999999999999996,0,-1.0,0,0.0
P29033 123 T N,2ZW3 A 123 T,0.0,613.6333916861283,0.5872660790433031,0.021519999661861,0.031732458944813,0.9267788720673352,0.929749627527954,0.6357184106615761,0.9600614439324112,0.254992319508448,0.042548228199188,0.009297888672431,0.585197992977729,0.945468509984639,1.977148181586388,0.293008767098746,1302,35.53812381549885,0.8938011563567271,0.972648977831844,0.918934967010525,31.029185867895546,64.43932411674348,4.531490015360983,4,0.441641549722548,0.5,1.9355864509253025,46.54377880184332,53.45622119815668,56.12749615975422,11.6,0,0.0,64.3,0,1.0,27,16.333333333333332,10.6,3.911399218736733e-06,1,1.7999999999999972,0.0,0.0,-0.0122887864823368,3.0,0,0.0,0,-1.0
P29033 121 I V,2ZW3 A 121 I,0.0,613.6333916861283,0.5872660790433031,0.021519999661861,0.031732458944813,0.9267788720673352,0.929749627527954,0.6357184106615761,0.9631336405529952,0.268817204301075,0.042692216170875,0.009974369867559,0.5954060909976241,0.949308755760368,1.983839072569174,0.314327039228393,1302,35.53850849643236,0.8938011563567271,0.972648977831844,0.918934967010525,31.029185867895546,64.43932411674348,4.531490015360983,3,0.477244124744569,0.5,1.42058286526578,46.54377880184332,53.45622119815668,56.09754224270353,5.9,0,0.0,30.0,0,2.0,44,15.333333333333334,3.2,0.000388592332726,-1,5.699999999999999,0.0,0.0,-0.0422427035330272,0.7000000000000002,0,0.0,0,0.0
P29033 115 F V,2ZW3 A 115 F,0.0,613.6333916861283,0.5872660790433031,0.021519999661861,0.031732458944813,0.9267788720673352,0.929749627527954,0.6357184106615761,0.955453149001536,0.45084485407066,0.042172191866796,0.019209461746932,0.520900768868876,0.9001536098310291,1.959674374044528,0.605356861261202,1302,35.5364628894571,0.8938011563567271,0.972648977831844,0.918934967010525,31.029185867895546,64.43932411674348,4.531490015360983,3,0.55542614771857,1.0,1.785459802143151,46.54377880184332,53.45622119815668,56.11674347158218,5.9,0,0.0,47.1,0,1.0,29,15.666666666666666,10.8,-0.0016570146425323,-4,-17.6,0.0,0.0,-0.0230414746543772,0.7000000000000002,0,0.0,0,0.0
P29033 114 E G,2ZW3 A 114 E,0.0,613.6333916861283,0.5872660790433031,0.021519999661861,0.031732458944813,0.9267788720673352,0.929749627527954,0.6357184106615761,0.952380952380952,0.434715821812596,0.041995006948553,0.018551980059645,0.490463786428524,0.8709677419354831,1.951440873996822,0.584637329616013,1302,35.54018627700801,0.8938011563567271,0.972648977831844,0.918934967010525,31.029185867895546,64.43932411674348,4.531490015360983,0,0.518226501829961,1.0,1.420418848401112,46.46697388632872,53.53302611367128,56.10752688172043,9.0,0,0.0,76.1,0,0.0,12,11.666666666666666,8.2,0.0020663729083807,-5,18.3,0.0768049155145931,-0.0768049155145931,-0.0322580645161281,-3.3000000000000007,-1,1.0,0,-2.0
P29033 111 I T,2ZW3 A 111 I,0.0,613.6333916861283,0.5872660790433031,0.021519999661861,0.031732458944813,0.9267788720673352,0.929749627527954,0.6357184106615761,0.945468509984639,0.308755760368663,0.041710349856148,0.012704668771425,0.684944104164352,0.982334869431643,1.938213313732991,0.400368241034228,1302,35.53705687468039,0.8938011563567271,0.972648977831844,0.918934967010525,31.029185867895546,64.43932411674348,4.531490015360983,3,0.6253587089210011,1.0,1.19867376539789,46.62058371735791,53.37941628264209,56.114439324116745,8.6,0,0.0,56.3,0,0.0,13,5.0,6.2,-0.0010630294192424,-1,0.6999999999999957,-0.0768049155145931,0.0768049155145931,-0.0253456221198149,3.3999999999999995,0,0.0,0,0.0
P29033 107 I L,2ZW3 A 107 I,0.0,613.6333916861283,0.5872660790433031,0.021519999661861,0.031732458944813,0.9267788720673352,0.929749627527954,0.6357184106615761,0.9016897081413212,0.019969278033794,0.039312006981179,0.000523836373866,0.570802434096762,0.935483870967742,1.8267661523643064,0.016507903619369,1302,35.53727018910871,0.8938011563567271,0.972648977831844,0.918934967010525,31.029185867895546,64.43932411674348,4.531490015360983,4,0.478724857584305,1.0,1.159782559469458,46.54377880184332,53.45622119815668,56.13748079877112,4.9,0,0.0,93.1,0,0.0,6,16.666666666666668,8.2,-0.0008497149909203,0,-0.8000000000000114,0.0,0.0,-0.0023041474654377,-0.2999999999999998,0,0.0,0,0.0
P29033 100 H Q,2ZW3 A 100 H,0.0,613.6333916861283,0.5872660790433031,0.021519999661861,0.031732458944813,0.9267788720673352,0.929749627527954,0.6357184106615761,0.8394777265745,0.174347158218125,0.036996255796879,0.005945510075055,0.398650478304693,0.7726574500768041,1.719156894897462,0.187363673435956,1302,35.53834036809783,0.8938011563567271,0.972648977831844,0.918934967010525,31.029185867895546,64.43932411674348,4.531490015360983,5,0.448998675714036,0.5,-0.037028979095263,46.54377880184332,53.45622119815668,56.11904761904762,10.5,0,0.0,49.9,0,1.0,36,12.666666666666666,15.6,0.0002204639981968,-1,-8.899999999999999,0.0,0.0,-0.0207373271889395,0.0999999999999996,-1,0.0,0,0.0
P29033 83 F L,2ZW3 A 83 F,0.0,613.6333916861283,0.5872660790433031,0.021519999661861,0.031732458944813,0.9267788720673352,0.929749627527954,0.6357184106615761,0.6989247311827951,0.25268817204301,0.031533615777053,0.009227272502922,0.255298692287382,0.203533026113671,1.4653167412887451,0.290783406321256,1302,35.5375128124523,0.8938011563567271,0.972648977831844,0.918934967010525,31.029185867895546,64.43932411674348,4.531490015360983,4,0.286790218103647,0.5,-0.704796728206298,46.54377880184332,53.45622119815668,56.104454685099846,4.9,0,0.0,29.7,0,3.0,40,37.0,28.8,-0.0006070916473319,-3,-6.800000000000001,0.0,0.0,-0.0353302611367141,-0.2999999999999998,0,0.0,0,0.0
P29033 27 V I,2ZW3 A 27 V,0.0,613.6333916861283,0.5872660790433031,0.021519999661861,0.031732458944813,0.9267788720673352,0.929749627527954,0.6357184106615761,0.744239631336405,0.411674347158218,0.033563074617375,0.017899444446442,0.274998022149151,0.323348694316436,1.5596224509639631,0.564073665944768,1302,35.53799980605641,0.8938011563567271,0.972648977831844,0.918934967010525,31.029185867895546,64.43932411674348,4.531490015360983,4,0.256134179302101,0.5,-0.7690505824247921,46.54377880184332,53.45622119815668,56.08832565284178,5.2,0,0.0,2.9,0,1.0,55,32.0,20.6,-0.0001200980432187,1,-0.1,0.0,0.0,-0.0514592933947781,-0.7000000000000002,0,0.0,0,0.0
P29033 16 H Y,2ZW3 A 16 H,0.0,613.6333916861283,0.5872660790433031,0.021519999661861,0.031732458944813,0.9267788720673352,0.929749627527954,0.6357184106615761,0.8079877112135171,0.245775729646697,0.035887865556325,0.008820148864903,0.473813934813191,0.854838709677419,1.667651771385839,0.277953526395262,1302,35.537662080219135,0.8938011563567271,0.972648977831844,0.918934967010525,31.029185867895546,64.43932411674348,4.531490015360983,8,0.233042164159418,1.0,-0.123958718261027,46.54377880184332,53.45622119815668,56.13287250384025,6.2,0,0.0,76.3,0,0.0,19,12.666666666666666,11.6,-0.0004578238804953,2,9.5,0.0,0.0,-0.0069124423963131,-4.2,-1,0.0,0,0.0
P29033 4 G V,2ZW3 A 4 G,0.0,613.6333916861283,0.5872660790433031,0.021519999661861,0.031732458944813,0.9267788720673352,0.929749627527954,0.6357184106615761,0.681259600614439,0.270353302611367,0.030899048171318,0.010029691571761,0.426308872662813,0.805683563748079,1.4358293985514972,0.316070418280686,1302,35.538094400651936,0.8938011563567271,0.972648977831844,0.918934967010525,31.029185867895546,64.43932411674348,4.531490015360983,3,0.341928391836521,1.0,-2.117768856936427,46.54377880184332,53.45622119815668,56.14055299539171,5.9,0,0.0,43.5,0,2.0,27,27.0,24.8,-2.550344769502999e-05,3,11.9,0.0,0.0,0.0007680491551482,-3.1,0,0.0,0,0.0
P29033 4 G D,2ZW3 A 4 G,0.0,613.6333916861283,0.5872660790433031,0.021519999661861,0.031732458944813,0.9267788720673352,0.929749627527954,0.6357184106615761,0.681259600614439,0.270353302611367,0.030899048171318,0.010029691571761,0.426308872662813,0.805683563748079,1.4358293985514972,0.316070418280686,1302,35.53826664451684,0.8938011563567271,0.972648977831844,0.918934967010525,31.029185867895546,64.43932411674348,4.531490015360983,4,0.30097494715199,1.0,-2.066276444979954,46.62058371735791,53.37941628264209,56.13287250384025,13.0,1,-1.0,51.8,0,2.0,22,27.0,24.8,0.0001467404172075,4,20.2,-0.0768049155145931,0.0768049155145931,-0.0069124423963131,4.0,1,-1.0,0,0.0
P29033 34 M T,2ZW3 A 34 M,1.0,613.6333916861283,0.5872660790433031,0.021519999661861,0.031732458944813,0.9267788720673352,0.929749627527954,0.6357184106615761,0.6912442396313361,0.392473118279569,0.031257769206321,0.01722847420912,0.220615640528859,0.034562211981566,1.452498591889773,0.54292906323721,1302,35.538135641632415,0.8938011563567271,0.972648977831844,0.918934967010525,31.029185867895546,64.43932411674348,4.531490015360983,3,0.258631535828601,0.5,-1.527347944406121,46.62058371735791,53.37941628264209,56.06298003072197,8.6,0,0.0,3.6,0,2.0,59,45.66666666666666,38.0,1.5737532784498853e-05,-1,3.2,-0.0768049155145931,0.0768049155145931,-0.0768049155145931,2.8999999999999995,0,0.0,0,1.0
P29033 37 V I,2ZW3 A 37 V,1.0,613.6333916861283,0.5872660790433031,0.021519999661861,0.031732458944813,0.9267788720673352,0.929749627527954,0.6357184106615761,0.6943164362519201,0.327188940092165,0.031337149268405,0.014087149162468,0.274815823379884,0.321044546850998,1.456187256542727,0.443935000025292,1302,35.5381539057516,0.8938011563567271,0.972648977831844,0.918934967010525,31.029185867895546,64.43932411674348,4.531490015360983,4,0.277108539938207,0.5,-1.9039327776067392,46.54377880184332,53.45622119815668,56.12288786482335,5.2,0,0.0,32.4,0,1.0,38,42.0,35.2,3.400165196865146e-05,1,-5.600000000000001,0.0,0.0,-0.0168970814132123,-0.7000000000000002,0,0.0,0,0.0
P29033 44 W C,2ZW3 A 44 W,1.0,613.6333916861283,0.5872660790433031,0.021519999661861,0.031732458944813,0.9267788720673352,0.929749627527954,0.6357184106615761,0.6513056835637481,0.126728110599078,0.030012375816386,0.004576357241253,0.221927460018245,0.039170506912442,1.394627150927721,0.144216912065099,1302,35.537414720438875,0.8938011563567271,0.972648977831844,0.918934967010525,31.029185867895546,64.43932411674348,4.531490015360983,2,0.357896956401775,1.0,-1.149058400329773,46.62058371735791,53.37941628264209,56.03533026113672,5.5,0,0.0,19.0,0,0.0,28,28.33333333333333,23.8,-0.0007051836607558,-8,13.4,-0.0768049155145931,0.0768049155145931,-0.1044546850998457,0.0999999999999996,0,0.0,0,0.0
P29033 44 W S,2ZW3 A 44 W,1.0,613.6333916861283,0.5872660790433031,0.021519999661861,0.031732458944813,0.9267788720673352,0.929749627527954,0.6357184106615761,0.6513056835637481,0.126728110599078,0.030012375816386,0.004576357241253,0.221927460018245,0.039170506912442,1.394627150927721,0.144216912065099,1302,35.53737191223779,0.8938011563567271,0.972648977831844,0.918934967010525,31.029185867895546,64.43932411674348,4.531490015360983,2,0.445111240465046,1.0,-1.172148039722871,46.62058371735791,53.37941628264209,56.034562211981566,9.2,0,0.0,20.6,0,0.0,26,27.33333333333333,23.2,-0.0007479918618429,-8,15.000000000000002,-0.0768049155145931,0.0768049155145931,-0.105222734254994,3.799999999999999,0,0.0,0,0.0
P29033 50 D N,2ZW3 A 50 D,1.0,613.6333916861283,0.5872660790433031,0.021519999661861,0.031732458944813,0.9267788720673352,0.929749627527954,0.6357184106615761,0.5038402457757291,0.038402457757296,0.027368189702542,0.00117485515311,0.325525652447424,0.5791090629800301,1.271756047052657,0.037023766584052,1302,35.5380208287835,0.8938011563567271,0.972648977831844,0.918934967010525,31.029185867895546,64.43932411674348,4.531490015360983,4,0.302973053386718,0.5,-0.7128300317888431,46.54377880184332,53.45622119815668,56.12903225806452,11.6,0,0.0,72.8,0,2.0,22,27.33333333333333,28.4,-9.907531612896037e-05,0,0.2000000000000028,0.0,0.0,-0.0107526881720403,-1.4000000000000004,-1,1.0,0,1.0
P29033 59 G A,2ZW3 A 59 G,1.0,613.6333916861283,0.5872660790433031,0.021519999661861,0.031732458944813,0.9267788720673352,0.929749627527954,0.6357184106615761,0.418586789554531,0.096774193548387,0.024887516477186,0.003518049691896,0.274824334690568,0.32258064516129,1.1564831258475,0.110865965288572,1302,35.53788400157712,0.8938011563567271,0.972648977831844,0.918934967010525,31.029185867895546,64.43932411674348,4.531490015360983,1,0.335347605417508,0.5,0.249671419641395,46.54377880184332,53.45622119815668,56.13287250384025,8.1,0,0.0,2.2,0,1.0,41,26.666666666666668,19.2,-0.0002359025225118,1,-0.7999999999999998,0.0,0.0,-0.0069124423963131,-0.9000000000000004,0,0.0,0,0.0
P29033 75 R Q,2ZW3 A 75 R,1.0,613.6333916861283,0.5872660790433031,0.021519999661861,0.031732458944813,0.9267788720673352,0.929749627527954,0.6357184106615761,0.6036866359447001,0.211981566820276,0.029251234068912,0.007173492667089,0.234749910878388,0.087557603686635,1.35925811006183,0.226061670151849,1302,35.53829470822537,0.8938011563567271,0.972648977831844,0.918934967010525,31.029185867895546,64.43932411674348,4.531490015360983,5,0.281291647608149,0.5,-1.330268980143131,46.54377880184332,53.45622119815668,56.066820276497694,10.5,0,0.0,4.4,0,2.0,63,42.66666666666666,36.6,0.0001748041257414,-2,-2.1,0.0,0.0,-0.0729646697388659,0.0,-1,-1.0,0,-2.0
P29033 75 R W,2ZW3 A 75 R,1.0,613.6333916861283,0.5872660790433031,0.021519999661861,0.031732458944813,0.9267788720673352,0.929749627527954,0.6357184106615761,0.6036866359447001,0.211981566820276,0.029251234068912,0.007173492667089,0.234749910878388,0.087557603686635,1.35925811006183,0.226061670151849,1302,35.538672374476704,0.8938011563567271,0.972648977831844,0.918934967010525,31.029185867895546,64.43932411674348,4.531490015360983,10,0.235147163383438,0.5,-1.248953008582534,46.46697388632872,53.53302611367128,56.10906298003072,5.4,0,0.0,4.1,0,2.0,90,50.0,40.2,0.0005524703770731,3,-2.4000000000000004,0.0768049155145931,-0.0768049155145931,-0.0307219662058386,-5.1,-1,-1.0,0,-2.0
P29033 84 V L,2ZW3 A 84 V,1.0,613.6333916861283,0.5872660790433031,0.021519999661861,0.031732458944813,0.9267788720673352,0.929749627527954,0.6357184106615761,0.7311827956989241,0.177419354838709,0.033105501403801,0.006027613719191,0.23588895115349,0.094470046082949,1.5383597548318222,0.189951044439201,1302,35.53819786627948,0.8938011563567271,0.972648977831844,0.918934967010525,31.029185867895546,64.43932411674348,4.531490015360983,4,0.311818161895845,0.5,-0.6747328847225551,46.54377880184332,53.45622119815668,56.10829493087557,4.9,0,0.0,6.3,0,1.0,60,30.666666666666668,24.8,7.796217985145404e-05,1,-2.6000000000000005,0.0,0.0,-0.0314900153609869,-1.0,0,0.0,0,0.0
P29033 90 L P,2ZW3 A 90 L,1.0,613.6333916861283,0.5872660790433031,0.021519999661861,0.031732458944813,0.9267788720673352,0.929749627527954,0.6357184106615761,0.7465437788018431,0.258064516129032,0.033655871161175,0.009494033269273,0.226282282680397,0.056067588325652,1.563934558085613,0.299189964628479,1302,35.53748312545221,0.8938011563567271,0.972648977831844,0.918934967010525,31.029185867895546,64.43932411674348,4.531490015360983,3,0.360744594189077,0.5,-0.266892681383799,46.54377880184332,53.45622119815668,56.07987711213518,8.0,0,0.0,21.0,0,1.0,37,38.66666666666666,20.8,-0.0006367786474186,-1,-0.6999999999999993,0.0,0.0,-0.0599078341013807,3.1,0,0.0,0,-1.0
P29033 95 V M,2ZW3 A 95 V,1.0,613.6333916861283,0.5872660790433031,0.021519999661861,0.031732458944813,0.9267788720673352,0.929749627527954,0.6357184106615761,0.8064516129032251,0.176651305683563,0.035884565245704,0.005992933949537,0.268614403717998,0.287250384024577,1.667498411224453,0.18885816444165,1302,35.53799631208042,0.8938011563567271,0.972648977831844,0.918934967010525,31.029185867895546,64.43932411674348,4.531490015360983,4,0.40473795547489,0.5,-0.048195787003856,46.54377880184332,53.45622119815668,56.11136712749616,5.7,0,0.0,15.1,0,2.0,59,39.66666666666666,28.8,-0.0001235920192073,1,-5.9,0.0,0.0,-0.0284178187404009,-0.2000000000000001,0,0.0,0,0.0
P29033 143 R W,2ZW3 A 143 R,1.0,613.6333916861283,0.5872660790433031,0.021519999661861,0.031732458944813,0.9267788720673352,0.929749627527954,0.6357184106615761,0.827188940092165,0.056835637480798,0.036490781494652,0.001844939627737,0.277083295330353,0.338709677419354,1.695668311711149,0.058140455832511,1302,35.5379318360303,0.8938011563567271,0.972648977831844,0.918934967010525,31.029185867895546,64.43932411674348,4.531490015360983,10,0.140200962045446,0.5,-0.278933631299269,46.46697388632872,53.53302611367128,56.10138248847926,5.4,0,0.0,9.4,0,1.0,72,38.333333333333336,19.6,-0.0001880680693275,3,-8.4,0.0768049155145931,-0.0768049155145931,-0.0384024577573001,-5.1,-1,-1.0,0,-2.0
P29033 143 R Q,2ZW3 A 143 R,1.0,613.6333916861283,0.5872660790433031,0.021519999661861,0.031732458944813,0.9267788720673352,0.929749627527954,0.6357184106615761,0.827188940092165,0.056835637480798,0.036490781494652,0.001844939627737,0.277083295330353,0.338709677419354,1.695668311711149,0.058140455832511,1302,35.53843163933604,0.8938011563567271,0.972648977831844,0.918934967010525,31.029185867895546,64.43932411674348,4.531490015360983,5,0.169910455972849,0.5,-0.207973023268386,46.54377880184332,53.45622119815668,56.06758832565284,10.5,0,0.0,12.6,0,1.0,51,33.0,16.2,0.0003117352364085,-2,-5.200000000000001,0.0,0.0,-0.0721966205837176,0.0,-1,-1.0,0,-2.0
P29033 161 F S,2ZW3 A 161 F,1.0,613.6333916861283,0.5872660790433031,0.021519999661861,0.031732458944813,0.9267788720673352,0.929749627527954,0.6357184106615761,0.735023041474654,0.269585253456221,0.033177747313194,0.009980083904239,0.285657414203007,0.389400921658986,1.541716906808018,0.314507108371145,1302,35.537787674788625,0.8938011563567271,0.972648977831844,0.918934967010525,31.029185867895546,64.43932411674348,4.531490015360983,2,0.301417432570906,1.0,0.162260960951727,46.62058371735791,53.37941628264209,56.0852534562212,9.2,0,0.0,42.2,0,0.0,22,12.333333333333334,16.4,-0.0003322293110059,-5,4.700000000000003,-0.0768049155145931,0.0768049155145931,-0.0545314900153641,3.999999999999999,0,0.0,0,0.0
P29033 179 D N,2ZW3 A 179 D,1.0,613.6333916861283,0.5872660790433031,0.021519999661861,0.031732458944813,0.9267788720673352,0.929749627527954,0.6357184106615761,0.5668202764976951,0.224270353302611,0.028736393441942,0.007725330480946,0.276993328592527,0.337941628264208,1.335334288730054,0.243451996404748,1302,35.53827716124278,0.8938011563567271,0.972648977831844,0.918934967010525,31.029185867895546,64.43932411674348,4.531490015360983,4,0.419104943212704,0.0,1.022217766517165,46.54377880184332,53.45622119815668,56.11827956989247,11.6,0,0.0,32.3,0,2.0,37,35.0,28.0,0.0001572571431509,0,5.9999999999999964,0.0,0.0,-0.0215053763440877,-1.4000000000000004,-1,1.0,0,0.0
P29033 184 R Q,2ZW3 A 184 R,1.0,613.6333916861283,0.5872660790433031,0.021519999661861,0.031732458944813,0.9267788720673352,0.929749627527954,0.6357184106615761,0.6482334869431641,0.314132104454685,0.029935790321499,0.013404710201324,0.237706587314646,0.109062980030722,1.391068345347297,0.422428977994967,1302,35.53887948603707,0.8938011563567271,0.972648977831844,0.918934967010525,31.029185867895546,64.43932411674348,4.531490015360983,5,0.425686429325777,1.0,-0.6028282932717071,46.54377880184332,53.45622119815668,56.04915514592934,10.5,0,0.0,7.1,0,1.0,62,39.66666666666666,29.2,0.0007595819374373,-2,2.5,0.0,0.0,-0.0906298003072194,0.0,-1,-1.0,0,-1.0
P29033 195 M T,2ZW3 A 195 M,1.0,613.6333916861283,0.5872660790433031,0.021519999661861,0.031732458944813,0.9267788720673352,0.929749627527954,0.6357184106615761,0.7373271889400921,0.302611367127496,0.033373392580525,0.012128208863498,0.22701360153294,0.057603686635944,1.550808229782267,0.382201987075454,1302,35.5387958547764,0.8938011563567271,0.972648977831844,0.918934967010525,31.029185867895546,64.43932411674348,4.531490015360983,3,0.342891889391953,0.5,-0.699727859388078,46.62058371735791,53.37941628264209,56.06989247311828,8.6,0,0.0,3.3,0,4.0,45,35.0,19.0,0.0006759506767721,-1,2.0,-0.0768049155145931,0.0768049155145931,-0.0698924731182799,2.8999999999999995,0,0.0,0,1.0
P29033 197 A S,2ZW3 A 197 A,1.0,613.6333916861283,0.5872660790433031,0.021519999661861,0.031732458944813,0.9267788720673352,0.929749627527954,0.6357184106615761,0.767281105990783,0.284178187403993,0.034473764717963,0.011024918821086,0.289362025998057,0.415514592933947,1.6019407648532482,0.347433485701824,1302,35.538115302943226,0.8938011563567271,0.972648977831844,0.918934967010525,31.029185867895546,64.43932411674348,4.531490015360983,2,0.351501431240015,0.5,-0.129368828880695,46.62058371735791,53.37941628264209,56.12749615975422,9.2,0,0.0,49.2,0,2.0,33,37.66666666666666,28.6,-4.601156405215079e-06,1,-0.1999999999999957,-0.0768049155145931,0.0768049155145931,-0.0122887864823368,1.0999999999999996,0,0.0,0,1.0
P29033 202 C F,2ZW3 A 202 C,1.0,613.6333916861283,0.5872660790433031,0.021519999661861,0.031732458944813,0.9267788720673352,0.929749627527954,0.6357184106615761,0.8003072196620581,0.275729646697388,0.035696507911471,0.010266129865432,0.259505170138086,0.233486943164362,1.658759687377458,0.323521410152498,1302,35.53773030258971,0.8938011563567271,0.972648977831844,0.918934967010525,31.029185867895546,64.43932411674348,4.531490015360983,7,0.24415816266926,0.5,-0.268030783039587,46.46697388632872,53.53302611367128,56.1321044546851,5.2,0,0.0,1.4,0,2.0,67,36.66666666666666,17.4,-0.0003896015099229,5,1.4,0.0768049155145931,-0.0768049155145931,-0.0076804915514614,-0.2999999999999998,0,0.0,0,-1.0
P29033 205 L V,2ZW3 A 205 L,1.0,613.6333916861283,0.5872660790433031,0.021519999661861,0.031732458944813,0.9267788720673352,0.929749627527954,0.6357184106615761,0.836405529953917,0.219662058371735,0.036915724620731,0.007532517055808,0.327468638718294,0.5852534562211981,1.715414739813205,0.237375775665815,1302,35.53814609112242,0.8938011563567271,0.972648977831844,0.918934967010525,31.029185867895546,64.43932411674348,4.531490015360983,3,0.287338535127759,0.5,0.238953883437419,46.54377880184332,53.45622119815668,56.09139784946237,5.9,0,0.0,20.8,0,3.0,48,25.0,16.6,2.6187022790225e-05,-1,-4.599999999999998,0.0,0.0,-0.0483870967741921,1.0,0,0.0,0,0.0
P29033 206 N S,2ZW3 A 206 N,1.0,613.6333916861283,0.5872660790433031,0.021519999661861,0.031732458944813,0.9267788720673352,0.929749627527954,0.6357184106615761,0.8448540706605221,0.187403993855606,0.037148153437851,0.006352028049963,0.292817337239281,0.437019969278033,1.7262153355740062,0.200174466813632,1302,35.539012663083646,0.8938011563567271,0.972648977831844,0.918934967010525,31.029185867895546,64.43932411674348,4.531490015360983,2,0.361371424306798,0.5,0.209553272137107,46.54377880184332,53.45622119815668,56.083717357910906,9.2,0,0.0,10.8,0,3.0,39,24.33333333333333,9.8,0.0008927589840155,-2,4.700000000000001,0.0,0.0,-0.0560675883256536,-2.4000000000000004,0,0.0,0,1.0
P29033 216 R I,2ZW3 A 216 R,,613.6333916861283,0.5872660790433031,0.021519999661861,0.031732458944813,0.9267788720673352,0.929749627527954,0.6357184106615761,0.891705069124423,0.157450076804915,0.03875146028613,0.005344994319446,0.590922873910223,0.947772657450076,1.800718443077303,0.168439336161805,1302,35.53904758181826,0.8938011563567271,0.972648977831844,0.918934967010525,31.029185867895546,64.43932411674348,4.531490015360983,4,0.214489268429721,1.0,1.500405295239848,46.46697388632872,53.53302611367128,56.11751152073733,5.2,0,0.0,64.4,0,1.0,10,7.666666666666667,15.8,0.0009276777186286,-3,-1.5999999999999943,0.0768049155145931,-0.0768049155145931,-0.022273425499236,-5.3,-1,-1.0,0,0.0
P29033 209 E D,2ZW3 A 209 E,,613.6333916861283,0.5872660790433031,0.021519999661861,0.031732458944813,0.9267788720673352,0.929749627527954,0.6357184106615761,0.862519201228878,0.175115207373271,0.0378470223078,0.005955396070355,0.372197534994594,0.7142857142857141,1.758690655319807,0.187675215485587,1302,35.5384210593454,0.8938011563567271,0.972648977831844,0.918934967010525,31.029185867895546,64.43932411674348,4.531490015360983,4,0.286377769941317,0.5,0.515806665645,46.54377880184332,53.45622119815668,56.10675883256528,13.0,1,-1.0,18.4,0,2.0,55,30.33333333333333,13.4,0.000301155245765,-1,0.0,0.0,0.0,-0.0330261136712763,0.6999999999999993,0,0.0,0,-3.0
P29033 209 E G,2ZW3 A 209 E,,613.6333916861283,0.5872660790433031,0.021519999661861,0.031732458944813,0.9267788720673352,0.929749627527954,0.6357184106615761,0.862519201228878,0.175115207373271,0.0378470223078,0.005955396070355,0.372197534994594,0.7142857142857141,1.758690655319807,0.187675215485587,1302,35.539551362937964,0.8938011563567271,0.972648977831844,0.918934967010525,31.029185867895546,64.43932411674348,4.531490015360983,0,0.278473497462494,0.5,0.670944284090713,46.46697388632872,53.53302611367128,56.07834101382488,9.0,0,0.0,38.9,0,2.0,34,25.33333333333333,10.6,0.0014314588383328,-5,20.5,0.0768049155145931,-0.0768049155145931,-0.0614439324116773,-3.3000000000000007,-1,1.0,0,-3.0
P29033 207 V L,2ZW3 A 207 V,,613.6333916861283,0.5872660790433031,0.021519999661861,0.031732458944813,0.9267788720673352,0.929749627527954,0.6357184106615761,0.848694316436251,0.185099846390168,0.037374562606434,0.006263642368695,0.322732479231357,0.5668202764976951,1.736736207885327,0.197389127000498,1302,35.537822668944955,0.8938011563567271,0.972648977831844,0.918934967010525,31.029185867895546,64.43932411674348,4.531490015360983,4,0.311623923002716,0.5,0.6465054739191171,46.54377880184332,53.45622119815668,56.115207373271886,4.9,0,0.0,39.9,0,2.0,47,23.666666666666668,18.8,-0.0002972351546759,1,1.8999999999999984,0.0,0.0,-0.0245775729646737,-1.0,0,0.0,0,0.0
P29033 201 I M,2ZW3 A 201 I,,613.6333916861283,0.5872660790433031,0.021519999661861,0.031732458944813,0.9267788720673352,0.929749627527954,0.6357184106615761,0.802611367127496,0.257296466973886,0.035760520678913,0.009483657190094,0.302331956424038,0.488479262672811,1.661734258401998,0.29886297833356,1302,35.53784208686075,0.8938011563567271,0.972648977831844,0.918934967010525,31.029185867895546,64.43932411674348,4.531490015360983,4,0.301726426775859,0.5,0.07519992053665,46.54377880184332,53.45622119815668,56.1036866359447,5.7,0,0.0,49.5,0,2.0,41,22.666666666666668,19.2,-0.0002778172388815,0,2.299999999999997,0.0,0.0,-0.0360983102918623,0.5,0,0.0,0,0.0
P29033 198 V G,2ZW3 A 198 V,,613.6333916861283,0.5872660790433031,0.021519999661861,0.031732458944813,0.9267788720673352,0.929749627527954,0.6357184106615761,0.7711213517665131,0.295698924731182,0.034509754895707,0.011595471489752,0.250538991275319,0.181259600614439,1.603613170908533,0.365413582033398,1302,35.539021395118084,0.8938011563567271,0.972648977831844,0.918934967010525,31.029185867895546,64.43932411674348,4.531490015360983,0,0.292681461812543,0.5,-0.352823715207998,46.54377880184332,53.45622119815668,56.06912442396313,9.0,0,0.0,25.2,0,4.0,26,20.33333333333333,14.8,0.0009014910184532,-3,17.1,0.0,0.0,-0.0706605222734282,3.1,0,0.0,0,0.0
P29033 196 I M,2ZW3 A 196 I,,613.6333916861283,0.5872660790433031,0.021519999661861,0.031732458944813,0.9267788720673352,0.929749627527954,0.6357184106615761,0.759600614439324,0.291090629800307,0.034147358493983,0.011284686151985,0.285599333252443,0.387864823348694,1.586773189151153,0.355619656567128,1302,35.53819093818638,0.8938011563567271,0.972648977831844,0.918934967010525,31.029185867895546,64.43932411674348,4.531490015360983,4,0.356336555931732,0.5,-0.193502749108736,46.54377880184332,53.45622119815668,56.08832565284178,5.7,0,0.0,9.8,0,2.0,52,36.66666666666666,28.4,7.10340867513537e-05,0,-4.199999999999999,0.0,0.0,-0.0514592933947781,0.5,0,0.0,0,0.0
P29033 196 I S,2ZW3 A 196 I,,613.6333916861283,0.5872660790433031,0.021519999661861,0.031732458944813,0.9267788720673352,0.929749627527954,0.6357184106615761,0.759600614439324,0.291090629800307,0.034147358493983,0.011284686151985,0.285599333252443,0.387864823348694,1.586773189151153,0.355619656567128,1302,35.537869042732424,0.8938011563567271,0.972648977831844,0.918934967010525,31.029185867895546,64.43932411674348,4.531490015360983,2,0.401443478956111,0.5,-0.262084101229821,46.62058371735791,53.37941628264209,56.07219662058372,9.2,0,0.0,14.2,0,3.0,37,32.0,25.8,-0.0002508613672063,-2,0.1999999999999993,-0.0768049155145931,0.0768049155145931,-0.0675883256528422,3.999999999999999,0,0.0,0,1.0
P29033 195 M I,2ZW3 A 195 M,,613.6333916861283,0.5872660790433031,0.021519999661861,0.031732458944813,0.9267788720673352,0.929749627527954,0.6357184106615761,0.7373271889400921,0.302611367127496,0.033373392580525,0.012128208863498,0.22701360153294,0.057603686635944,1.550808229782267,0.382201987075454,1302,35.538612912613765,0.8938011563567271,0.972648977831844,0.918934967010525,31.029185867895546,64.43932411674348,4.531490015360983,4,0.344249205925676,0.5,-0.723715202660512,46.54377880184332,53.45622119815668,56.08218125960062,5.2,0,0.0,1.0,0,3.0,54,37.333333333333336,20.2,0.0004930085141339,0,-0.3,0.0,0.0,-0.057603686635943,-0.5,0,0.0,0,0.0
P29033 195 M I,2ZW3 A 195 M,,613.6333916861283,0.5872660790433031,0.021519999661861,0.031732458944813,0.9267788720673352,0.929749627527954,0.6357184106615761,0.7373271889400921,0.302611367127496,0.033373392580525,0.012128208863498,0.22701360153294,0.057603686635944,1.550808229782267,0.382201987075454,1302,35.538612912613765,0.8938011563567271,0.972648977831844,0.918934967010525,31.029185867895546,64.43932411674348,4.531490015360983,4,0.344249205925676,0.5,-0.723715202660512,46.54377880184332,53.45622119815668,56.08218125960062,5.2,0,0.0,1.0,0,3.0,54,37.333333333333336,20.2,0.0004930085141339,0,-0.3,0.0,0.0,-0.057603686635943,-0.5,0,0.0,0,0.0
P29033 189 T N,2ZW3 A 189 T,,613.6333916861283,0.5872660790433031,0.021519999661861,0.031732458944813,0.9267788720673352,0.929749627527954,0.6357184106615761,0.708909370199692,0.30184331797235,0.031920248942884,0.012094580167278,0.228913997507596,0.064516129032258,1.483282966749069,0.381142230052572,1302,35.53793936362705,0.8938011563567271,0.972648977831844,0.918934967010525,31.029185867895546,64.43932411674348,4.531490015360983,4,0.346895733031608,0.5,-0.16762094329227,46.54377880184332,53.45622119815668,56.11597542242704,11.6,0,0.0,12.8,0,3.0,61,45.66666666666666,34.4,-0.0001805404725772,1,-6.0,0.0,0.0,-0.0238095238095255,3.0,0,0.0,0,-1.0
P29033 187 E G,2ZW3 A 187 E,,613.6333916861283,0.5872660790433031,0.021519999661861,0.031732458944813,0.9267788720673352,0.929749627527954,0.6357184106615761,0.6728110599078341,0.321044546850998,0.030662876581349,0.013879688436886,0.224624062682527,0.047619047619047,1.424854882116585,0.437397191973849,1302,35.538841108834646,0.8938011563567271,0.972648977831844,0.918934967010525,31.029185867895546,64.43932411674348,4.531490015360983,0,0.321781919662098,0.5,-0.5426150255721991,46.46697388632872,53.53302611367128,56.046082949308754,9.0,0,0.0,9.5,0,1.0,34,34.333333333333336,22.6,0.0007212047350151,-5,8.7,0.0768049155145931,-0.0768049155145931,-0.0937019969278054,-3.3000000000000007,-1,1.0,0,-1.0
P29033 180 C F,2ZW3 A 180 C,,613.6333916861283,0.5872660790433031,0.021519999661861,0.031732458944813,0.9267788720673352,0.929749627527954,0.6357184106615761,0.570660522273425,0.2357910906298,0.028779309197596,0.008291897966983,0.255939554674849,0.209677419354838,1.337328515325244,0.261306505789679,1302,35.53697500945128,0.8938011563567271,0.972648977831844,0.918934967010525,31.029185867895546,64.43932411674348,4.531490015360983,7,0.391782214186733,0.0,0.347372977305067,46.46697388632872,53.53302611367128,56.14900153609831,5.2,0,0.0,0.0,0,2.0,66,42.0,37.6,-0.0011448946483483,5,-0.1,0.0768049155145931,-0.0768049155145931,0.0092165898617508,-0.2999999999999998,0,0.0,-1,0.0
P29033 180 C Y,2ZW3 A 180 C,,613.6333916861283,0.5872660790433031,0.021519999661861,0.031732458944813,0.9267788720673352,0.929749627527954,0.6357184106615761,0.570660522273425,0.2357910906298,0.028779309197596,0.008291897966983,0.255939554674849,0.209677419354838,1.337328515325244,0.261306505789679,1302,35.538457917944115,0.8938011563567271,0.972648977831844,0.918934967010525,31.029185867895546,64.43932411674348,4.531490015360983,8,0.388799679463428,0.0,0.535459795924425,46.54377880184332,53.45622119815668,56.163594470046085,6.2,0,0.0,0.4,0,3.0,72,42.0,37.2,0.0003380138444839,6,0.3,0.0,0.0,0.0238095238095255,0.7000000000000002,0,0.0,-1,1.0
P29033 179 D Y,2ZW3 A 179 D,,613.6333916861283,0.5872660790433031,0.021519999661861,0.031732458944813,0.9267788720673352,0.929749627527954,0.6357184106615761,0.5668202764976951,0.224270353302611,0.028736393441942,0.007725330480946,0.276993328592527,0.337941628264208,1.335334288730054,0.243451996404748,1302,35.539543445626755,0.8938011563567271,0.972648977831844,0.918934967010525,31.029185867895546,64.43932411674348,4.531490015360983,8,0.309378382990053,0.0,1.162167976891642,46.54377880184332,53.45622119815668,56.12442396313364,6.2,0,0.0,41.9,0,1.0,37,34.666666666666664,27.6,0.0014235415271244,4,15.599999999999998,0.0,0.0,-0.0153609831029228,-6.8,-1,1.0,0,-1.0
P29033 178 V L,2ZW3 A 178 V,,613.6333916861283,0.5872660790433031,0.021519999661861,0.031732458944813,0.9267788720673352,0.929749627527954,0.6357184106615761,0.55837173579109,0.182027649769585,0.028553860958279,0.006189725716178,0.31399298356166,0.535330261136712,1.326852295861502,0.195059756539595,1302,35.53793508627503,0.8938011563567271,0.972648977831844,0.918934967010525,31.029185867895546,64.43932411674348,4.531490015360983,4,0.442338296748522,0.0,0.996042912560134,46.54377880184332,53.45622119815668,56.10906298003072,4.9,0,0.0,6.8,0,2.0,46,25.0,20.2,-0.0001848178246035,1,-3.8,0.0,0.0,-0.0307219662058386,-1.0,0,0.0,0,0.0
P29033 177 T A,2ZW3 A 177 T,,613.6333916861283,0.5872660790433031,0.021519999661861,0.031732458944813,0.9267788720673352,0.929749627527954,0.6357184106615761,0.559907834101382,0.16589861751152,0.02857302877223,0.005551143278889,0.366015933990713,0.6943164362519201,1.327742993549822,0.174935805905984,1302,35.537723343327656,0.8938011563567271,0.972648977831844,0.918934967010525,31.029185867895546,64.43932411674348,4.531490015360983,1,0.373739954536098,1.0,1.419095849716416,46.46697388632872,53.53302611367128,56.114439324116745,8.1,0,0.0,56.2,0,0.0,11,13.333333333333334,14.6,-0.0003965607719749,-2,1.8000000000000045,0.0768049155145931,-0.0768049155145931,-0.0253456221198149,-0.5,0,0.0,0,-1.0
P29033 176 N S,2ZW3 A 176 N,,613.6333916861283,0.5872660790433031,0.021519999661861,0.031732458944813,0.9267788720673352,0.929749627527954,0.6357184106615761,0.5499231950844851,0.119815668202765,0.028356553203,0.004391434194809,0.446551613310402,0.825652841781874,1.317683719728636,0.138389344565031,1302,35.537610501292974,0.8938011563567271,0.972648977831844,0.918934967010525,31.029185867895546,64.43932411674348,4.531490015360983,2,0.435055572298437,1.0,1.6014411370932,46.54377880184332,53.45622119815668,56.13824884792627,9.2,0,0.0,97.1,0,0.0,5,10.333333333333334,12.0,-0.0005094028066565,-2,-9.100000000000009,0.0,0.0,-0.0015360983102894,-2.4000000000000004,0,0.0,0,0.0
P29033 173 P L,2ZW3 A 173 P,,613.6333916861283,0.5872660790433031,0.021519999661861,0.031732458944813,0.9267788720673352,0.929749627527954,0.6357184106615761,0.495391705069124,0.027649769585253,0.027193743362969,0.000891158957443,0.379895202199896,0.73195084485407,1.263649804380068,0.02808351407602,1302,35.538073309993926,0.8938011563567271,0.972648977831844,0.918934967010525,31.029185867895546,64.43932411674348,4.531490015360983,4,0.291848944830396,1.0,0.8046363383148961,46.54377880184332,53.45622119815668,56.12903225806452,4.9,0,0.0,26.7,0,0.0,36,15.333333333333334,9.4,-4.659410570440059e-05,1,-13.500000000000004,0.0,0.0,-0.0107526881720403,-3.1,0,0.0,0,0.0
P29033 171 A V,2ZW3 A 171 A,,613.6333916861283,0.5872660790433031,0.021519999661861,0.031732458944813,0.9267788720673352,0.929749627527954,0.6357184106615761,0.5145929339477721,0.045314900153609,0.027568704022953,0.001436140811633,0.316964036127872,0.5468509984639011,1.281073627143799,0.045257785226499,1302,35.53807506659815,0.8938011563567271,0.972648977831844,0.918934967010525,31.029185867895546,64.43932411674348,4.531490015360983,3,0.420156383359827,1.0,0.9005432251624811,46.54377880184332,53.45622119815668,56.13671274961597,5.9,0,0.0,12.0,0,1.0,43,11.0,14.0,-4.4837501484096265e-05,2,-4.100000000000001,0.0,0.0,-0.0030721966205859,-2.1999999999999997,0,0.0,0,0.0
P29033 169 C G,2ZW3 A 169 C,,613.6333916861283,0.5872660790433031,0.021519999661861,0.031732458944813,0.9267788720673352,0.929749627527954,0.6357184106615761,0.555299539170506,0.155913978494623,0.028471578945502,0.005340948164526,0.295537031751867,0.451612903225806,1.3230287821965812,0.168311827766472,1302,35.53909322321501,0.8938011563567271,0.972648977831844,0.918934967010525,31.029185867895546,64.43932411674348,4.531490015360983,0,0.385609105038841,0.0,0.952830167107218,46.46697388632872,53.53302611367128,56.105990783410135,9.0,0,0.0,10.3,0,2.0,24,12.666666666666666,15.8,0.0009733191153813,-2,3.9,0.0768049155145931,-0.0768049155145931,-0.0337941628264246,3.5,0,0.0,-1,0.0
P29033 169 C S,2ZW3 A 169 C,,613.6333916861283,0.5872660790433031,0.021519999661861,0.031732458944813,0.9267788720673352,0.929749627527954,0.6357184106615761,0.555299539170506,0.155913978494623,0.028471578945502,0.005340948164526,0.295537031751867,0.451612903225806,1.3230287821965812,0.168311827766472,1302,35.53828174459692,0.8938011563567271,0.972648977831844,0.918934967010525,31.029185867895546,64.43932411674348,4.531490015360983,2,0.429693035289064,0.0,0.8477152596645081,46.54377880184332,53.45622119815668,56.12135176651306,9.2,0,0.0,7.8,0,5.0,34,16.0,16.8,0.0001618404972916,0,1.3999999999999997,0.0,0.0,-0.0184331797235017,3.6999999999999993,0,0.0,-1,3.0
P29033 168 K E,2ZW3 A 168 K,,613.6333916861283,0.5872660790433031,0.021519999661861,0.031732458944813,0.9267788720673352,0.929749627527954,0.6357184106615761,0.573732718894009,0.2073732718894,0.028813171273448,0.0069419302707,0.321305445008136,0.559907834101382,1.338902031885856,0.218764334739194,1302,35.53755332240554,0.8938011563567271,0.972648977831844,0.918934967010525,31.029185867895546,64.43932411674348,4.531490015360983,5,0.337502617844458,0.0,1.115675921770535,46.54377880184332,53.45622119815668,56.104454685099846,12.3,1,-1.0,60.1,0,0.0,18,25.0,18.4,-0.0005665816940876,0,6.5,0.0,0.0,-0.0353302611367141,1.0,0,-2.0,0,-1.0
P29033 167 V G,2ZW3 A 167 V,,613.6333916861283,0.5872660790433031,0.021519999661861,0.031732458944813,0.9267788720673352,0.929749627527954,0.6357184106615761,0.5898617511520731,0.237327188940092,0.029099563221718,0.008486577854835,0.322348122466781,0.564516129032258,1.352210208129806,0.26744154525164,1302,35.539235652617,0.8938011563567271,0.972648977831844,0.918934967010525,31.029185867895546,64.43932411674348,4.531490015360983,0,0.400920049693598,0.0,0.6995903551404651,46.54377880184332,53.45622119815668,56.08986175115207,9.0,0,0.0,35.3,0,2.0,21,14.666666666666666,20.6,0.0011157485173711,-3,12.599999999999998,0.0,0.0,-0.0499231950844887,3.1,0,0.0,0,0.0
P29033 167 V A,2ZW3 A 167 V,,613.6333916861283,0.5872660790433031,0.021519999661861,0.031732458944813,0.9267788720673352,0.929749627527954,0.6357184106615761,0.5898617511520731,0.237327188940092,0.029099563221718,0.008486577854835,0.322348122466781,0.564516129032258,1.352210208129806,0.26744154525164,1302,35.538943979452206,0.8938011563567271,0.972648977831844,0.918934967010525,31.029185867895546,64.43932411674348,4.531490015360983,1,0.356544017028556,0.0,0.6655873064720961,46.54377880184332,53.45622119815668,56.095238095238095,8.1,0,0.0,22.0,0,2.0,24,15.666666666666666,21.0,0.0008240753525754,-2,-0.6999999999999993,0.0,0.0,-0.044546850998465,2.1999999999999997,0,0.0,0,0.0
P29033 167 V M,2ZW3 A 167 V,,613.6333916861283,0.5872660790433031,0.021519999661861,0.031732458944813,0.9267788720673352,0.929749627527954,0.6357184106615761,0.5898617511520731,0.237327188940092,0.029099563221718,0.008486577854835,0.322348122466781,0.564516129032258,1.352210208129806,0.26744154525164,1302,35.537963200244334,0.8938011563567271,0.972648977831844,0.918934967010525,31.029185867895546,64.43932411674348,4.531490015360983,4,0.359644933761929,0.0,0.495351528120576,46.54377880184332,53.45622119815668,56.114439324116745,5.7,0,0.0,22.9,0,2.0,40,20.33333333333333,23.8,-0.0001567038552963,1,0.1999999999999993,0.0,0.0,-0.0253456221198149,-0.2000000000000001,0,0.0,0,0.0
P29033 165 R Q,2ZW3 A 165 R,,613.6333916861283,0.5872660790433031,0.021519999661861,0.031732458944813,0.9267788720673352,0.929749627527954,0.6357184106615761,0.652073732718894,0.282642089093702,0.030019066617693,0.010785399161608,0.299524427274677,0.47542242703533,1.3949380617739902,0.33988538929069,1302,35.53853991462432,0.8938011563567271,0.972648977831844,0.918934967010525,31.029185867895546,64.43932411674348,4.531490015360983,5,0.308177430094771,1.0,0.5024176876067981,46.54377880184332,53.45622119815668,56.095238095238095,10.5,0,0.0,63.1,0,1.0,24,22.33333333333333,26.4,0.0004200105246923,-2,7.399999999999999,0.0,0.0,-0.044546850998465,0.0,-1,-1.0,0,-1.0
P29033 165 R W,2ZW3 A 165 R,,613.6333916861283,0.5872660790433031,0.021519999661861,0.031732458944813,0.9267788720673352,0.929749627527954,0.6357184106615761,0.652073732718894,0.282642089093702,0.030019066617693,0.010785399161608,0.299524427274677,0.47542242703533,1.3949380617739902,0.33988538929069,1302,35.53897154635198,0.8938011563567271,0.972648977831844,0.918934967010525,31.029185867895546,64.43932411674348,4.531490015360983,10,0.250234412645505,1.0,0.5524171499287961,46.46697388632872,53.53302611367128,56.11136712749616,5.4,0,0.0,47.0,0,1.0,34,25.666666666666668,28.4,0.0008516422523499,3,-8.700000000000003,0.0768049155145931,-0.0768049155145931,-0.0284178187404009,-5.1,-1,-1.0,0,-1.0
P29033 164 Q E,2ZW3 A 164 Q,,613.6333916861283,0.5872660790433031,0.021519999661861,0.031732458944813,0.9267788720673352,0.929749627527954,0.6357184106615761,0.6697388632872501,0.284946236559139,0.030649641962773,0.011117646018019,0.325694500206894,0.5806451612903221,1.424239890537369,0.350355641753259,1302,35.53818751852161,0.8938011563567271,0.972648977831844,0.918934967010525,31.029185867895546,64.43932411674348,4.531490015360983,5,0.282000675691194,0.5,0.425667523314114,46.54377880184332,53.45622119815668,56.10983102918587,12.3,1,-1.0,40.1,0,0.0,28,34.0,23.8,6.761442197955603e-05,0,2.5,0.0,0.0,-0.0299539170506903,1.8000000000000007,1,-1.0,0,-1.0
P29033 163 M T,2ZW3 A 163 M,,613.6333916861283,0.5872660790433031,0.021519999661861,0.031732458944813,0.9267788720673352,0.929749627527954,0.6357184106615761,0.7035330261136711,0.290322580645161,0.031641760168973,0.011269455929444,0.256695692955418,0.216589861751152,1.470342038390046,0.355139699354645,1302,35.53922932100487,0.8938011563567271,0.972648977831844,0.918934967010525,31.029185867895546,64.43932411674348,4.531490015360983,3,0.26693761757138,0.5,0.115075591128811,46.62058371735791,53.37941628264209,56.08064516129032,8.6,0,0.0,21.0,0,2.0,40,19.666666666666668,23.4,0.001109416905237,-1,9.2,-0.0768049155145931,0.0768049155145931,-0.0591397849462396,2.8999999999999995,0,0.0,0,1.0
P29033 161 F V,2ZW3 A 161 F,,613.6333916861283,0.5872660790433031,0.021519999661861,0.031732458944813,0.9267788720673352,0.929749627527954,0.6357184106615761,0.735023041474654,0.269585253456221,0.033177747313194,0.009980083904239,0.285657414203007,0.389400921658986,1.541716906808018,0.314507108371145,1302,35.537689365900256,0.8938011563567271,0.972648977831844,0.918934967010525,31.029185867895546,64.43932411674348,4.531490015360983,3,0.290544835443483,1.0,0.146858243252747,46.54377880184332,53.45622119815668,56.09062980030722,5.9,0,0.0,34.4,0,0.0,25,13.333333333333334,17.0,-0.0004305381993745,-4,-3.1000000000000014,0.0,0.0,-0.0491551459293404,0.7000000000000002,0,0.0,0,0.0
P29033 157 M I,2ZW3 A 157 M,,613.6333916861283,0.5872660790433031,0.021519999661861,0.031732458944813,0.9267788720673352,0.929749627527954,0.6357184106615761,0.778033794162826,0.183563748079877,0.034905873288198,0.006209026385129,0.421012236024074,0.799539170506912,1.62202015969642,0.195667987656677,1302,35.538252427155186,0.8938011563567271,0.972648977831844,0.918934967010525,31.029185867895546,64.43932411674348,4.531490015360983,4,0.186636090643905,0.5,0.046211635294179,46.54377880184332,53.45622119815668,56.11981566820276,5.2,0,0.0,33.8,0,2.0,26,30.0,14.0,0.0001325230555551,0,-7.900000000000006,0.0,0.0,-0.0199692780337983,-0.5,0,0.0,0,1.0
P29033 157 M T,2ZW3 A 157 M,,613.6333916861283,0.5872660790433031,0.021519999661861,0.031732458944813,0.9267788720673352,0.929749627527954,0.6357184106615761,0.778033794162826,0.183563748079877,0.034905873288198,0.006209026385129,0.421012236024074,0.799539170506912,1.62202015969642,0.195667987656677,1302,35.53833475777446,0.8938011563567271,0.972648977831844,0.918934967010525,31.029185867895546,64.43932411674348,4.531490015360983,3,0.204053067316408,0.5,0.058349836145674,46.62058371735791,53.37941628264209,56.11213517665131,8.6,0,0.0,35.5,0,3.0,20,29.33333333333333,14.0,0.0002148536748265,-1,-6.200000000000003,-0.0768049155145931,0.0768049155145931,-0.0276497695852526,2.8999999999999995,0,0.0,0,2.0
P29033 155 Y C,2ZW3 A 155 Y,,613.6333916861283,0.5872660790433031,0.021519999661861,0.031732458944813,0.9267788720673352,0.929749627527954,0.6357184106615761,0.774961597542242,0.198156682027649,0.034797936474249,0.006616148801921,0.323379576960434,0.5714285714285711,1.61700450841179,0.208497829097558,1302,35.53641093319957,0.8938011563567271,0.972648977831844,0.918934967010525,31.029185867895546,64.43932411674348,4.531490015360983,2,0.206843011471773,0.5,0.275589218652651,46.54377880184332,53.45622119815668,56.105222734254994,5.5,0,0.0,17.8,0,3.0,39,28.0,13.2,-0.0017089709000615,-6,-27.6,0.0,0.0,-0.0345622119815658,-0.7000000000000002,0,0.0,0,1.0
P29033 155 Y S,2ZW3 A 155 Y,,613.6333916861283,0.5872660790433031,0.021519999661861,0.031732458944813,0.9267788720673352,0.929749627527954,0.6357184106615761,0.774961597542242,0.198156682027649,0.034797936474249,0.006616148801921,0.323379576960434,0.5714285714285711,1.61700450841179,0.208497829097558,1302,35.53643670402632,0.8938011563567271,0.972648977831844,0.918934967010525,31.029185867895546,64.43932411674348,4.531490015360983,2,0.217778242523967,0.5,0.2798611390833,46.54377880184332,53.45622119815668,56.1036866359447,9.2,0,0.0,18.4,0,3.0,37,27.666666666666668,13.0,-0.0016832000733089,-6,-27.0,0.0,0.0,-0.0360983102918623,2.999999999999999,0,0.0,0,1.0
P29033 151 M I,2ZW3 A 151 M,,613.6333916861283,0.5872660790433031,0.021519999661861,0.031732458944813,0.9267788720673352,0.929749627527954,0.6357184106615761,0.805683563748079,0.162826420890937,0.035872619394367,0.00547237445821,0.346129556543267,0.641321044546851,1.666943306599705,0.17245352677292,1302,35.53873069713848,0.8938011563567271,0.972648977831844,0.918934967010525,31.029185867895546,64.43932411674348,4.531490015360983,4,0.152772965720506,0.5,0.078454368823434,46.54377880184332,53.45622119815668,56.09293394777266,5.2,0,0.0,20.9,0,2.0,46,30.33333333333333,15.0,0.0006107930388523,0,7.599999999999998,0.0,0.0,-0.0468509984639027,-0.5,0,0.0,0,0.0
P29033 151 M T,2ZW3 A 151 M,,613.6333916861283,0.5872660790433031,0.021519999661861,0.031732458944813,0.9267788720673352,0.929749627527954,0.6357184106615761,0.805683563748079,0.162826420890937,0.035872619394367,0.00547237445821,0.346129556543267,0.641321044546851,1.666943306599705,0.17245352677292,1302,35.53873233664089,0.8938011563567271,0.972648977831844,0.918934967010525,31.029185867895546,64.43932411674348,4.531490015360983,3,0.118495866379121,0.5,0.076588215565033,46.62058371735791,53.37941628264209,56.08602150537634,8.6,0,0.0,26.4,0,3.0,41,29.0,14.4,0.0006124325412599,-1,13.099999999999998,-0.0768049155145931,0.0768049155145931,-0.0537634408602158,2.8999999999999995,0,0.0,0,1.0
P29033 151 M L,2ZW3 A 151 M,,613.6333916861283,0.5872660790433031,0.021519999661861,0.031732458944813,0.9267788720673352,0.929749627527954,0.6357184106615761,0.805683563748079,0.162826420890937,0.035872619394367,0.00547237445821,0.346129556543267,0.641321044546851,1.666943306599705,0.17245352677292,1302,35.538629938225135,0.8938011563567271,0.972648977831844,0.918934967010525,31.029185867895546,64.43932411674348,4.531490015360983,4,0.170514208991948,0.5,0.064601113036631,46.54377880184332,53.45622119815668,56.09600614439324,4.9,0,0.0,20.3,0,2.0,48,31.0,15.6,0.0005100341255044,0,7.0,0.0,0.0,-0.0437788018433167,-0.7999999999999998,0,0.0,0,0.0
P29033 150 F Y,2ZW3 A 150 F,,613.6333916861283,0.5872660790433031,0.021519999661861,0.031732458944813,0.9267788720673352,0.929749627527954,0.6357184106615761,0.8110599078341011,0.147465437788018,0.036028764352387,0.005053379589158,0.340922302530052,0.629032258064516,1.674199113313165,0.15924954312386,1302,35.538064027639955,0.8938011563567271,0.972648977831844,0.918934967010525,31.029185867895546,64.43932411674348,4.531490015360983,8,0.148735705487597,0.5,-0.329757701591134,46.62058371735791,53.37941628264209,56.10291858678956,6.2,0,0.0,10.4,0,2.0,69,30.666666666666668,16.6,-5.587645967608523e-05,1,-0.6999999999999993,-0.0768049155145931,0.0768049155145931,-0.0368663594470035,1.0,0,0.0,0,0.0
P29033 150 F I,2ZW3 A 150 F,,613.6333916861283,0.5872660790433031,0.021519999661861,0.031732458944813,0.9267788720673352,0.929749627527954,0.6357184106615761,0.8110599078341011,0.147465437788018,0.036028764352387,0.005053379589158,0.340922302530052,0.629032258064516,1.674199113313165,0.15924954312386,1302,35.53895177135734,0.8938011563567271,0.972648977831844,0.918934967010525,31.029185867895546,64.43932411674348,4.531490015360983,4,0.160045555910539,0.5,-0.181306217647034,46.54377880184332,53.45622119815668,56.07219662058372,5.2,0,0.0,15.8,0,2.0,42,23.33333333333333,12.6,0.000831867257709,-3,4.700000000000001,0.0,0.0,-0.0675883256528422,0.0,0,0.0,0,0.0
P29033 149 A S,2ZW3 A 149 A,,613.6333916861283,0.5872660790433031,0.021519999661861,0.031732458944813,0.9267788720673352,0.929749627527954,0.6357184106615761,0.813364055299539,0.133640552995391,0.036183921335587,0.004801065707752,0.334878007935929,0.609062980030721,1.6814090104153152,0.151298256340686,1302,35.538098083544284,0.8938011563567271,0.972648977831844,0.918934967010525,31.029185867895546,64.43932411674348,4.531490015360983,2,0.184822244990128,0.5,0.278103594402816,46.62058371735791,53.37941628264209,56.12519201228879,9.2,0,0.0,53.0,0,3.0,34,30.33333333333333,22.2,-2.182055534660776e-05,1,1.0,-0.0768049155145931,0.0768049155145931,-0.0145929339477746,1.0999999999999996,0,0.0,0,1.0
P29033 149 A T,2ZW3 A 149 A,,613.6333916861283,0.5872660790433031,0.021519999661861,0.031732458944813,0.9267788720673352,0.929749627527954,0.6357184106615761,0.813364055299539,0.133640552995391,0.036183921335587,0.004801065707752,0.334878007935929,0.609062980030721,1.6814090104153152,0.151298256340686,1302,35.53818574997332,0.8938011563567271,0.972648977831844,0.918934967010525,31.029185867895546,64.43932411674348,4.531490015360983,3,0.170846317153775,0.5,0.288165878935755,46.62058371735791,53.37941628264209,56.12672811059908,8.6,0,0.0,58.6,0,3.0,34,30.33333333333333,22.2,6.584587369218298e-05,2,6.600000000000001,-0.0768049155145931,0.0768049155145931,-0.013056835637478,0.5,0,0.0,0,1.0
P29033 142 F S,2ZW3 A 142 F,,613.6333916861283,0.5872660790433031,0.021519999661861,0.031732458944813,0.9267788720673352,0.929749627527954,0.6357184106615761,0.841013824884792,0.071428571428571,0.037024959855379,0.002324626968743,0.304942186362046,0.504608294930875,1.720490726633103,0.073257070080402,1302,35.53701256135378,0.8938011563567271,0.972648977831844,0.918934967010525,31.029185867895546,64.43932411674348,4.531490015360983,2,0.212807046884754,0.5,0.223934822802078,46.62058371735791,53.37941628264209,56.09831029185868,9.2,0,0.0,23.0,0,3.0,39,29.33333333333333,24.6,-0.0011073427458541,-5,-15.4,-0.0768049155145931,0.0768049155145931,-0.041474654377879,3.999999999999999,0,0.0,0,1.0
P29033 138 S G,2ZW3 A 138 S,,613.6333916861283,0.5872660790433031,0.021519999661861,0.031732458944813,0.9267788720673352,0.929749627527954,0.6357184106615761,0.8586789554531491,0.046082949308755,0.037716366554489,0.001438790812904,0.31263624528357,0.5299539170506911,1.752619291222954,0.045341295971012,1302,35.53764317625363,0.8938011563567271,0.972648977831844,0.918934967010525,31.029185867895546,64.43932411674348,4.531490015360983,0,0.178705778141898,0.5,0.42372217705795,46.46697388632872,53.53302611367128,56.104454685099846,9.0,0,0.0,7.4,0,2.0,38,35.333333333333336,23.8,-0.0004767278459993,-2,-4.9,0.0768049155145931,-0.0768049155145931,-0.0353302611367141,-0.1999999999999993,0,0.0,0,-1.0
P29033 129 E K,2ZW3 A 129 E,,613.6333916861283,0.5872660790433031,0.021519999661861,0.031732458944813,0.9267788720673352,0.929749627527954,0.6357184106615761,0.9231950844854072,0.102150537634408,0.040278220330528,0.003722826115789,0.415459682851181,0.7926267281105991,1.8716645429094192,0.117319181670208,1302,35.537993453679924,0.8938011563567271,0.972648977831844,0.918934967010525,31.029185867895546,64.43932411674348,4.531490015360983,5,0.342316573137773,0.5,1.122962665391093,46.54377880184332,53.45622119815668,56.11981566820276,11.3,1,1.0,50.8,0,1.0,36,20.0,6.8,-0.0001264504197067,0,0.5,0.0,0.0,-0.0199692780337983,-1.0,0,2.0,0,-1.0
P29033 126 V I,2ZW3 A 126 V,,613.6333916861283,0.5872660790433031,0.021519999661861,0.031732458944813,0.9267788720673352,0.929749627527954,0.6357184106615761,0.943932411674347,0.204301075268817,0.041682342553535,0.006868722166792,0.508036659387185,0.8909370199692781,1.936911859130148,0.21645729310602,1302,35.537449149541985,0.8938011563567271,0.972648977831844,0.918934967010525,31.029185867895546,64.43932411674348,4.531490015360983,4,0.399852780610378,1.0,1.678959431926104,46.54377880184332,53.45622119815668,56.12442396313364,5.2,0,0.0,65.7,0,0.0,15,9.666666666666666,13.4,-0.000670754557646,1,-3.899999999999992,0.0,0.0,-0.0153609831029228,-0.7000000000000002,0,0.0,0,0.0
P29033 125 K Q,2ZW3 A 125 K,,613.6333916861283,0.5872660790433031,0.021519999661861,0.031732458944813,0.9267788720673352,0.929749627527954,0.6357184106615761,0.948540706605222,0.214285714285714,0.041794819678539,0.007215015103142,0.495797677250485,0.8755760368663591,1.942138491415039,0.227370186334769,1302,35.53836959773959,0.8938011563567271,0.972648977831844,0.918934967010525,31.029185867895546,64.43932411674348,4.531490015360983,5,0.425383543241857,1.0,1.220966079164148,46.54377880184332,53.45622119815668,56.104454685099846,10.5,0,0.0,23.7,0,2.0,45,19.0,8.0,0.000249693639958,0,-7.199999999999999,0.0,0.0,-0.0353302611367141,-0.8000000000000007,-1,-1.0,0,-1.0
P29033 121 I T,2ZW3 A 121 I,,613.6333916861283,0.5872660790433031,0.021519999661861,0.031732458944813,0.9267788720673352,0.929749627527954,0.6357184106615761,0.9631336405529952,0.268817204301075,0.042692216170875,0.009974369867559,0.5954060909976241,0.949308755760368,1.983839072569174,0.314327039228393,1302,35.538590074962144,0.8938011563567271,0.972648977831844,0.918934967010525,31.029185867895546,64.43932411674348,4.531490015360983,3,0.5176855323353521,0.5,1.425064168923293,46.62058371735791,53.37941628264209,56.096774193548384,8.6,0,0.0,29.0,0,2.0,44,15.0,3.0,0.0004701708625134,-1,4.699999999999999,-0.0768049155145931,0.0768049155145931,-0.0430107526881755,3.3999999999999995,0,0.0,0,0.0
P29033 118 I T,2ZW3 A 118 I,,613.6333916861283,0.5872660790433031,0.021519999661861,0.031732458944813,0.9267788720673352,0.929749627527954,0.6357184106615761,0.9662058371735792,0.304147465437788,0.04283114770593,0.012259105316068,0.597488507545039,0.952380952380952,1.99029499902075,0.38632698894808,1302,35.538208913218774,0.8938011563567271,0.972648977831844,0.918934967010525,31.029185867895546,64.43932411674348,4.531490015360983,3,0.6152878397425541,1.0,1.73115830811909,46.62058371735791,53.37941628264209,56.096774193548384,8.6,0,0.0,21.4,0,2.0,37,10.0,5.4,8.900911914366816e-05,-1,-2.700000000000003,-0.0768049155145931,0.0768049155145931,-0.0430107526881755,3.3999999999999995,0,0.0,0,0.0
P29033 117 D V,2ZW3 A 117 D,,613.6333916861283,0.5872660790433031,0.021519999661861,0.031732458944813,0.9267788720673352,0.929749627527954,0.6357184106615761,0.9615975422427032,0.338709677419354,0.042638293622734,0.014758537683159,0.5495182371478441,0.919354838709677,1.981333377913573,0.465092784294655,1302,35.53857337636452,0.8938011563567271,0.972648977831844,0.918934967010525,31.029185867895546,64.43932411674348,4.531490015360983,3,0.430604190569892,1.0,1.780806982648917,46.46697388632872,53.53302611367128,56.14055299539171,5.9,0,0.0,62.8,0,0.0,17,15.666666666666666,9.4,0.000453472264887,-1,-13.900000000000006,0.0768049155145931,-0.0768049155145931,0.0007680491551482,-7.1,-1,1.0,0,0.0
P29033 117 D G,2ZW3 A 117 D,,613.6333916861283,0.5872660790433031,0.021519999661861,0.031732458944813,0.9267788720673352,0.929749627527954,0.6357184106615761,0.9615975422427032,0.338709677419354,0.042638293622734,0.014758537683159,0.5495182371478441,0.919354838709677,1.981333377913573,0.465092784294655,1302,35.538798090928296,0.8938011563567271,0.972648977831844,0.918934967010525,31.029185867895546,64.43932411674348,4.531490015360983,0,0.501575841433705,1.0,1.805428793604256,46.46697388632872,53.53302611367128,56.13056835637481,9.0,0,0.0,69.7,0,0.0,7,14.0,9.4,0.0006781868286651,-4,-7.0,0.0768049155145931,-0.0768049155145931,-0.0092165898617508,-4.0,-1,1.0,0,0.0
P29033 106 F S,2ZW3 A 106 F,,613.6333916861283,0.5872660790433031,0.021519999661861,0.031732458944813,0.9267788720673352,0.929749627527954,0.6357184106615761,0.893241167434715,0.063748079877112,0.038857676866286,0.002108942677758,0.5611934467767871,0.929339477726574,1.805654157846118,0.066460108919578,1302,35.53720579988252,0.8938011563567271,0.972648977831844,0.918934967010525,31.029185867895546,64.43932411674348,4.531490015360983,2,0.5850997738644871,1.0,1.075081789323432,46.62058371735791,53.37941628264209,56.07450076804916,9.2,0,0.0,39.7,0,1.0,12,6.666666666666667,2.8,-0.0009141042171094,-5,15.300000000000004,-0.0768049155145931,0.0768049155145931,-0.0652841781874045,3.999999999999999,0,0.0,0,0.0
P29033 104 R S,2ZW3 A 104 R,,613.6333916861283,0.5872660790433031,0.021519999661861,0.031732458944813,0.9267788720673352,0.929749627527954,0.6357184106615761,0.8771121351766511,0.100614439324116,0.038247864307285,0.003697080278863,0.5067980059847731,0.8894009216589861,1.777317142577405,0.116507840923791,1302,35.5375463745925,0.8938011563567271,0.972648977831844,0.918934967010525,31.029185867895546,64.43932411674348,4.531490015360983,2,0.471801236070211,0.5,0.7368751512692141,46.54377880184332,53.45622119815668,56.12672811059908,9.2,0,0.0,92.0,0,0.0,9,5.333333333333333,9.8,-0.0005735295071289,-5,8.299999999999997,0.0,0.0,-0.013056835637478,-1.3000000000000007,-1,-1.0,0,0.0
P29033 103 K R,2ZW3 A 103 K,,613.6333916861283,0.5872660790433031,0.021519999661861,0.031732458944813,0.9267788720673352,0.929749627527954,0.6357184106615761,0.876344086021505,0.09984639016897,0.038247864307285,0.003697080278863,0.5067980059847741,0.890168970814132,1.777317142577404,0.11650784092379,1302,35.53839047814683,0.8938011563567271,0.972648977831844,0.918934967010525,31.029185867895546,64.43932411674348,4.531490015360983,7,0.426614338401446,0.5,0.40282584272196,46.54377880184332,53.45622119815668,56.12749615975422,10.5,1,1.0,87.2,0,0.0,14,9.333333333333332,7.0,0.0002705740471995,2,2.200000000000003,0.0,0.0,-0.0122887864823368,-0.8000000000000007,0,0.0,0,0.0
P29033 102 K N,2ZW3 A 102 K,,613.6333916861283,0.5872660790433031,0.021519999661861,0.031732458944813,0.9267788720673352,0.929749627527954,0.6357184106615761,0.8602150537634401,0.129800307219662,0.037738679338894,0.004679061710909,0.449180715285627,0.8294930875576031,1.753656130663276,0.147453486634847,1302,35.5380331316338,0.8938011563567271,0.972648977831844,0.918934967010525,31.029185867895546,64.43932411674348,4.531490015360983,4,0.397559828192524,0.5,0.640541040054832,46.54377880184332,53.45622119815668,56.09907834101382,11.6,0,0.0,50.3,0,2.0,32,11.0,3.6,-8.677246582777798e-05,-1,4.199999999999996,0.0,0.0,-0.0407066052227378,0.2999999999999989,-1,-1.0,0,1.0
P29033 98 R G,2ZW3 A 98 R,,613.6333916861283,0.5872660790433031,0.021519999661861,0.031732458944813,0.9267788720673352,0.929749627527954,0.6357184106615761,0.825652841781874,0.192780337941628,0.036444990674109,0.006511781229305,0.354990870584633,0.661290322580645,1.693540485444293,0.205208844377004,1302,35.53692384262561,0.8938011563567271,0.972648977831844,0.918934967010525,31.029185867895546,64.43932411674348,4.531490015360983,0,0.45866617777422,0.5,0.357545788979955,46.46697388632872,53.53302611367128,56.046082949308754,9.0,0,0.0,30.8,0,1.0,28,23.33333333333333,9.4,-0.0011960614740189,-7,12.400000000000002,0.0768049155145931,-0.0768049155145931,-0.0937019969278054,-1.5,-1,-1.0,0,-2.0
P29033 96 A G,2ZW3 A 96 A,,613.6333916861283,0.5872660790433031,0.021519999661861,0.031732458944813,0.9267788720673352,0.929749627527954,0.6357184106615761,0.790322580645161,0.226574500768049,0.035410446434776,0.0079671527356,0.297077021822092,0.460829493087557,1.645466867619568,0.251072655587665,1302,35.538878050381534,0.8938011563567271,0.972648977831844,0.918934967010525,31.029185867895546,64.43932411674348,4.531490015360983,0,0.351061874001803,0.5,-0.171302195976247,46.54377880184332,53.45622119815668,56.105222734254994,9.0,0,0.0,6.7,0,2.0,38,32.0,23.4,0.0007581462819032,-1,-6.999999999999999,0.0,0.0,-0.0345622119815658,0.9000000000000004,0,0.0,0,-1.0
P29033 95 V A,2ZW3 A 95 V,,613.6333916861283,0.5872660790433031,0.021519999661861,0.031732458944813,0.9267788720673352,0.929749627527954,0.6357184106615761,0.8064516129032251,0.176651305683563,0.035884565245704,0.005992933949537,0.268614403717998,0.287250384024577,1.667498411224453,0.18885816444165,1302,35.53812776284852,0.8938011563567271,0.972648977831844,0.918934967010525,31.029185867895546,64.43932411674348,4.531490015360983,1,0.391696455333781,0.5,-0.032549068267254,46.54377880184332,53.45622119815668,56.08141321044547,8.1,0,0.0,24.5,0,2.0,36,33.0,25.0,7.858748887201727e-06,-2,3.5,0.0,0.0,-0.0583717357910913,2.1999999999999997,0,0.0,0,0.0
P29033 94 H Q,2ZW3 A 94 H,,613.6333916861283,0.5872660790433031,0.021519999661861,0.031732458944813,0.9267788720673352,0.929749627527954,0.6357184106615761,0.799539170506912,0.192012288786482,0.03566164048919,0.006479697820284,0.273883511312732,0.31874039938556,1.657139453974622,0.204197784721102,1302,35.538059618295954,0.8938011563567271,0.972648977831844,0.918934967010525,31.029185867895546,64.43932411674348,4.531490015360983,5,0.379514453747008,0.5,0.160394857824836,46.54377880184332,53.45622119815668,56.08602150537634,10.5,0,0.0,1.7,0,2.0,70,45.66666666666666,23.4,-6.028580367711811e-05,-1,1.2,0.0,0.0,-0.0537634408602158,0.0999999999999996,-1,0.0,0,-3.0
P29033 94 H L,2ZW3 A 94 H,,613.6333916861283,0.5872660790433031,0.021519999661861,0.031732458944813,0.9267788720673352,0.929749627527954,0.6357184106615761,0.799539170506912,0.192012288786482,0.03566164048919,0.006479697820284,0.273883511312732,0.31874039938556,1.657139453974622,0.204197784721102,1302,35.537697954889495,0.8938011563567271,0.972648977831844,0.918934967010525,31.029185867895546,64.43932411674348,4.531490015360983,4,0.347629046645174,0.5,0.098776573595021,46.46697388632872,53.53302611367128,56.076036866359445,4.9,0,0.0,0.2,0,2.0,63,43.66666666666666,22.4,-0.0004219492101356,-2,-0.3,0.0768049155145931,-0.0768049155145931,-0.063748079877115,-5.5,-1,0.0,0,-3.0
P29033 94 H Y,2ZW3 A 94 H,,613.6333916861283,0.5872660790433031,0.021519999661861,0.031732458944813,0.9267788720673352,0.929749627527954,0.6357184106615761,0.799539170506912,0.192012288786482,0.03566164048919,0.006479697820284,0.273883511312732,0.31874039938556,1.657139453974622,0.204197784721102,1302,35.538527230709,0.8938011563567271,0.972648977831844,0.918934967010525,31.029185867895546,64.43932411674348,4.531490015360983,8,0.326135151047524,0.5,0.219673656982519,46.54377880184332,53.45622119815668,56.10291858678956,6.2,0,0.0,7.5,0,3.0,78,48.0,24.8,0.0004073266093698,2,7.0,0.0,0.0,-0.0368663594470035,-4.2,-1,0.0,0,-2.0
P29033 89 L F,2ZW3 A 89 L,,613.6333916861283,0.5872660790433031,0.021519999661861,0.031732458944813,0.9267788720673352,0.929749627527954,0.6357184106615761,0.7511520737327181,0.231182795698924,0.033832214383748,0.008168880294345,0.237288364823611,0.105990783410138,1.5721289458804,0.257429791638637,1302,35.53813391881656,0.8938011563567271,0.972648977831844,0.918934967010525,31.029185867895546,64.43932411674348,4.531490015360983,7,0.299447565883686,0.5,-0.8971598639382771,46.54377880184332,53.45622119815668,56.10675883256528,5.2,0,0.0,14.3,0,2.0,74,38.0,28.2,1.4014716931853854e-05,3,1.4000000000000004,0.0,0.0,-0.0330261136712763,0.2999999999999998,0,0.0,0,0.0
P29033 87 P L,2ZW3 A 87 P,,613.6333916861283,0.5872660790433031,0.021519999661861,0.031732458944813,0.9267788720673352,0.929749627527954,0.6357184106615761,0.7603686635944701,0.199692780337941,0.034188755417879,0.006653914484217,0.26148232969539,0.244239631336405,1.588696838061314,0.209687956921012,1302,35.538217054589055,0.8938011563567271,0.972648977831844,0.918934967010525,31.029185867895546,64.43932411674348,4.531490015360983,4,0.414231955654336,0.5,-0.332763171734958,46.54377880184332,53.45622119815668,56.11981566820276,4.9,0,0.0,9.0,0,2.0,65,36.333333333333336,22.4,9.715048942382508e-05,1,-2.8000000000000007,0.0,0.0,-0.0199692780337983,-3.1,0,0.0,0,0.0
P29033 79 L R,2ZW3 A 79 L,,613.6333916861283,0.5872660790433031,0.021519999661861,0.031732458944813,0.9267788720673352,0.929749627527954,0.6357184106615761,0.6589861751152071,0.246543778801843,0.030285669584452,0.008837787119309,0.238902180946767,0.115975422427035,1.407326675665623,0.278509369055807,1302,35.53836074906257,0.8938011563567271,0.972648977831844,0.918934967010525,31.029185867895546,64.43932411674348,4.531490015360983,7,0.272782407526665,0.5,-0.951482234989018,46.62058371735791,53.37941628264209,56.09216589861751,10.5,1,1.0,7.4,0,2.0,66,40.333333333333336,35.0,0.0002408449629385,3,-1.6999999999999993,-0.0768049155145931,0.0768049155145931,-0.047619047619051,5.6,1,1.0,0,0.0
P29033 78 A V,2ZW3 A 78 A,,613.6333916861283,0.5872660790433031,0.021519999661861,0.031732458944813,0.9267788720673352,0.929749627527954,0.6357184106615761,0.6682027649769581,0.210445468509984,0.030596020308381,0.007140136411903,0.228202864031297,0.063748079877112,1.421748177933537,0.225010498692249,1302,35.538074582544745,0.8938011563567271,0.972648977831844,0.918934967010525,31.029185867895546,64.43932411674348,4.531490015360983,3,0.282428859020433,0.5,-1.453872545741884,46.54377880184332,53.45622119815668,56.11904761904762,5.9,0,0.0,10.6,0,2.0,51,50.66666666666666,36.2,-4.532155488590206e-05,2,-0.9000000000000004,0.0,0.0,-0.0207373271889395,-2.1999999999999997,0,0.0,0,0.0
P29033 76 L V,2ZW3 A 76 L,,613.6333916861283,0.5872660790433031,0.021519999661861,0.031732458944813,0.9267788720673352,0.929749627527954,0.6357184106615761,0.644393241167434,0.179723502304147,0.029825685946054,0.006113285557221,0.242536224232795,0.135176651305683,1.385951970943236,0.192650861625732,1302,35.53744217637238,0.8938011563567271,0.972648977831844,0.918934967010525,31.029185867895546,64.43932411674348,4.531490015360983,3,0.233367096844185,0.5,-0.91442101953558,46.54377880184332,53.45622119815668,56.07834101382488,5.9,0,0.0,10.7,0,2.0,54,54.66666666666666,33.8,-0.0006777277272504,-1,-1.9000000000000004,0.0,0.0,-0.0614439324116773,1.0,0,0.0,0,0.0
P29033 72 S F,2ZW3 A 72 S,,613.6333916861283,0.5872660790433031,0.021519999661861,0.031732458944813,0.9267788720673352,0.929749627527954,0.6357184106615761,0.587557603686635,0.113671274961597,0.029006731766248,0.004180643959795,0.245914280906475,0.155145929339477,1.347896478718606,0.131746612106739,1302,35.5373389465561,0.8938011563567271,0.972648977831844,0.918934967010525,31.029185867895546,64.43932411674348,4.531490015360983,7,0.231200402219764,1.0,-1.191732612667276,46.46697388632872,53.53302611367128,56.142089093702,5.2,0,0.0,8.6,0,1.0,67,41.333333333333336,29.8,-0.0007809575435331,5,4.6,0.0768049155145931,-0.0768049155145931,0.0023041474654377,-3.999999999999999,0,0.0,0,0.0
P29033 69 F L,2ZW3 A 69 F,,613.6333916861283,0.5872660790433031,0.021519999661861,0.031732458944813,0.9267788720673352,0.929749627527954,0.6357184106615761,0.549155145929339,0.091397849462365,0.028350674496979,0.003342107695145,0.256135725424394,0.21121351766513,1.317410545652747,0.105321421858853,1302,35.53842075466146,0.8938011563567271,0.972648977831844,0.918934967010525,31.029185867895546,64.43932411674348,4.531490015360983,4,0.263259838717473,1.0,-0.373958951390255,46.54377880184332,53.45622119815668,56.076036866359445,4.9,0,0.0,5.3,0,1.0,38,31.33333333333333,25.6,0.0003008505618282,-3,1.0,0.0,0.0,-0.063748079877115,-0.2999999999999998,0,0.0,0,0.0
P29033 68 Y C,2ZW3 A 68 Y,,613.6333916861283,0.5872660790433031,0.021519999661861,0.031732458944813,0.9267788720673352,0.929749627527954,0.6357184106615761,0.506144393241167,0.093701996927803,0.027425241100947,0.003377255410648,0.327201339752457,0.58294930875576,1.274407134380781,0.10642904845546,1302,35.538633437841106,0.8938011563567271,0.972648977831844,0.918934967010525,31.029185867895546,64.43932411674348,4.531490015360983,2,0.231769957949714,0.5,0.095106040958467,46.54377880184332,53.45622119815668,56.06912442396313,5.5,0,0.0,26.5,0,2.0,27,24.0,14.2,0.0005135337414756,-6,12.4,0.0,0.0,-0.0706605222734282,-0.7000000000000002,0,0.0,0,1.0
P29033 62 N S,2ZW3 A 62 N,,613.6333916861283,0.5872660790433031,0.021519999661861,0.031732458944813,0.9267788720673352,0.929749627527954,0.6357184106615761,0.470046082949308,0.059139784946236,0.026580936439892,0.001944030959302,0.263735251852952,0.259600614439324,1.235173645797042,0.061263167871204,1302,35.5386001104997,0.8938011563567271,0.972648977831844,0.918934967010525,31.029185867895546,64.43932411674348,4.531490015360983,2,0.320198858107823,0.5,-0.101128123004307,46.54377880184332,53.45622119815668,56.0852534562212,9.2,0,0.0,13.9,0,1.0,34,29.33333333333333,20.6,0.0004802064000699,-2,4.5,0.0,0.0,-0.0545314900153641,-2.4000000000000004,0,0.0,0,0.0
P29033 60 C R,2ZW3 A 60 C,,613.6333916861283,0.5872660790433031,0.021519999661861,0.031732458944813,0.9267788720673352,0.929749627527954,0.6357184106615761,0.469278033794162,0.02073732718894,0.026558853484829,0.000571496562396,0.258202381279641,0.225806451612903,1.2341474861590631,0.018009841701518,1302,35.53925443309162,0.8938011563567271,0.972648977831844,0.918934967010525,31.029185867895546,64.43932411674348,4.531490015360983,7,0.379267988418197,0.5,0.616487161570302,46.54377880184332,53.45622119815668,56.17281105990784,10.5,1,1.0,0.1,0,4.0,90,43.0,29.8,0.0011345289919901,5,-0.1,0.0,0.0,0.0330261136712763,5.0,1,1.0,-1,3.0
P29033 43 V A,2ZW3 A 43 V,,613.6333916861283,0.5872660790433031,0.021519999661861,0.031732458944813,0.9267788720673352,0.929749627527954,0.6357184106615761,0.6651305683563741,0.267281105990783,0.030481003096303,0.009910715113672,0.240119280101577,0.123655913978494,1.416403511860812,0.312321056836735,1302,35.53810042498809,0.8938011563567271,0.972648977831844,0.918934967010525,31.029185867895546,64.43932411674348,4.531490015360983,1,0.337893322275987,1.0,-1.10132608156773,46.54377880184332,53.45622119815668,56.06144393241168,8.1,0,0.0,0.2,0,2.0,22,37.0,22.4,-1.947911154331905e-05,-2,0.1,0.0,0.0,-0.0783410138248825,2.1999999999999997,0,0.0,0,0.0
P29033 40 A T,2ZW3 A 40 A,,613.6333916861283,0.5872660790433031,0.021519999661861,0.031732458944813,0.9267788720673352,0.929749627527954,0.6357184106615761,0.672043010752688,0.264208909370199,0.030661652070747,0.009823777087466,0.236149567980664,0.099078341013824,1.424797981065387,0.309581337662831,1302,35.53799931594536,0.8938011563567271,0.972648977831844,0.918934967010525,31.029185867895546,64.43932411674348,4.531490015360983,3,0.327674540500261,1.0,-1.797659218864566,46.62058371735791,53.37941628264209,56.123655913978496,8.6,0,0.0,26.1,0,2.0,32,21.33333333333333,21.2,-0.0001205881542745,2,3.700000000000003,-0.0768049155145931,0.0768049155145931,-0.016129032258064,0.5,0,0.0,0,2.0
P29033 25 L F,2ZW3 A 25 L,,613.6333916861283,0.5872660790433031,0.021519999661861,0.031732458944813,0.9267788720673352,0.929749627527954,0.6357184106615761,0.761136712749616,0.383256528417818,0.034243600915441,0.016789842081721,0.287117286339279,0.401689708141321,1.5912454207018172,0.52910624137009,1302,35.53792903739844,0.8938011563567271,0.972648977831844,0.918934967010525,31.029185867895546,64.43932411674348,4.531490015360983,7,0.228436624883243,0.5,-0.32898940040414,46.54377880184332,53.45622119815668,56.105990783410135,5.2,0,0.0,8.0,0,2.0,68,29.666666666666668,24.6,-0.0001908667011889,3,0.0,0.0,0.0,-0.0337941628264246,0.2999999999999998,0,0.0,0,0.0
P29033 24 W C,2ZW3 A 24 W,,613.6333916861283,0.5872660790433031,0.021519999661861,0.031732458944813,0.9267788720673352,0.929749627527954,0.6357184106615761,0.7557603686635941,0.43394777265745,0.033983855194349,0.018544939050059,0.296288674280925,0.456989247311828,1.579175452059963,0.584415442947908,1302,35.53721430085033,0.8938011563567271,0.972648977831844,0.918934967010525,31.029185867895546,64.43932411674348,4.531490015360983,2,0.268834690864901,0.5,-0.181258408182632,46.62058371735791,53.37941628264209,56.093701996927805,5.5,0,0.0,41.8,0,2.0,41,37.333333333333336,19.6,-0.0009056032493006,-8,-5.900000000000006,-0.0768049155145931,0.0768049155145931,-0.0460829493087544,0.0999999999999996,0,0.0,0,0.0
P29033 23 I M,2ZW3 A 23 I,,613.6333916861283,0.5872660790433031,0.021519999661861,0.031732458944813,0.9267788720673352,0.929749627527954,0.6357184106615761,0.75652841781874,0.456221198156682,0.033994445428189,0.019425690506643,0.283391991000125,0.377880184331797,1.579667563305596,0.612170980522719,1302,35.538110869085,0.8938011563567271,0.972648977831844,0.918934967010525,31.029185867895546,64.43932411674348,4.531490015360983,4,0.256377571858689,0.5,-0.277615890638569,46.54377880184332,53.45622119815668,56.093701996927805,5.7,0,0.0,16.1,0,1.0,62,30.0,18.4,-9.035014635117022e-06,0,-0.6999999999999993,0.0,0.0,-0.0460829493087544,0.5,0,0.0,0,0.0
P29033 19 S I,2ZW3 A 19 S,,613.6333916861283,0.5872660790433031,0.021519999661861,0.031732458944813,0.9267788720673352,0.929749627527954,0.6357184106615761,0.779569892473118,0.396313364055299,0.034954390531108,0.01727439169438,0.394188397287041,0.761136712749616,1.624274678454394,0.54437608268628,1302,35.537972917697466,0.8938011563567271,0.972648977831844,0.918934967010525,31.029185867895546,64.43932411674348,4.531490015360983,4,0.211046149170307,1.0,0.198346586749392,46.46697388632872,53.53302611367128,56.13671274961597,5.2,0,0.0,41.9,0,1.0,36,16.333333333333332,9.4,-0.0001469864021643,2,8.799999999999997,0.0768049155145931,-0.0768049155145931,-0.0030721966205859,-3.999999999999999,0,0.0,0,-1.0
P29033 18 T S,2ZW3 A 18 T,,613.6333916861283,0.5872660790433031,0.021519999661861,0.031732458944813,0.9267788720673352,0.929749627527954,0.6357184106615761,0.7972350230414741,0.320276497695852,0.035588256762384,0.013845919385654,0.45333619566167,0.833333333333333,1.65372942944122,0.436333011877023,1302,35.53765760409977,0.8938011563567271,0.972648977831844,0.918934967010525,31.029185867895546,64.43932411674348,4.531490015360983,2,0.265895794055435,1.0,0.238161930504749,46.54377880184332,53.45622119815668,56.12135176651306,9.2,0,0.0,48.2,0,1.0,16,18.0,9.4,-0.0004622999998602,-1,-4.799999999999997,0.0,0.0,-0.0184331797235017,0.5999999999999996,0,0.0,0,1.0
P29033 17 S C,2ZW3 A 17 S,,613.6333916861283,0.5872660790433031,0.021519999661861,0.031732458944813,0.9267788720673352,0.929749627527954,0.6357184106615761,0.8018433179723501,0.371735791090629,0.03574299268651,0.016275463547189,0.389560557094558,0.753456221198156,1.6609197606009412,0.5128963871187711,1302,35.53841632568963,0.8938011563567271,0.972648977831844,0.918934967010525,31.029185867895546,64.43932411674348,4.531490015360983,2,0.176550161577138,1.0,-0.036753055832699,46.54377880184332,53.45622119815668,56.12288786482335,5.5,0,0.0,20.2,0,0.0,21,9.333333333333332,8.6,0.0002964215900007,0,-2.400000000000002,0.0,0.0,-0.0168970814132123,-3.6999999999999993,0,0.0,0,0.0
P29033 16 H P,2ZW3 A 16 H,,613.6333916861283,0.5872660790433031,0.021519999661861,0.031732458944813,0.9267788720673352,0.929749627527954,0.6357184106615761,0.8079877112135171,0.245775729646697,0.035887865556325,0.008820148864903,0.473813934813191,0.854838709677419,1.667651771385839,0.277953526395262,1302,35.53873825227395,0.8938011563567271,0.972648977831844,0.918934967010525,31.029185867895546,64.43932411674348,4.531490015360983,3,0.345335488555145,1.0,0.043877846084559,46.46697388632872,53.53302611367128,56.12058371735791,8.0,0,0.0,71.4,0,0.0,9,12.333333333333334,11.4,0.0006183481743207,-3,4.6000000000000085,0.0768049155145931,-0.0768049155145931,-0.01920122887865,-2.4000000000000004,-1,0.0,0,0.0
P29033 13 V G,2ZW3 A 13 V,,613.6333916861283,0.5872660790433031,0.021519999661861,0.031732458944813,0.9267788720673352,0.929749627527954,0.6357184106615761,0.79800307219662,0.039170506912442,0.03560456616858,0.001175690785874,0.383888348670802,0.73963133640553,1.654487301488257,0.037050100274891,1302,35.538857804358805,0.8938011563567271,0.972648977831844,0.918934967010525,31.029185867895546,64.43932411674348,4.531490015360983,0,0.29303386479666,1.0,-0.07265326528592,46.54377880184332,53.45622119815668,56.10752688172043,9.0,0,0.0,42.4,0,0.0,18,16.0,11.6,0.0007379002591747,-3,-0.5,0.0,0.0,-0.0322580645161281,3.1,0,0.0,0,0.0
P29033 5 T M,2ZW3 A 5 T,,613.6333916861283,0.5872660790433031,0.021519999661861,0.031732458944813,0.9267788720673352,0.929749627527954,0.6357184106615761,0.6666666666666661,0.27726574500768,0.030522016110033,0.010481425481711,0.292316531074921,0.434715821812596,1.418309321078972,0.330306122823302,1302,35.538162797611186,0.8938011563567271,0.972648977831844,0.918934967010525,31.029185867895546,64.43932411674348,4.531490015360983,4,0.380761691821701,1.0,-1.939987305643534,46.46697388632872,53.53302611367128,56.12058371735791,5.7,0,0.0,12.6,0,1.0,55,28.33333333333333,26.6,4.289351155506438e-05,1,3.299999999999999,0.0768049155145931,-0.0768049155145931,-0.01920122887865,-2.8999999999999995,0,0.0,0,-1.0
