SAV_coords,Unique_SAV_coords,Uniprot_sequence_length,Asymmetric_PDB_coords,Asymmetric_PDB_length,Asymmetric_PDB_resolved_length,PDB_resolution,BioUnit_PDB_coords,OPM_PDB_coords,AF2
P29033 226 V I,P29033 226 V I,226,"Cannot map, no hits found",0,0,0.0,Cannot map,Cannot map,
P29033 217 Y D,P29033 217 Y D,226,2ZW3 A 217 Y,201,201,-999.0,2ZW3 A 217 Y 1,2ZW3 A 217 Y,P29033
P29033 215 I M,P29033 215 I M,226,2ZW3 A 215 I,201,201,-999.0,2ZW3 A 215 I 1,2ZW3 A 215 I,P29033
P29033 214 L V,P29033 214 L V,226,2ZW3 A 214 L,201,201,-999.0,2ZW3 A 214 L 1,2ZW3 A 214 L,P29033
P29033 210 L V,P29033 210 L V,226,2ZW3 A 210 L,201,201,-999.0,2ZW3 A 210 L 1,2ZW3 A 210 L,P29033
P29033 203 I T,P29033 203 I T,226,2ZW3 A 203 I,201,201,-999.0,2ZW3 A 203 I 1,2ZW3 A 203 I,P29033
P29033 197 A T,P29033 197 A T,226,2ZW3 A 197 A,201,201,-999.0,2ZW3 A 197 A 1,2ZW3 A 197 A,P29033
P29033 170 N K,P29033 170 N K,226,2ZW3 A 170 N,201,201,-999.0,2ZW3 A 170 N 1,2ZW3 A 170 N,P29033
P29033 170 N S,P29033 170 N S,226,2ZW3 A 170 N,201,201,-999.0,2ZW3 A 170 N 1,2ZW3 A 170 N,P29033
P29033 168 K R,P29033 168 K R,226,2ZW3 A 168 K,201,201,-999.0,2ZW3 A 168 K 1,2ZW3 A 168 K,P29033
P29033 156 V I,P29033 156 V I,226,2ZW3 A 156 V,201,201,-999.0,2ZW3 A 156 V 1,2ZW3 A 156 V,P29033
P29033 153 V I,P29033 153 V I,226,2ZW3 A 153 V,201,201,-999.0,2ZW3 A 153 V 1,2ZW3 A 153 V,P29033
P29033 127 R H,P29033 127 R H,226,2ZW3 A 127 R,201,201,-999.0,2ZW3 A 127 R 1,2ZW3 A 127 R,P29033
P29033 123 T N,P29033 123 T N,226,2ZW3 A 123 T,201,201,-999.0,2ZW3 A 123 T 1,2ZW3 A 123 T,P29033
P29033 121 I V,P29033 121 I V,226,2ZW3 A 121 I,201,201,-999.0,2ZW3 A 121 I 1,2ZW3 A 121 I,P29033
P29033 115 F V,P29033 115 F V,226,2ZW3 A 115 F,201,201,-999.0,2ZW3 A 115 F 1,2ZW3 A 115 F,P29033
P29033 114 E G,P29033 114 E G,226,2ZW3 A 114 E,201,201,-999.0,2ZW3 A 114 E 1,2ZW3 A 114 E,P29033
P29033 111 I T,P29033 111 I T,226,2ZW3 A 111 I,201,201,-999.0,2ZW3 A 111 I 1,2ZW3 A 111 I,P29033
P29033 107 I L,P29033 107 I L,226,2ZW3 A 107 I,201,201,-999.0,2ZW3 A 107 I 1,2ZW3 A 107 I,P29033
P29033 100 H Q,P29033 100 H Q,226,2ZW3 A 100 H,201,201,-999.0,2ZW3 A 100 H 1,2ZW3 A 100 H,P29033
P29033 83 F L,P29033 83 F L,226,2ZW3 A 83 F,201,201,-999.0,2ZW3 A 83 F 1,2ZW3 A 83 F,P29033
P29033 27 V I,P29033 27 V I,226,2ZW3 A 27 V,201,201,-999.0,2ZW3 A 27 V 1,2ZW3 A 27 V,P29033
P29033 16 H Y,P29033 16 H Y,226,2ZW3 A 16 H,201,201,-999.0,2ZW3 A 16 H 1,2ZW3 A 16 H,P29033
P29033 4 G V,P29033 4 G V,226,2ZW3 A 4 G,201,201,-999.0,2ZW3 A 4 G 1,2ZW3 A 4 G,P29033
P29033 4 G D,P29033 4 G D,226,2ZW3 A 4 G,201,201,-999.0,2ZW3 A 4 G 1,2ZW3 A 4 G,P29033
P29033 165 R W,P29033 165 R W,226,2ZW3 A 165 R,201,201,-999.0,2ZW3 A 165 R 1,2ZW3 A 165 R,P29033
P29033 34 M T,P29033 34 M T,226,2ZW3 A 34 M,201,201,-999.0,2ZW3 A 34 M 1,2ZW3 A 34 M,P29033
P29033 37 V I,P29033 37 V I,226,2ZW3 A 37 V,201,201,-999.0,2ZW3 A 37 V 1,2ZW3 A 37 V,P29033
P29033 44 W C,P29033 44 W C,226,2ZW3 A 44 W,201,201,-999.0,2ZW3 A 44 W 1,2ZW3 A 44 W,P29033
P29033 44 W S,P29033 44 W S,226,2ZW3 A 44 W,201,201,-999.0,2ZW3 A 44 W 1,2ZW3 A 44 W,P29033
P29033 50 D N,P29033 50 D N,226,2ZW3 A 50 D,201,201,-999.0,2ZW3 A 50 D 1,2ZW3 A 50 D,P29033
P29033 59 G A,P29033 59 G A,226,2ZW3 A 59 G,201,201,-999.0,2ZW3 A 59 G 1,2ZW3 A 59 G,P29033
P29033 75 R Q,P29033 75 R Q,226,2ZW3 A 75 R,201,201,-999.0,2ZW3 A 75 R 1,2ZW3 A 75 R,P29033
P29033 75 R W,P29033 75 R W,226,2ZW3 A 75 R,201,201,-999.0,2ZW3 A 75 R 1,2ZW3 A 75 R,P29033
P29033 84 V L,P29033 84 V L,226,2ZW3 A 84 V,201,201,-999.0,2ZW3 A 84 V 1,2ZW3 A 84 V,P29033
P29033 90 L P,P29033 90 L P,226,2ZW3 A 90 L,201,201,-999.0,2ZW3 A 90 L 1,2ZW3 A 90 L,P29033
P29033 95 V M,P29033 95 V M,226,2ZW3 A 95 V,201,201,-999.0,2ZW3 A 95 V 1,2ZW3 A 95 V,P29033
P29033 143 R W,P29033 143 R W,226,2ZW3 A 143 R,201,201,-999.0,2ZW3 A 143 R 1,2ZW3 A 143 R,P29033
P29033 143 R Q,P29033 143 R Q,226,2ZW3 A 143 R,201,201,-999.0,2ZW3 A 143 R 1,2ZW3 A 143 R,P29033
P29033 161 F S,P29033 161 F S,226,2ZW3 A 161 F,201,201,-999.0,2ZW3 A 161 F 1,2ZW3 A 161 F,P29033
P29033 163 M T,P29033 163 M T,226,2ZW3 A 163 M,201,201,-999.0,2ZW3 A 163 M 1,2ZW3 A 163 M,P29033
P29033 179 D N,P29033 179 D N,226,2ZW3 A 179 D,201,201,-999.0,2ZW3 A 179 D 1,2ZW3 A 179 D,P29033
P29033 184 R Q,P29033 184 R Q,226,2ZW3 A 184 R,201,201,-999.0,2ZW3 A 184 R 1,2ZW3 A 184 R,P29033
P29033 195 M T,P29033 195 M T,226,2ZW3 A 195 M,201,201,-999.0,2ZW3 A 195 M 1,2ZW3 A 195 M,P29033
P29033 197 A S,P29033 197 A S,226,2ZW3 A 197 A,201,201,-999.0,2ZW3 A 197 A 1,2ZW3 A 197 A,P29033
P29033 202 C F,P29033 202 C F,226,2ZW3 A 202 C,201,201,-999.0,2ZW3 A 202 C 1,2ZW3 A 202 C,P29033
P29033 205 L V,P29033 205 L V,226,2ZW3 A 205 L,201,201,-999.0,2ZW3 A 205 L 1,2ZW3 A 205 L,P29033
P29033 206 N S,P29033 206 N S,226,2ZW3 A 206 N,201,201,-999.0,2ZW3 A 206 N 1,2ZW3 A 206 N,P29033
P29033 224 K Q,P29033 224 K Q,226,"Cannot map, no hits found",0,0,0.0,Cannot map,Cannot map,
P29033 222 S T,P29033 222 S T,226,"Cannot map, no hits found",0,0,0.0,Cannot map,Cannot map,
P29033 221 K N,P29033 221 K N,226,"Cannot map, no hits found",0,0,0.0,Cannot map,Cannot map,
P29033 220 G V,P29033 220 G V,226,"Cannot map, no hits found",0,0,0.0,Cannot map,Cannot map,
P29033 219 S F,P29033 219 S F,226,"Cannot map, no hits found",0,0,0.0,Cannot map,Cannot map,
P29033 218 C S,P29033 218 C S,226,"Cannot map, no hits found",0,0,0.0,Cannot map,Cannot map,
P29033 216 R I,P29033 216 R I,226,2ZW3 A 216 R,201,201,-999.0,2ZW3 A 216 R 1,2ZW3 A 216 R,P29033
P29033 209 E D,P29033 209 E D,226,2ZW3 A 209 E,201,201,-999.0,2ZW3 A 209 E 1,2ZW3 A 209 E,P29033
P29033 209 E G,P29033 209 E G,226,2ZW3 A 209 E,201,201,-999.0,2ZW3 A 209 E 1,2ZW3 A 209 E,P29033
P29033 207 V L,P29033 207 V L,226,2ZW3 A 207 V,201,201,-999.0,2ZW3 A 207 V 1,2ZW3 A 207 V,P29033
P29033 201 I M,P29033 201 I M,226,2ZW3 A 201 I,201,201,-999.0,2ZW3 A 201 I 1,2ZW3 A 201 I,P29033
P29033 198 V G,P29033 198 V G,226,2ZW3 A 198 V,201,201,-999.0,2ZW3 A 198 V 1,2ZW3 A 198 V,P29033
P29033 196 I M,P29033 196 I M,226,2ZW3 A 196 I,201,201,-999.0,2ZW3 A 196 I 1,2ZW3 A 196 I,P29033
P29033 196 I S,P29033 196 I S,226,2ZW3 A 196 I,201,201,-999.0,2ZW3 A 196 I 1,2ZW3 A 196 I,P29033
P29033 195 M I,P29033 195 M I,226,2ZW3 A 195 M,201,201,-999.0,2ZW3 A 195 M 1,2ZW3 A 195 M,P29033
P29033 189 T N,P29033 189 T N,226,2ZW3 A 189 T,201,201,-999.0,2ZW3 A 189 T 1,2ZW3 A 189 T,P29033
P29033 187 E G,P29033 187 E G,226,2ZW3 A 187 E,201,201,-999.0,2ZW3 A 187 E 1,2ZW3 A 187 E,P29033
P29033 180 C F,P29033 180 C F,226,2ZW3 A 180 C,201,201,-999.0,2ZW3 A 180 C 1,2ZW3 A 180 C,P29033
P29033 180 C Y,P29033 180 C Y,226,2ZW3 A 180 C,201,201,-999.0,2ZW3 A 180 C 1,2ZW3 A 180 C,P29033
P29033 179 D Y,P29033 179 D Y,226,2ZW3 A 179 D,201,201,-999.0,2ZW3 A 179 D 1,2ZW3 A 179 D,P29033
P29033 178 V L,P29033 178 V L,226,2ZW3 A 178 V,201,201,-999.0,2ZW3 A 178 V 1,2ZW3 A 178 V,P29033
P29033 177 T A,P29033 177 T A,226,2ZW3 A 177 T,201,201,-999.0,2ZW3 A 177 T 1,2ZW3 A 177 T,P29033
P29033 176 N S,P29033 176 N S,226,2ZW3 A 176 N,201,201,-999.0,2ZW3 A 176 N 1,2ZW3 A 176 N,P29033
P29033 173 P L,P29033 173 P L,226,2ZW3 A 173 P,201,201,-999.0,2ZW3 A 173 P 1,2ZW3 A 173 P,P29033
P29033 171 A V,P29033 171 A V,226,2ZW3 A 171 A,201,201,-999.0,2ZW3 A 171 A 1,2ZW3 A 171 A,P29033
P29033 169 C G,P29033 169 C G,226,2ZW3 A 169 C,201,201,-999.0,2ZW3 A 169 C 1,2ZW3 A 169 C,P29033
P29033 169 C S,P29033 169 C S,226,2ZW3 A 169 C,201,201,-999.0,2ZW3 A 169 C 1,2ZW3 A 169 C,P29033
P29033 168 K E,P29033 168 K E,226,2ZW3 A 168 K,201,201,-999.0,2ZW3 A 168 K 1,2ZW3 A 168 K,P29033
P29033 167 V G,P29033 167 V G,226,2ZW3 A 167 V,201,201,-999.0,2ZW3 A 167 V 1,2ZW3 A 167 V,P29033
P29033 167 V A,P29033 167 V A,226,2ZW3 A 167 V,201,201,-999.0,2ZW3 A 167 V 1,2ZW3 A 167 V,P29033
P29033 167 V M,P29033 167 V M,226,2ZW3 A 167 V,201,201,-999.0,2ZW3 A 167 V 1,2ZW3 A 167 V,P29033
P29033 165 R Q,P29033 165 R Q,226,2ZW3 A 165 R,201,201,-999.0,2ZW3 A 165 R 1,2ZW3 A 165 R,P29033
P29033 164 Q E,P29033 164 Q E,226,2ZW3 A 164 Q,201,201,-999.0,2ZW3 A 164 Q 1,2ZW3 A 164 Q,P29033
P29033 161 F V,P29033 161 F V,226,2ZW3 A 161 F,201,201,-999.0,2ZW3 A 161 F 1,2ZW3 A 161 F,P29033
P29033 157 M I,P29033 157 M I,226,2ZW3 A 157 M,201,201,-999.0,2ZW3 A 157 M 1,2ZW3 A 157 M,P29033
P29033 157 M T,P29033 157 M T,226,2ZW3 A 157 M,201,201,-999.0,2ZW3 A 157 M 1,2ZW3 A 157 M,P29033
P29033 155 Y C,P29033 155 Y C,226,2ZW3 A 155 Y,201,201,-999.0,2ZW3 A 155 Y 1,2ZW3 A 155 Y,P29033
P29033 155 Y S,P29033 155 Y S,226,2ZW3 A 155 Y,201,201,-999.0,2ZW3 A 155 Y 1,2ZW3 A 155 Y,P29033
P29033 151 M I,P29033 151 M I,226,2ZW3 A 151 M,201,201,-999.0,2ZW3 A 151 M 1,2ZW3 A 151 M,P29033
P29033 151 M T,P29033 151 M T,226,2ZW3 A 151 M,201,201,-999.0,2ZW3 A 151 M 1,2ZW3 A 151 M,P29033
P29033 151 M L,P29033 151 M L,226,2ZW3 A 151 M,201,201,-999.0,2ZW3 A 151 M 1,2ZW3 A 151 M,P29033
P29033 150 F Y,P29033 150 F Y,226,2ZW3 A 150 F,201,201,-999.0,2ZW3 A 150 F 1,2ZW3 A 150 F,P29033
P29033 150 F I,P29033 150 F I,226,2ZW3 A 150 F,201,201,-999.0,2ZW3 A 150 F 1,2ZW3 A 150 F,P29033
P29033 149 A S,P29033 149 A S,226,2ZW3 A 149 A,201,201,-999.0,2ZW3 A 149 A 1,2ZW3 A 149 A,P29033
P29033 149 A T,P29033 149 A T,226,2ZW3 A 149 A,201,201,-999.0,2ZW3 A 149 A 1,2ZW3 A 149 A,P29033
P29033 142 F S,P29033 142 F S,226,2ZW3 A 142 F,201,201,-999.0,2ZW3 A 142 F 1,2ZW3 A 142 F,P29033
P29033 138 S G,P29033 138 S G,226,2ZW3 A 138 S,201,201,-999.0,2ZW3 A 138 S 1,2ZW3 A 138 S,P29033
P29033 129 E K,P29033 129 E K,226,2ZW3 A 129 E,201,201,-999.0,2ZW3 A 129 E 1,2ZW3 A 129 E,P29033
P29033 126 V I,P29033 126 V I,226,2ZW3 A 126 V,201,201,-999.0,2ZW3 A 126 V 1,2ZW3 A 126 V,P29033
P29033 125 K Q,P29033 125 K Q,226,2ZW3 A 125 K,201,201,-999.0,2ZW3 A 125 K 1,2ZW3 A 125 K,P29033
P29033 121 I T,P29033 121 I T,226,2ZW3 A 121 I,201,201,-999.0,2ZW3 A 121 I 1,2ZW3 A 121 I,P29033
P29033 118 I T,P29033 118 I T,226,2ZW3 A 118 I,201,201,-999.0,2ZW3 A 118 I 1,2ZW3 A 118 I,P29033
P29033 117 D V,P29033 117 D V,226,2ZW3 A 117 D,201,201,-999.0,2ZW3 A 117 D 1,2ZW3 A 117 D,P29033
P29033 117 D G,P29033 117 D G,226,2ZW3 A 117 D,201,201,-999.0,2ZW3 A 117 D 1,2ZW3 A 117 D,P29033
P29033 106 F S,P29033 106 F S,226,2ZW3 A 106 F,201,201,-999.0,2ZW3 A 106 F 1,2ZW3 A 106 F,P29033
P29033 104 R S,P29033 104 R S,226,2ZW3 A 104 R,201,201,-999.0,2ZW3 A 104 R 1,2ZW3 A 104 R,P29033
P29033 103 K R,P29033 103 K R,226,2ZW3 A 103 K,201,201,-999.0,2ZW3 A 103 K 1,2ZW3 A 103 K,P29033
P29033 102 K N,P29033 102 K N,226,2ZW3 A 102 K,201,201,-999.0,2ZW3 A 102 K 1,2ZW3 A 102 K,P29033
P29033 98 R G,P29033 98 R G,226,2ZW3 A 98 R,201,201,-999.0,2ZW3 A 98 R 1,2ZW3 A 98 R,P29033
P29033 96 A G,P29033 96 A G,226,2ZW3 A 96 A,201,201,-999.0,2ZW3 A 96 A 1,2ZW3 A 96 A,P29033
P29033 95 V A,P29033 95 V A,226,2ZW3 A 95 V,201,201,-999.0,2ZW3 A 95 V 1,2ZW3 A 95 V,P29033
P29033 94 H Q,P29033 94 H Q,226,2ZW3 A 94 H,201,201,-999.0,2ZW3 A 94 H 1,2ZW3 A 94 H,P29033
P29033 94 H L,P29033 94 H L,226,2ZW3 A 94 H,201,201,-999.0,2ZW3 A 94 H 1,2ZW3 A 94 H,P29033
P29033 94 H Y,P29033 94 H Y,226,2ZW3 A 94 H,201,201,-999.0,2ZW3 A 94 H 1,2ZW3 A 94 H,P29033
P29033 89 L F,P29033 89 L F,226,2ZW3 A 89 L,201,201,-999.0,2ZW3 A 89 L 1,2ZW3 A 89 L,P29033
P29033 87 P L,P29033 87 P L,226,2ZW3 A 87 P,201,201,-999.0,2ZW3 A 87 P 1,2ZW3 A 87 P,P29033
P29033 79 L R,P29033 79 L R,226,2ZW3 A 79 L,201,201,-999.0,2ZW3 A 79 L 1,2ZW3 A 79 L,P29033
P29033 78 A V,P29033 78 A V,226,2ZW3 A 78 A,201,201,-999.0,2ZW3 A 78 A 1,2ZW3 A 78 A,P29033
P29033 76 L V,P29033 76 L V,226,2ZW3 A 76 L,201,201,-999.0,2ZW3 A 76 L 1,2ZW3 A 76 L,P29033
P29033 72 S F,P29033 72 S F,226,2ZW3 A 72 S,201,201,-999.0,2ZW3 A 72 S 1,2ZW3 A 72 S,P29033
P29033 69 F L,P29033 69 F L,226,2ZW3 A 69 F,201,201,-999.0,2ZW3 A 69 F 1,2ZW3 A 69 F,P29033
P29033 68 Y C,P29033 68 Y C,226,2ZW3 A 68 Y,201,201,-999.0,2ZW3 A 68 Y 1,2ZW3 A 68 Y,P29033
P29033 62 N S,P29033 62 N S,226,2ZW3 A 62 N,201,201,-999.0,2ZW3 A 62 N 1,2ZW3 A 62 N,P29033
P29033 60 C R,P29033 60 C R,226,2ZW3 A 60 C,201,201,-999.0,2ZW3 A 60 C 1,2ZW3 A 60 C,P29033
P29033 43 V A,P29033 43 V A,226,2ZW3 A 43 V,201,201,-999.0,2ZW3 A 43 V 1,2ZW3 A 43 V,P29033
P29033 40 A T,P29033 40 A T,226,2ZW3 A 40 A,201,201,-999.0,2ZW3 A 40 A 1,2ZW3 A 40 A,P29033
P29033 25 L F,P29033 25 L F,226,2ZW3 A 25 L,201,201,-999.0,2ZW3 A 25 L 1,2ZW3 A 25 L,P29033
P29033 24 W C,P29033 24 W C,226,2ZW3 A 24 W,201,201,-999.0,2ZW3 A 24 W 1,2ZW3 A 24 W,P29033
P29033 23 I M,P29033 23 I M,226,2ZW3 A 23 I,201,201,-999.0,2ZW3 A 23 I 1,2ZW3 A 23 I,P29033
P29033 19 S I,P29033 19 S I,226,2ZW3 A 19 S,201,201,-999.0,2ZW3 A 19 S 1,2ZW3 A 19 S,P29033
P29033 18 T S,P29033 18 T S,226,2ZW3 A 18 T,201,201,-999.0,2ZW3 A 18 T 1,2ZW3 A 18 T,P29033
P29033 17 S C,P29033 17 S C,226,2ZW3 A 17 S,201,201,-999.0,2ZW3 A 17 S 1,2ZW3 A 17 S,P29033
P29033 16 H P,P29033 16 H P,226,2ZW3 A 16 H,201,201,-999.0,2ZW3 A 16 H 1,2ZW3 A 16 H,P29033
P29033 13 V G,P29033 13 V G,226,2ZW3 A 13 V,201,201,-999.0,2ZW3 A 13 V 1,2ZW3 A 13 V,P29033
P29033 5 T M,P29033 5 T M,226,2ZW3 A 5 T,201,201,-999.0,2ZW3 A 5 T 1,2ZW3 A 5 T,P29033
