SAV_coords,EVmut-DeltaE_indep,EVmut-DeltaE_epist,ANM_MSF-sliced,ANM_effectiveness-chain,GNM_effectiveness-chain,GNM_sensitivity-chain,EVmut-wt_aa_cons,Delta_SASA,stiffness-reduced,GNM_MSF-reduced,GNM_sensitivity-reduced,ANM_sensitivity-sliced,ANM_MSF-reduced,BLOSUM,SASA,ANM_sensitivity-chain,wt_PSIC,Delta_PSIC,ANM_MSF-chain,stiffness-chain,entropy,EVmut-mut_aa_freq,ANM_effectiveness-reduced,stiffness-sliced,SASA_in_complex,GNM_MSF-chain,GNM_MSF-sliced,GNM_sensitivity-sliced,GNM_effectiveness-sliced,ANM_sensitivity-reduced,GNM_effectiveness-reduced,ranked_MI,ANM_effectiveness-sliced,labels
P29033 217 Y D,-2.08240008354187,-2.810400009155273,0.9286559224128724,0.0122364778071641,0.0138319768011569,0.0231097899377346,0.275299996137619,0.0,12.86219882965088,0.1689279824495315,0.0201984234154224,0.0685785263776779,0.7032784819602966,-3.0,87.0,0.0382800810039043,-2.82699990272522,0.9660000205039978,0.7578412890434265,11.029220581054688,,0.0033415800426155,0.0064218547195196,13.474203109741213,87.0,0.1722856611013412,0.2022597640752792,0.0617982372641563,0.025591779500246,0.0272872876375913,0.0109894545748829,,0.0169729404151439,0.0
P29033 215 I M,-2.384500026702881,-3.339600086212158,1.0353190898895264,0.0083090122789144,0.0153084704652428,0.0222626589238643,0.156700000166893,0.0,12.566248893737791,0.1569907814264297,0.0195813402533531,0.064598836004734,0.8123248815536499,1.0,104.0,0.0399855151772499,-2.29099988937378,0.8169999718666077,0.8681627511978149,10.746642112731934,2.4166148,0.0074909799732267,0.0034244782291352,13.091656684875488,104.0,0.160186305642128,0.1898348033428192,0.0610979832708835,0.0283515807241201,0.0254385005682706,0.0122485607862472,0.5607477,0.0112492460757493,0.0
P29033 214 L V,-0.2425000071525573,-0.5633000135421753,0.593453586101532,0.024218451231718,0.0171920917928218,0.0200023856014013,0.3691999912261963,0.0,14.015158653259276,0.1338492929935455,0.0168551541864871,0.0560663379728794,0.4397252798080444,1.0,82.0,0.0293307211250066,-1.7400000095367432,0.1899999976158142,0.4836350083351135,11.964248657226562,1.71032,0.1462309956550598,0.0106295403093099,14.469472885131836,82.0,0.1370616406202316,0.1656534224748611,0.0590095221996307,0.0338005498051643,0.0157367885112762,0.0131078269332647,0.6728972,0.0284999907016754,0.0
P29033 210 L V,-2.564199924468994,-3.0822999477386475,0.3358387947082519,0.0508264228701591,0.0229366570711135,0.0131663931533694,0.5638999938964844,0.0,15.732776641845703,0.0791272968053817,0.009599539451301,0.0375253744423389,0.2571475207805633,1.0,50.0,0.021164646372199,-1.5019999742507937,0.3659999966621399,0.2854185402393341,13.397500038146973,1.4520143,0.0422347001731395,0.0217118225991725,16.09073257446289,50.0,0.0820028632879257,0.1071070060133934,0.052065260708332,0.0585836246609687,0.0107959937304258,0.0138618256896734,0.45794392,0.0447693951427936,0.0
P29033 203 I T,-2.9567999839782715,-3.432800054550171,0.2461031675338745,0.0853175520896911,0.0132735390216112,0.006307229399681,0.5170999765396118,0.0,16.428897857666016,0.0616252049803733,0.0046386080794036,0.0227591432631015,0.2065995782613754,-1.0,36.0,0.0285525005310773,-1.784000039100647,1.5959999561309814,0.2438953667879104,14.09608554840088,1.4753965,0.009999830275774,0.0215526390820741,16.72665023803711,36.0,0.0634016022086143,0.0837173089385032,0.0414215475320816,0.0630217269062995,0.008536260575056,0.0076048150658607,0.78504676,0.0369498506188392,0.0
P29033 197 A T,-1.9860999584198,-2.7026000022888184,0.2540653049945831,0.0581567250192165,0.0048286719247698,0.0054981070570647,0.5145000219345093,0.0,15.71958065032959,0.0971126854419708,0.0043503176420927,0.0156700797379016,0.2244783639907837,0.0,56.0,0.0261453371495008,-1.7289999723434448,0.6100000143051147,0.2819905579090118,13.477320671081545,1.7181877,0.0359319001436233,0.0101413074880838,15.962011337280272,56.0,0.0989293903112411,0.1135891303420066,0.0310518220067024,0.0225656758993864,0.0047565083950757,0.0032595640514045,0.35514018,0.0192756298929452,0.0
P29033 170 N K,0.1925999969244003,-0.973200023174286,0.2732152938842773,0.0559700652956962,0.0503089800477027,0.0586496293544769,0.218299999833107,0.0,14.62651824951172,0.0876973718404769,0.02084949798882,0.0094327498227357,0.280182808637619,0.0,112.0,0.1019297689199447,-2.131999969482422,1.2200000286102295,0.5827357769012451,11.156485557556152,2.2873075,0.055764801800251,0.018470199778676,14.908114433288574,112.0,0.1211612224578857,0.081641748547554,0.0094613283872604,0.0069857574999332,0.0148549797013401,0.0177218411117792,0.56542057,0.0080940099433064,0.0
P29033 170 N S,1.4989999532699585,0.8845999836921692,0.2732152938842773,0.0559700652956962,0.0503089800477027,0.0586496293544769,0.218299999833107,0.0,14.62651824951172,0.0876973718404769,0.02084949798882,0.0094327498227357,0.280182808637619,1.0,112.0,0.1019297689199447,-2.131999969482422,-0.0450000017881393,0.5827357769012451,11.156485557556152,2.2873075,0.205837994813919,0.018470199778676,14.908114433288574,112.0,0.1211612224578857,0.081641748547554,0.0094613283872604,0.0069857574999332,0.0148549797013401,0.0177218411117792,0.56542057,0.0080940099433064,0.0
P29033 168 K R,-1.2680000066757202,-2.94320011138916,0.2327428013086319,0.0583986081182956,0.0401472114026546,0.053268976509571,0.2070000022649765,19.0,15.712368965148926,0.094824843108654,0.0198484566062688,0.0098512107506394,0.2313433140516281,2.0,109.0,0.058554507791996,-1.4889999628067017,0.7549999952316284,0.4286768436431885,11.90621566772461,2.2482622,0.0558545999228954,0.0230211839079856,16.03676986694336,90.0,0.1271589249372482,0.0896509066224098,0.0093896659091115,0.0057198796421289,0.0125199081376194,0.0142616666853427,0.92523366,0.0121657783165574,0.0
P29033 156 V I,-0.0716999992728233,0.3666000068187713,0.46723473072052,0.0143839204683899,0.0088464794680476,0.0115154329687356,0.2583999931812286,0.0,13.127789497375488,0.115645557641983,0.0080018164590001,0.0189562495797872,0.4335029721260071,3.0,87.0,0.0243799556046724,-2.2179999351501465,0.2910000085830688,0.500235378742218,11.034975051879885,2.210848,0.036601398140192,0.0041560227982699,13.45169162750244,87.0,0.1184637024998664,0.1288871467113495,0.0263059455901384,0.0146288406103849,0.0077702952548861,0.005307097453624,0.59345794,0.0061484123580157,0.0
P29033 153 V I,0.5310999751091003,-0.3199999928474426,0.2939021587371826,0.0336257517337799,0.0083483606576919,0.0089700371026992,0.5180000066757202,0.0,15.122812271118164,0.1046869680285453,0.0066478960216045,0.0167200062423944,0.2648834884166717,3.0,55.0,0.0266383308917284,-1.840999960899353,0.2430000007152557,0.3416538834571838,12.74675178527832,1.5099089,0.1104170009493827,0.0082925977185368,15.407427787780762,55.0,0.1069946363568306,0.1190443709492683,0.0276091732084751,0.0183473452925682,0.0059590442106127,0.0053978022187948,0.49532712,0.0149061372503638,0.0
P29033 127 R H,-1.6165000200271606,-0.8529000282287598,0.314761757850647,0.0342636816203594,0.0299644824117422,0.0228205993771553,0.210999995470047,0.0,15.107325553894045,0.0841932445764541,0.0117808142676949,0.0365302562713623,0.2260553240776062,0.0,70.0,0.0115283727645874,-2.026000022888184,0.3240000009536743,0.2609767317771911,12.863181114196776,2.3997686,0.0351230017840862,0.0234378110617399,15.455288887023926,70.0,0.0921281054615974,0.1129053235054016,0.0535649508237838,0.0555929392576217,0.0064496346749365,0.0114141292870044,0.7943925,0.0739935562014579,0.0
P29033 123 T N,-0.26910001039505,-0.2245000004768371,0.4446223080158233,0.0288619436323642,0.020954243838787,0.0345532782375812,0.1673000007867813,22.0,14.975854873657228,0.1051641404628753,0.0151645885780453,0.0342305302619934,0.3367866575717926,0.0,96.0,0.0308084152638912,-2.233999967575073,0.0549999997019767,0.4540710151195526,12.333991050720217,2.5962806,0.0435525998473167,0.010049051605165,15.45140266418457,74.0,0.1428274512290954,0.1332129687070846,0.0520380958914756,0.0421935692429542,0.0078698527067899,0.0114611601456999,0.36448598,0.033799473196268,0.0
P29033 121 I V,-0.0070000002160668,-1.1176999807357788,0.5593405365943909,0.0265761986374855,0.0253131054341793,0.0391088537871837,0.1471000015735626,0.0,14.16795825958252,0.1173376813530922,0.0212588720023632,0.0460565164685249,0.3932466208934784,3.0,57.0,0.0462109148502349,-1.85699999332428,0.0489999987185001,0.5613362789154053,11.836957931518556,2.5383325,0.0330996997654438,0.0088379941880702,14.663734436035156,57.0,0.1410112529993057,0.148432582616806,0.0596626549959182,0.0409469008445739,0.0098683414980769,0.013815869577229,0.42990655,0.0409348681569099,0.0
P29033 115 F V,,,1.3836945295333862,0.0256884712725877,0.0432209484279155,0.0551028028130531,,0.0,12.079729080200195,0.1197164058685302,0.0409587770700454,0.0881916284561157,0.9404502511024476,-1.0,92.0,0.1801927238702774,-2.5840001106262207,0.9810000061988832,1.1111018657684326,10.315189361572266,2.495732,,0.0148448422551155,12.847601890563965,92.0,0.1323319375514984,0.1564144194126129,0.0777658149600029,0.0540525279939174,0.1406263411045074,0.0292542614042758,0.41588786,0.0260540656745433,0.0
P29033 114 E G,,,1.9096050262451167,0.0149140106514096,0.0374419875442981,0.0555620267987251,,0.0,12.63270664215088,0.1298041939735412,0.0412337183952331,0.1051240041851997,1.3776233196258545,-2.0,28.0,0.2448097616434097,-2.372999906539917,0.1059999987483024,1.5995582342147827,10.80558967590332,2.5825105,,0.0085260570049285,13.28289794921875,28.0,0.1427351087331771,0.1665620803833007,0.0778655856847763,0.0477136187255382,0.2050703763961792,0.025009723380208,0.43457943,0.015025071799755,0.0
P29033 111 I T,-0.1125999987125396,-0.1863999962806701,1.1035497188568115,0.0522432662546634,0.0454078577458858,0.0547050647437572,0.1978999972343444,0.0,12.479429244995115,0.1169829070568084,0.0415858030319213,0.0816984698176384,0.688461184501648,-1.0,49.0,0.1522238105535507,-3.0309998989105225,-0.6230000257492065,0.8287864327430725,10.530887603759766,2.4715397,0.0323810018599033,0.0348434299230575,13.077948570251465,49.0,0.1282447278499603,0.1539110541343689,0.0786955654621124,0.056377537548542,0.1176943108439445,0.0310057438910007,0.57009345,0.046451061964035,0.0
P29033 107 I L,1.6526999473571775,0.9477999806404114,1.8659039735794067,0.0222127195447683,0.0364188477396965,0.0571363419294357,0.1879000067710876,0.0,12.392699241638184,0.1350713521242141,0.0441506244242191,0.1146581321954727,1.2532551288604736,2.0,64.0,0.2700775265693664,-2.309000015258789,-0.2000000029802322,1.4681594371795654,10.448058128356934,2.575165,0.086057499051094,0.0146261239424347,13.01409149169922,64.0,0.1464791595935821,0.1725285202264785,0.0805757716298103,0.0462584570050239,0.2446134537458419,0.0247752945870161,0.7570093,0.0214145183563232,0.0
P29033 100 H Q,-2.6247000694274902,-4.294400215148926,0.5450745224952698,0.0471248105168342,0.0381778962910175,0.0427705757319927,0.2946000099182129,0.0,15.544663429260254,0.1108888313174247,0.0304383393377065,0.0455238707363605,0.3795850276947021,0.0,89.0,0.0465428605675697,-1.7380000352859497,0.5649999976158142,0.457337737083435,12.798197746276855,2.1398318,0.0110937003046274,0.0136622441932559,15.992157936096191,89.0,0.1201177537441253,0.1456579864025116,0.0707244947552681,0.0526288859546184,0.0139944292604923,0.0231729093939065,0.89252335,0.0437252782285213,0.0
P29033 83 F L,-0.4934000074863434,-3.009399890899658,0.219377800822258,0.0597058907151222,0.0065016425214707,0.0046319453977048,0.4568000137805938,47.0,16.303607940673828,0.0649942383170127,0.0025907035451382,0.0115007376298308,0.2071809619665146,0.0,90.0,0.0367372073233127,-1.6970000267028809,-0.0399999991059303,0.320886492729187,12.886432647705078,1.4956577,0.2427120059728622,0.0217422414571046,16.690773010253906,43.0,0.0757446736097335,0.0807949379086494,0.028998214751482,0.0441237241029739,0.0101888328790664,0.0039293630979955,0.5186916,0.0172914396971464,0.0
P29033 27 V I,-1.976699948310852,-3.442399978637696,0.204850360751152,0.0615299083292484,0.0089410180225968,0.0049743009731173,0.5575000047683716,0.0,17.03483009338379,0.0620556361973285,0.0027345418930053,0.011520660482347,0.1854990422725677,3.0,21.0,0.0248687881976366,-1.0390000343322754,1.4769999980926514,0.2623972296714782,13.76166820526123,1.2018986,0.0810946971178054,0.0205173417925834,17.38915252685547,21.0,0.0686596781015396,0.0795873478055,0.0320912450551986,0.0517581366002559,0.0070777321234345,0.0042582983151078,0.44859812,0.0188939925283193,0.0
P29033 16 H Y,-0.9120000004768372,-1.8313000202178955,0.2321624308824539,0.0473488755524158,0.058701429516077,0.0200147461146116,0.546999990940094,0.0,16.962486267089844,0.0537808015942573,0.0090586682781577,0.0219176225364208,0.1906645596027374,2.0,39.0,0.0100489780306816,-1.4199999570846558,0.6449999809265137,0.2197467386722564,14.237078666687012,1.03392,0.2218829989433288,0.0397767350077629,17.277767181396484,39.0,0.0611170269548893,0.0800079479813575,0.048517495393753,0.0966989174485206,0.009535489603877,0.0199362523853778,0.7196262,0.0531612262129783,0.0
P29033 4 G V,-4.388899803161621,-5.605899810791016,0.488321840763092,0.004892686381936,0.0127640198916196,0.0320914387702941,0.3650999963283539,1.0,12.444734573364258,0.1090662404894828,0.0046888315118849,0.0061148079112172,0.5228508710861206,-3.0,39.0,0.0598976239562034,-1.7319999933242798,0.9539999961853028,2.2201294898986816,8.516108512878418,1.9358352,0.0024443499278277,0.0081726778298616,12.995645523071287,38.0,0.2422732561826706,0.115721084177494,0.0144482068717479,0.0154999513179063,0.0177597887814044,0.006265499163419,0.8598131,0.0022523645311594,0.0
P29033 4 G D,-0.859499990940094,-2.879199981689453,0.488321840763092,0.004892686381936,0.0127640198916196,0.0320914387702941,0.3650999963283539,1.0,12.444734573364258,0.1090662404894828,0.0046888315118849,0.0061148079112172,0.5228508710861206,-1.0,39.0,0.0598976239562034,-1.7319999933242798,1.7869999408721924,2.2201294898986816,8.516108512878418,1.9358352,0.0857954993844032,0.0081726778298616,12.995645523071287,38.0,0.2422732561826706,0.115721084177494,0.0144482068717479,0.0154999513179063,0.0177597887814044,0.006265499163419,0.8598131,0.0022523645311594,0.0
P29033 165 R W,-4.136499881744385,-4.73769998550415,0.2053539752960205,0.0362193137407302,0.027613379061222,0.0336191691458225,0.3160000145435333,99.0,16.433917999267578,0.0769713073968887,0.0143054341897368,0.0099355122074484,0.1975838392972946,-3.0,180.0,0.0271692983806133,-1.4500000476837158,0.878000020980835,0.3611724376678467,12.41220474243164,2.0754,0.0027389300521463,0.0237295180559158,16.745424270629883,81.0,0.1167216002941131,0.0754386112093925,0.0098054967820644,0.0100299585610628,0.0088740456849336,0.0156532786786556,0.88785046,0.0162251181900501,0.0
P29033 34 M T,-1.9804999828338623,-3.44950008392334,0.1933717876672744,0.0471647456288337,0.006395848467946,0.0066217435523867,0.5131999850273132,16.0,16.492172241210938,0.0759295746684074,0.0043855519033968,0.0059587247669696,0.1896208375692367,-1.0,76.0,0.0373542010784149,-1.9520000219345093,0.2980000078678131,0.3596431612968445,12.85329818725586,1.2154638,0.0160537995398044,0.0241169016808271,16.81980323791504,60.0,0.0967108458280563,0.0860076919198036,0.0205994769930839,0.0247772056609392,0.0074084284715354,0.0052913017570972,0.5373832,0.0097248740494251,1.0
P29033 37 V I,-1.857300043106079,-3.8011999130249023,0.201393112540245,0.0467742606997489,0.0092970328405499,0.0093197077512741,0.4612999856472015,0.0,15.591547012329102,0.0915798097848892,0.0062081906944513,0.0057372073642909,0.2003744095563888,3.0,80.0,0.0440142005681991,-1.0390000343322754,1.4769999980926514,0.3900883793830871,12.46933364868164,1.7393104,0.0383086986839771,0.0235413424670696,15.889832496643066,80.0,0.0985490754246711,0.1007259637117385,0.0200034398585557,0.0162944979965686,0.0082569466903805,0.0051500517874956,0.9205608,0.0084567992016673,1.0
P29033 44 W C,-8.571999549865723,-8.497599601745605,0.1649501174688339,0.0466125831007957,0.0316169671714305,0.0191085282713174,0.6416000127792358,0.0,17.231061935424805,0.0725496783852577,0.0099272103980183,0.0075539480894804,0.1541181206703186,-2.0,4.0,0.020577598363161,-1.0360000133514404,3.681999921798706,0.2883444726467132,13.466973304748535,0.81080264,0.0,0.0225745737552642,17.58287239074707,4.0,0.0811049342155456,0.0763622522354126,0.0138417035341262,0.0169359985738992,0.0047241495922207,0.013013357296586,0.41121495,0.0177128557115793,1.0
P29033 44 W S,-5.198699951171875,-7.051300048828125,0.1649501174688339,0.0466125831007957,0.0316169671714305,0.0191085282713174,0.6416000127792358,0.0,17.231061935424805,0.0725496783852577,0.0099272103980183,0.0075539480894804,0.1541181206703186,-3.0,4.0,0.020577598363161,-1.0360000133514404,2.6549999713897705,0.2883444726467132,13.466973304748535,0.81080264,0.0028796300757676,0.0225745737552642,17.58287239074707,4.0,0.0811049342155456,0.0763622522354126,0.0138417035341262,0.0169359985738992,0.0047241495922207,0.013013357296586,0.41121495,0.0177128557115793,1.0
P29033 50 D N,-1.375100016593933,-3.5785000324249268,0.1928581148386001,0.0363434329628944,0.0289554595947265,0.0373081713914871,0.3283999860286712,57.0,15.72340488433838,0.0775254517793655,0.0145055195316672,0.0091678798198699,0.1878249198198318,1.0,89.0,0.0318131335079669,-1.6299999952316284,1.7419999837875366,0.3931577205657959,12.08370876312256,1.9010371,0.0672897025942802,0.0318290740251541,16.002307891845703,32.0,0.1215595230460167,0.0745472386479377,0.0083744879812002,0.0085283201187849,0.0097569227218627,0.0157954841852188,0.9392523,0.0163357611745595,1.0
P29033 59 G A,-5.470200061798096,-6.200200080871582,0.1890347599983215,0.0502482503652572,0.031881246715784,0.0609311647713184,0.9595999717712402,34.0,16.896291732788086,0.0656260773539543,0.0161195714026689,0.0077702584676444,0.1958909034729004,0.0,40.0,0.1197044998407363,-0.7630000114440918,1.945000052452088,0.6681759357452393,10.896100044250488,0.15902823,0.0042293202131986,0.030575256794691,17.540164947509766,6.0,0.1553220152854919,0.0573367364704608,0.0052004610188305,0.0075305588543415,0.0112575376406311,0.0245043560862541,0.07476635,0.0132694700732827,1.0
P29033 75 R Q,-5.1331000328063965,-6.702499866485596,0.1587706804275512,0.0573730282485485,0.0105955386534333,0.0093691051006317,0.8543999791145325,116.0,17.504615783691406,0.0625799521803855,0.0060181622393429,0.0068880072794854,0.1479668021202087,1.0,123.0,0.0274408310651779,-1.10099995136261,2.2039999961853027,0.2865612506866455,13.060624122619627,0.2815585,0.0055030700750648,0.0159397479146718,17.82931137084961,7.0,0.095018558204174,0.068073570728302,0.0142352133989334,0.0250600967556238,0.0038331588730216,0.011197842657566,0.088785045,0.0178001802414655,1.0
P29033 75 R W,-8.892200469970703,-8.490300178527832,0.1587706804275512,0.0573730282485485,0.0105955386534333,0.0093691051006317,0.8543999791145325,116.0,17.504615783691406,0.0625799521803855,0.0060181622393429,0.0068880072794854,0.1479668021202087,-3.0,123.0,0.0274408310651779,-1.10099995136261,4.077000141143799,0.2865612506866455,13.060624122619627,0.2815585,0.0,0.0159397479146718,17.82931137084961,7.0,0.095018558204174,0.068073570728302,0.0142352133989334,0.0250600967556238,0.0038331588730216,0.011197842657566,0.088785045,0.0178001802414655,1.0
P29033 84 V L,-1.7877999544143677,-5.257699966430664,0.1816823333501815,0.1146102249622345,0.0111601008102297,0.0057273665443062,0.6753000020980835,0.0,17.645017623901367,0.0618983544409275,0.0031686893198639,0.0131543288007378,0.1654142141342163,1.0,0.0,0.0333700738847255,-1.0390000343322754,1.5,0.2248845845460891,14.470602989196776,0.7307518,0.1184649989008903,0.0362675711512565,18.022151947021484,0.0,0.0651537999510765,0.0814756751060485,0.0361019410192966,0.0565420091152191,0.0100279720500111,0.0046111862175166,0.1495327,0.0317577049136161,1.0
P29033 90 L P,-4.9721999168396,-7.298699855804443,0.2236686795949936,0.0676727220416069,0.0179804917424917,0.0150493253022432,0.449099987745285,27.0,16.43842124938965,0.0735699981451034,0.0051326425746083,0.017526177689433,0.2016426026821136,-3.0,109.0,0.0282856412231922,-0.972000002861023,2.98799991607666,0.2928079068660736,13.007671356201172,1.697494,0.0026442199014127,0.0447508506476879,16.802988052368164,82.0,0.0897971466183662,0.0958460569381713,0.0403137914836406,0.0516806356608867,0.0141589445993304,0.0050426260568201,0.73364484,0.0391101725399494,1.0
P29033 95 V M,-4.5883002281188965,-5.894199848175049,0.275756299495697,0.0575354620814323,0.0521707087755203,0.0227632746100425,0.6500999927520752,0.0,16.746755599975586,0.0623705126345157,0.0121628521010279,0.0288707353174686,0.2163171768188476,1.0,3.0,0.0137222586199641,-1.1690000295639038,2.7809998989105225,0.2358072698116302,14.160723686218262,1.2738609,0.0052606198005378,0.0366131626069545,17.101207733154297,3.0,0.0691514462232589,0.0911286473274231,0.0542778559029102,0.0864678397774696,0.0098954755812883,0.0213020201772451,0.5046729,0.0590759851038455,1.0
P29033 143 R W,-8.696399688720703,-8.107799530029297,0.2330158650875091,0.096271812915802,0.0164803434163332,0.0066139791160821,0.7139000296592712,0.0,16.973712921142578,0.0554861053824424,0.0041445540264248,0.0207661129534244,0.2025452852249145,-3.0,7.0,0.0315148308873176,-1.212000012397766,4.011000156402588,0.2418625354766845,14.31788158416748,0.82408863,0.0,0.0294164512306451,17.321884155273438,7.0,0.0579800531268119,0.0771946460008621,0.0405046492815017,0.072627305984497,0.0114697804674506,0.0076936916448175,0.21495327,0.0369414426386356,1.0
P29033 143 R Q,-4.064700126647949,-5.634699821472168,0.2330158650875091,0.096271812915802,0.0164803434163332,0.0066139791160821,0.7139000296592712,0.0,16.973712921142578,0.0554861053824424,0.0041445540264248,0.0207661129534244,0.2025452852249145,1.0,7.0,0.0315148308873176,-1.212000012397766,2.138000011444092,0.2418625354766845,14.31788158416748,0.82408863,0.0101126004010438,0.0294164512306451,17.321884155273438,7.0,0.0579800531268119,0.0771946460008621,0.0405046492815017,0.072627305984497,0.0114697804674506,0.0076936916448175,0.21495327,0.0369414426386356,1.0
P29033 161 F S,-4.810200214385986,-4.368899822235107,0.2773345708847046,0.0378390997648239,0.0244193580001592,0.0148390922695398,0.5878000259399414,0.0,15.040117263793944,0.0758543834090232,0.0086598331108689,0.0142510095611214,0.2504176795482635,-2.0,64.0,0.0183728765696287,-1.52400004863739,2.052000045776367,0.2955008447170257,12.893733024597168,1.1301901,0.0057043097913265,0.0076361377723515,15.29776382446289,64.0,0.080734945833683,0.0853922367095947,0.0211626309901475,0.0245815776288509,0.0044723213650286,0.0120082637295126,0.38785046,0.0137269683182239,1.0
P29033 163 M T,-4.391499996185303,-5.872300148010254,0.2235350757837295,0.0329856313765049,0.0427392125129699,0.0235039088875055,0.5236999988555908,0.0,16.155902862548828,0.0683209374547004,0.0115247275680303,0.0111487917602062,0.2037744224071502,-1.0,25.0,0.0119273904711008,-1.5360000133514404,1.840999960899353,0.2608706653118133,13.451937675476074,1.4615614,0.002674110000953,0.0116000575944781,16.39385414123535,25.0,0.0778417512774467,0.0723961368203163,0.0149362292140722,0.0205363221466541,0.0046215546317398,0.0172977671027183,0.61214954,0.0155153423547744,1.0
P29033 179 D N,-2.3612000942230225,-4.389500141143799,0.1876848489046096,0.0673904344439506,0.0439783297479152,0.0544631890952587,0.5723000168800354,47.0,17.216461181640625,0.0779277235269546,0.0191955436021089,0.008930217474699,0.190952256321907,1.0,54.0,0.0696453154087066,-1.1660000085830688,1.0859999656677246,0.4364864826202392,12.147007942199709,1.0013005,0.0607370994985103,0.036147516220808,17.689695358276367,7.0,0.1229887977242469,0.0713913664221763,0.0079740909859538,0.0074631320312619,0.0137940719723701,0.0203141029924154,0.39252338,0.0165900196880102,1.0
P29033 184 R Q,-4.191599845886231,-5.617000102996826,0.1717487275600433,0.0389462448656559,0.0410079024732112,0.0283080711960792,0.8276000022888184,109.0,17.48578643798828,0.0528214611113071,0.0120403598994016,0.0081844050437211,0.1647999882698059,1.0,123.0,0.0196151193231344,-1.10099995136261,2.2039999961853027,0.3171263039112091,12.764116287231444,0.4484468,0.0136735998094081,0.0289308968931436,17.89678382873535,14.0,0.0874114781618118,0.0523163266479969,0.0098621929064393,0.0232157558202743,0.0068525946699082,0.0287961326539516,0.19626169,0.0194682274013757,1.0
P29033 195 M T,-3.4082999229431152,-4.92579984664917,0.1752835512161255,0.1059808433055877,0.0138168409466743,0.0069997971877455,0.692300021648407,0.0,17.73596954345703,0.0663497969508171,0.004835691768676,0.0106918178498744,0.1545472741127014,-1.0,4.0,0.0280369818210601,-1.2960000038146973,1.9809999465942385,0.2115689665079116,14.787467002868652,0.7182528,0.0261330008506774,0.0125462068244814,18.01305389404297,4.0,0.0693728700280189,0.0791291072964668,0.0251412913203239,0.035608947277069,0.0033785044215619,0.0081456433981657,0.3598131,0.024854565039277,1.0
P29033 197 A S,-1.4872000217437744,-1.641800045967102,0.2540653049945831,0.0581567250192165,0.0048286719247698,0.0054981070570647,0.5145000219345093,0.0,15.71958065032959,0.0971126854419708,0.0043503176420927,0.0156700797379016,0.2244783639907837,1.0,56.0,0.0261453371495008,-1.7289999723434448,0.4390000104904175,0.2819905579090118,13.477320671081545,1.7181877,0.0591288991272449,0.0101413074880838,15.962011337280272,56.0,0.0989293903112411,0.1135891303420066,0.0310518220067024,0.0225656758993864,0.0047565083950757,0.0032595640514045,0.35514018,0.0192756298929452,1.0
P29033 202 C F,-8.110600471496582,-7.821499824523926,0.2197783589363098,0.0921519920229911,0.0131291802972555,0.005560238379985,0.7020999789237976,0.0,16.981149673461914,0.0577072985470294,0.0038144760765135,0.0177067071199417,0.18931645154953,-2.0,0.0,0.0263883545994758,-1.25,2.7179999351501465,0.2244310826063156,14.48725128173828,0.8888313,0.0,0.0216400455683469,17.279232025146484,0.0,0.0597303546965122,0.0785083547234535,0.0386862270534038,0.065861165523529,0.0075644170865416,0.0070880763232707,0.54672897,0.0322899296879768,1.0
P29033 205 L V,-3.858299970626831,-5.574100017547607,0.2733314037322998,0.0607971027493476,0.0163826290518045,0.0081043224781751,0.7682999968528748,0.0,15.898079872131348,0.065022312104702,0.0053580021485686,0.02430328913033,0.2270545810461044,1.0,36.0,0.021180210635066,-0.972000002861023,1.7369999885559082,0.2539291679859161,13.726311683654783,0.5193608,0.0179735999554395,0.0192816294729709,16.175622940063477,36.0,0.0675171688199043,0.0886225849390029,0.0440130494534969,0.0627716779708862,0.0085419164970517,0.0080790081992745,0.21028037,0.033100564032793,1.0
P29033 206 N S,-0.8363999724388123,-3.5464000701904297,0.2488889545202255,0.0779085531830787,0.0177456773817539,0.0088006574660539,0.5439000129699707,0.0,16.62171173095703,0.0653005540370941,0.0058766580186784,0.0244936104863882,0.2061822563409805,1.0,0.0,0.0222534611821174,-1.156000018119812,1.7890000343322754,0.2333276271820068,14.211041450500488,1.0595708,0.2357459962368011,0.0266183167695999,16.89728546142578,0.0,0.0677159652113914,0.0896460488438606,0.0456763170659542,0.064253494143486,0.0096112471073865,0.0087649449706077,0.28504673,0.041593287140131,1.0
P29033 221 K N,,,4.18096923828125,0.0022789374925196,0.0069406838156282,0.0268955621868371,,0.0,10.417621612548828,0.2679682672023773,0.0249776616692543,0.104344829916954,3.6218864917755127,0.0,205.0,0.1469231992959976,-2.2709999084472656,1.406999945640564,3.721232652664185,8.544748306274414,,,0.0017704195342957,11.024431228637695,205.0,0.2712574601173401,0.3029240071773529,0.0649427995085716,0.0127424877136945,0.2092932611703872,0.0057472349144518,,0.0024913251399993,
P29033 220 G V,,,2.0556976795196533,0.0082770204171538,0.0085295466706156,0.0261616893112659,,0.0,11.661592483520508,0.2375387549400329,0.0240718983113765,0.0867374315857887,1.65182363986969,-3.0,60.0,0.0896642655134201,-2.3510000705718994,1.2680000066757202,1.7334315776824951,9.83783721923828,,,0.0065832110121846,12.251957893371582,60.0,0.2408180832862854,0.272100567817688,0.0643722638487815,0.0155367422848939,0.1062107309699058,0.0070446203462779,,0.0086973160505294,
P29033 219 S F,-0.8310999870300293,-0.96069997549057,2.4538819789886475,0.0042468262836337,0.0102137504145503,0.0252162776887416,0.2675000131130218,0.0,10.876171112060549,0.2106498926877975,0.0228587742894887,0.0870696678757667,2.037602186203003,-2.0,96.0,0.0880486816167831,-2.2839999198913574,0.3630000054836273,2.1228671073913574,9.031055450439451,,0.0198423005640506,0.0028415734414011,11.561522483825684,96.0,0.2139477431774139,0.2447813153266906,0.063593216240406,0.018649922683835,0.0990661531686782,0.0083514638245105,,0.0049447831697762,
P29033 218 C S,-1.7517999410629272,-3.193099975585937,1.4439698457717896,0.0140423895791172,0.0102137504145503,0.0252162776887416,0.3079999983310699,0.0,11.609161376953123,0.2106498926877975,0.0228587742894887,0.0810722559690475,1.1238380670547483,-1.0,91.0,0.0658831223845481,-2.053999900817871,0.4639999866485595,1.1969984769821167,9.717451095581056,,0.0297992005944252,0.0101844053715467,12.19918155670166,91.0,0.2139477431774139,0.2447813153266906,0.063593216240406,0.018649922683835,0.0663304105401039,0.0083514638245105,,0.0147424358874559,
P29033 216 R I,-2.9937000274658203,-3.21370005607605,0.7704644203186035,0.0195265095680952,0.0174387246370315,0.0214654318988323,0.4032999873161316,0.0,12.939522743225098,0.1419763714075088,0.0183488354086875,0.0610255412757396,0.5663872957229614,-3.0,118.0,0.0330390781164169,-1.9600000381469729,1.9730000495910645,0.6139142513275146,11.054824829101562,,0.0103738000616431,0.0106143727898597,13.458456993103027,118.0,0.1452875435352325,0.1745433211326599,0.060308963060379,0.0325092077255249,0.0223021786659955,0.0136144598945975,,0.0249482877552509,
P29033 209 E D,-1.518100023269653,-4.991499900817871,0.2951468229293823,0.0506950058043003,0.0223806630820035,0.0115385800600051,0.8335000276565552,0.0,15.892300605773926,0.0707365348935127,0.0074702855199575,0.0313053503632545,0.2294691950082779,2.0,8.0,0.0163998045027256,-1.0049999952316284,1.6440000534057615,0.2513680458068847,13.638952255249023,0.4149679,0.179417997598648,0.0222191847860813,16.190187454223633,8.0,0.0739250034093856,0.0970635861158371,0.0487927570939064,0.0632740035653114,0.0087314825505018,0.0112960534170269,0.29439253,0.0454984158277511,
P29033 209 E G,-9.58530044555664,-8.95989990234375,0.2951468229293823,0.0506950058043003,0.0223806630820035,0.0115385800600051,0.8335000276565552,0.0,15.892300605773926,0.0707365348935127,0.0074702855199575,0.0313053503632545,0.2294691950082779,-2.0,8.0,0.0163998045027256,-1.0049999952316284,2.2090001106262207,0.2513680458068847,13.638952255249023,0.4149679,0.0,0.0222191847860813,16.190187454223633,8.0,0.0739250034093856,0.0970635861158371,0.0487927570939064,0.0632740035653114,0.0087314825505018,0.0112960534170269,0.29439253,0.0454984158277511,
P29033 207 V L,0.3129999935626983,-1.391700029373169,0.3351002037525177,0.0519073978066444,0.0126549825072288,0.0095126144587993,0.5275999903678894,0.0,15.212175369262695,0.0824484825134277,0.0068853320553898,0.0330111943185329,0.2709879577159881,1.0,66.0,0.0259936582297086,-1.6200000047683716,0.3519999980926513,0.3041028380393982,13.056830406188965,1.4761149,0.3823089897632599,0.017301008105278,15.533276557922363,66.0,0.0847459137439727,0.1075686663389206,0.0472245439887046,0.0469237826764583,0.0104154795408248,0.0069703739136457,0.19158879,0.0340720936655998,
P29033 201 I M,-2.7771999835968018,-4.765399932861328,0.2841996848583221,0.0571219772100448,0.0056293178349733,0.0059688463807106,0.5133000016212463,0.0,15.393536567687988,0.0906231924891471,0.0045561105944216,0.0206739157438278,0.2443977147340774,1.0,85.0,0.0255506671965122,-1.5980000495910645,2.4030001163482666,0.2800848186016083,13.41059112548828,1.4730275,0.0118201002478599,0.0120708486065268,15.678589820861816,85.0,0.0924319848418235,0.111753262579441,0.0395579673349857,0.032720036804676,0.0069228094071149,0.0033699972555041,0.3224299,0.022522272542119,
P29033 198 V G,-4.528500080108643,-4.111000061035156,0.2246119827032089,0.0734943300485611,0.0062065934762358,0.004919015802443,0.5177000164985657,0.0,16.240787506103516,0.0786852985620498,0.0037951339036226,0.0136334104463458,0.199682742357254,-3.0,10.0,0.0280492715537548,-1.7960000038146973,1.368000030517578,0.2578677833080292,13.869105339050291,1.4440843,0.0055940798483788,0.0126619162037968,16.527788162231445,10.0,0.0807273834943771,0.096244990825653,0.0328900776803493,0.0344704799354076,0.0050996150821447,0.0041620279662311,0.6635514,0.0211251229047775,
P29033 196 I M,-1.3420000076293943,-3.507699966430664,0.2129619568586349,0.0861214101314544,0.0111038740724325,0.0056174653582274,0.3743000030517578,0.0,16.941675186157227,0.0662712752819061,0.0042146109044551,0.0140820890665054,0.1860176026821136,1.0,22.0,0.0273227654397487,-1.9110000133514404,2.0989999771118164,0.232083573937416,14.340758323669434,1.9448411,0.0066301599144935,0.011043450795114,17.18816566467285,22.0,0.0681823790073394,0.081611655652523,0.0291135814040899,0.0406755805015563,0.0040750172920525,0.0072723999619483,0.99065423,0.0241151768714189,
P29033 196 I S,-2.190999984741211,-4.530399799346924,0.2129619568586349,0.0861214101314544,0.0111038740724325,0.0056174653582274,0.3743000030517578,0.0,16.941675186157227,0.0662712752819061,0.0042146109044551,0.0140820890665054,0.1860176026821136,-2.0,22.0,0.0273227654397487,-1.9110000133514404,1.5149999856948853,0.232083573937416,14.340758323669434,1.9448411,0.0027949600480496,0.011043450795114,17.18816566467285,22.0,0.0681823790073394,0.081611655652523,0.0291135814040899,0.0406755805015563,0.0040750172920525,0.0072723999619483,0.99065423,0.0241151768714189,
P29033 195 M I,-2.9883999824523926,-5.369800090789795,0.1752835512161255,0.1059808433055877,0.0138168409466743,0.0069997971877455,0.692300021648407,0.0,17.73596954345703,0.0663497969508171,0.004835691768676,0.0106918178498744,0.1545472741127014,1.0,4.0,0.0280369818210601,-1.2960000038146973,1.6699999570846558,0.2115689665079116,14.787467002868652,0.7182528,0.0397258996963501,0.0125462068244814,18.01305389404297,4.0,0.0693728700280189,0.0791291072964668,0.0251412913203239,0.035608947277069,0.0033785044215619,0.0081456433981657,0.3598131,0.024854565039277,
P29033 189 T N,-2.002700090408325,-3.3292999267578125,0.2181090712547302,0.0468651540577411,0.0249393731355667,0.0174615923315286,0.6025999784469604,0.0,16.434648513793945,0.0710297971963882,0.0095252376049757,0.0103857619687914,0.2002671658992767,0.0,27.0,0.0187415815889835,-1.121000051498413,2.177000045776367,0.2767052352428436,13.468878746032717,1.2507937,0.0859285965561866,0.0108683453872799,16.692218780517578,27.0,0.0856186971068382,0.0772586464881897,0.0171389803290367,0.0219250060617923,0.0041127051226794,0.0132933249697089,0.57476634,0.0147358132526278,
P29033 187 E G,-5.165200233459473,-6.177499771118164,0.1879579275846481,0.0427067875862121,0.0206994004547595,0.0204206425696611,0.9502000212669371,81.0,17.10076904296875,0.0676388815045356,0.0100583750754594,0.0079568503424525,0.1805528253316879,-2.0,83.0,0.0246297158300876,-1.0049999952316284,2.2090001106262207,0.3399297893047333,12.457955360412598,0.06876814,0.0056959497742354,0.0201752446591854,17.472713470458984,2.0,0.1013534292578697,0.0706072747707367,0.0130963856354355,0.0185503046959638,0.0057337912730872,0.0147197255864739,0.042056076,0.0153564736247062,
P29033 180 C F,-10.071800231933594,-8.669500350952148,0.1885855048894882,0.0701204314827919,0.0637581869959831,0.0511914007365703,0.9959999918937684,0.0,17.091262817382812,0.067790575325489,0.0186847411096096,0.0099396547302603,0.1801706105470657,-2.0,0.0,0.0397887714207172,-1.1109999418258667,2.812000036239624,0.3213331699371338,12.900700569152832,0.0153881945,0.0,0.0301000867038965,17.499347686767578,0.0,0.0989271849393844,0.062512420117855,0.0086675137281417,0.010811747983098,0.0104207806289196,0.0260771010071039,0.018691588,0.0173910297453403,
P29033 180 C Y,-10.071800231933594,-8.669500350952148,0.1885855048894882,0.0701204314827919,0.0637581869959831,0.0511914007365703,0.9959999918937684,0.0,17.091262817382812,0.067790575325489,0.0186847411096096,0.0099396547302603,0.1801706105470657,-2.0,0.0,0.0397887714207172,-1.1109999418258667,2.907000064849853,0.3213331699371338,12.900700569152832,0.0153881945,0.0,0.0301000867038965,17.499347686767578,0.0,0.0989271849393844,0.062512420117855,0.0086675137281417,0.010811747983098,0.0104207806289196,0.0260771010071039,0.018691588,0.0173910297453403,
P29033 179 D Y,-7.891799926757812,-8.110600471496582,0.1876848489046096,0.0673904344439506,0.0439783297479152,0.0544631890952587,0.5723000168800354,47.0,17.216461181640625,0.0779277235269546,0.0191955436021089,0.008930217474699,0.190952256321907,-3.0,54.0,0.0696453154087066,-1.1660000085830688,3.07699990272522,0.4364864826202392,12.147007942199709,1.0013005,8.790059655439109e-05,0.036147516220808,17.689695358276367,7.0,0.1229887977242469,0.0713913664221763,0.0079740909859538,0.0074631320312619,0.0137940719723701,0.0203141029924154,0.39252338,0.0165900196880102,
P29033 178 V L,-4.787099838256836,-6.5218000411987305,0.2047416269779205,0.0722201615571975,0.0609814152121543,0.0588374324142932,0.8281000256538391,0.0,16.863800048828125,0.0654991194605827,0.0198994409292936,0.0086787473410367,0.2109398543834686,1.0,6.0,0.0904715880751609,-1.0390000343322754,1.5,0.4889012575149536,11.99209976196289,0.50734836,0.0073436400853097,0.0320855639874935,17.505056381225586,6.0,0.1102887541055679,0.0572940856218338,0.0073551042005419,0.0107822371646761,0.0147381331771612,0.030278131365776,0.17289719,0.0135414758697152,
P29033 177 T A,-1.8624000549316408,-3.335099935531616,0.243699237704277,0.0472880005836486,0.0432176068425178,0.0594746470451355,0.2194000035524368,34.0,15.624383926391602,0.0811711847782135,0.0202495642006397,0.0083676949143409,0.2604424953460693,0.0,78.0,0.1213038712739944,-1.8969999551773071,1.1100000143051147,0.6809257864952087,11.1467924118042,2.2524014,0.0442515984177589,0.0251882839947938,16.212265014648438,44.0,0.1314147114753723,0.0731595456600189,0.0076461872085928,0.00695596402511,0.0174566190689802,0.0201071947813034,0.62616825,0.0092336442321538,
P29033 176 N S,-0.9466999769210817,-5.689300060272217,0.2451667636632919,0.0283975657075643,0.0244562365114688,0.0628706589341163,0.2906999886035919,96.0,15.23354721069336,0.0996339097619056,0.0200320370495319,0.0072313193231821,0.2774915397167206,1.0,144.0,0.1721471846103668,-1.156000018119812,1.7890000343322754,1.019755721092224,10.744512557983398,1.7058225,0.1113319993019104,0.02610295265913,15.760091781616213,48.0,0.1796923875808715,0.0902348384261131,0.0066752028651535,0.0039758100174367,0.0197965912520885,0.0131910378113389,0.91588783,0.008510666899383,
P29033 173 P L,-5.164400100708008,-6.292900085449219,0.2022760957479477,0.0433970913290977,0.0424975007772445,0.0610782168805599,0.9337000250816344,9.0,15.859294891357422,0.0826655179262161,0.0191199015825986,0.0073812366463243,0.2207992672920227,-3.0,23.0,0.1527782678604126,-0.8790000081062317,2.5789999961853027,0.7970250248908997,10.610499382019045,0.21338688,0.0055196899920701,0.0303115844726562,16.46661376953125,14.0,0.1352530717849731,0.0745029523968696,0.0069474941119551,0.0059287887997925,0.0136779937893152,0.01818816550076,0.10280374,0.0124698644503951,
P29033 171 A V,0.0357000008225441,-1.3736000061035156,0.2770422995090484,0.0508812740445137,0.0428281277418136,0.0597500056028366,0.2996000051498413,12.0,14.189839363098145,0.0976810678839683,0.0210883803665637,0.009454820305109,0.2806466817855835,0.0,33.0,0.1017299965023994,-2.062000036239624,0.2870000004768371,0.6065909266471863,11.014281272888184,2.1915636,0.0603004992008209,0.0159860923886299,14.595200538635254,21.0,0.1326143145561218,0.0914750173687934,0.009521547704935,0.0055353371426463,0.0128352139145135,0.0143963675945997,0.85046726,0.0077133364975452,
P29033 169 C G,-9.395600318908691,-8.191399574279785,0.2482634037733078,0.0744735151529312,0.0694472566246986,0.0550875551998615,0.955299973487854,0.0,15.436042785644531,0.0699558705091476,0.0199110247194767,0.0099896788597106,0.2436923235654831,-3.0,1.0,0.0613959580659866,-1.0729999542236328,2.384999990463257,0.4002799093723297,12.262873649597168,0.05710524,0.0,0.019425593316555,15.72311019897461,1.0,0.0996465384960174,0.064509592950344,0.0093259671702981,0.0111985094845294,0.0116851236671209,0.0266341120004653,0.03271028,0.0106469662860035,
P29033 169 C S,-5.933599948883057,-6.537899971008301,0.2482634037733078,0.0744735151529312,0.0694472566246986,0.0550875551998615,0.955299973487854,0.0,15.436042785644531,0.0699558705091476,0.0199110247194767,0.0099896788597106,0.2436923235654831,-1.0,1.0,0.0613959580659866,-1.0729999542236328,2.187999963760376,0.4002799093723297,12.262873649597168,0.05710524,0.0026942898984998,0.019425593316555,15.72311019897461,1.0,0.0996465384960174,0.064509592950344,0.0093259671702981,0.0111985094845294,0.0116851236671209,0.0266341120004653,0.03271028,0.0106469662860035,
P29033 168 K E,-0.8855000138282776,-3.4846999645233154,0.2327428013086319,0.0583986081182956,0.0401472114026546,0.053268976509571,0.2070000022649765,19.0,15.712368965148926,0.094824843108654,0.0198484566062688,0.0098512107506394,0.2313433140516281,1.0,109.0,0.058554507791996,-1.4889999628067017,1.6030000448226929,0.4286768436431885,11.90621566772461,2.2482622,0.0818737968802452,0.0230211839079856,16.03676986694336,90.0,0.1271589249372482,0.0896509066224098,0.0093896659091115,0.0057198796421289,0.0125199081376194,0.0142616666853427,0.92523366,0.0121657783165574,
P29033 167 V G,-4.730299949645996,-5.887599945068359,0.2144602388143539,0.0596096366643905,0.0556479208171367,0.0463645942509174,0.488099992275238,0.0,16.135417938232422,0.0784420296549797,0.0179860051721334,0.0106436731293797,0.2033912241458892,-3.0,15.0,0.0309224370867013,-1.5720000267028809,0.9559999704360962,0.3105687499046325,12.800886154174805,1.5437953,0.0013410199899226,0.0219152309000492,16.395963668823242,15.0,0.1001340299844741,0.0751235261559486,0.0098664183169603,0.0091250324621796,0.0091471187770366,0.0190219096839427,0.74766356,0.0157848484814167,
P29033 167 V A,-4.676499843597412,-5.861700057983398,0.2144602388143539,0.0596096366643905,0.0556479208171367,0.0463645942509174,0.488099992275238,0.0,16.135417938232422,0.0784420296549797,0.0179860051721334,0.0106436731293797,0.2033912241458892,0.0,15.0,0.0309224370867013,-1.5720000267028809,1.47599995136261,0.3105687499046325,12.800886154174805,1.5437953,0.0014198999851942,0.0219152309000492,16.395963668823242,15.0,0.1001340299844741,0.0751235261559486,0.0098664183169603,0.0091250324621796,0.0091471187770366,0.0190219096839427,0.74766356,0.0157848484814167,
P29033 167 V M,-2.600800037384033,-3.61080002784729,0.2144602388143539,0.0596096366643905,0.0556479208171367,0.0463645942509174,0.488099992275238,0.0,16.135417938232422,0.0784420296549797,0.0179860051721334,0.0106436731293797,0.2033912241458892,1.0,15.0,0.0309224370867013,-1.5720000267028809,1.3279999494552612,0.3105687499046325,12.800886154174805,1.5437953,0.0116581004112958,0.0219152309000492,16.395963668823242,15.0,0.1001340299844741,0.0751235261559486,0.0098664183169603,0.0091250324621796,0.0091471187770366,0.0190219096839427,0.74766356,0.0157848484814167,
P29033 165 R Q,-2.109499931335449,-4.668099880218506,0.2053539752960205,0.0362193137407302,0.027613379061222,0.0336191691458225,0.3160000145435333,99.0,16.433917999267578,0.0769713073968887,0.0143054341897368,0.0099355122074484,0.1975838392972946,1.0,180.0,0.0271692983806133,-1.4500000476837158,2.178999900817871,0.3611724376678467,12.41220474243164,2.0754,0.0215704999864101,0.0237295180559158,16.745424270629883,81.0,0.1167216002941131,0.0754386112093925,0.0098054967820644,0.0100299585610628,0.0088740456849336,0.0156532786786556,0.88785046,0.0162251181900501,
P29033 164 Q E,1.2878999710083008,-0.2222000062465667,0.2189999371767044,0.0372120104730129,0.0310289654880762,0.0286542605608701,0.4025000035762787,0.0,16.32876205444336,0.0886300355195999,0.0133490236476063,0.0107951713725924,0.205294519662857,2.0,117.0,0.0194897279143333,-2.6710000038146973,0.8460000157356262,0.3055368363857269,13.171679496765137,2.0074325,0.0922728031873703,0.0176876448094844,16.597803115844727,117.0,0.1009126752614975,0.0905511975288391,0.0132224708795547,0.0102860443294048,0.0071677700616419,0.0111714750528335,0.60280377,0.0153871700167655,
P29033 161 F V,-3.2860000133514404,-2.720000028610229,0.2773345708847046,0.0378390997648239,0.0244193580001592,0.0148390922695398,0.5878000259399414,0.0,15.040117263793944,0.0758543834090232,0.0086598331108689,0.0142510095611214,0.2504176795482635,-1.0,64.0,0.0183728765696287,-1.52400004863739,1.5449999570846558,0.2955008447170257,12.893733024597168,1.1301901,0.0262253005057573,0.0076361377723515,15.29776382446289,64.0,0.080734945833683,0.0853922367095947,0.0211626309901475,0.0245815776288509,0.0044723213650286,0.0120082637295126,0.38785046,0.0137269683182239,
P29033 157 M I,1.7019000053405762,0.7096999883651733,0.3104179203510284,0.0203813407570123,0.0168156400322914,0.0156259723007679,0.6875,0.0,14.307011604309082,0.0972276031970977,0.008617939427495,0.0144780687987804,0.283898115158081,1.0,76.0,0.0170531701296567,-2.486999988555908,-0.6859999895095825,0.3640347719192505,11.97762680053711,1.0116458,0.1711709946393966,0.0062779504805803,14.595869064331056,76.0,0.1032458841800689,0.1062979847192764,0.0197096951305866,0.0153505643829703,0.0048183193430304,0.0077908197417855,0.2990654,0.0111856637522578,
P29033 157 M T,-5.439899921417236,-5.084700107574463,0.3104179203510284,0.0203813407570123,0.0168156400322914,0.0156259723007679,0.6875,0.0,14.307011604309082,0.0972276031970977,0.008617939427495,0.0144780687987804,0.283898115158081,-1.0,76.0,0.0170531701296567,-2.486999988555908,0.8949999809265137,0.3640347719192505,11.97762680053711,1.0116458,0.0,0.0062779504805803,14.595869064331056,76.0,0.1032458841800689,0.1062979847192764,0.0197096951305866,0.0153505643829703,0.0048183193430304,0.0077908197417855,0.2990654,0.0111856637522578,
P29033 155 Y C,-3.49180006980896,-5.080900192260742,0.3091201484203338,0.0322487987577915,0.0106522087007761,0.0118505898863077,0.6025000214576721,0.0,14.773777961730955,0.1068311333656311,0.0080145327374339,0.0173623021692037,0.2781673669815063,-2.0,138.0,0.0225243680179119,-0.9900000095367432,3.746999979019165,0.3316729068756103,12.652832984924316,1.0165197,0.0202037002891302,0.0079242112115025,15.057445526123049,138.0,0.1098357364535331,0.1196003854274749,0.0255879200994968,0.0164347365498542,0.0059326482005417,0.0062159951776266,0.3364486,0.0135697573423385,
P29033 155 Y S,-5.4054999351501465,-6.625500202178955,0.3091201484203338,0.0322487987577915,0.0106522087007761,0.0118505898863077,0.6025000214576721,0.0,14.773777961730955,0.1068311333656311,0.0080145327374339,0.0173623021692037,0.2781673669815063,-2.0,138.0,0.0225243680179119,-0.9900000095367432,2.496000051498413,0.3316729068756103,12.652832984924316,1.0165197,0.0029579000547528,0.0079242112115025,15.057445526123049,138.0,0.1098357364535331,0.1196003854274749,0.0255879200994968,0.0164347365498542,0.0059326482005417,0.0062159951776266,0.3364486,0.0135697573423385,
P29033 151 M I,1.0759999752044678,-2.348700046539306,0.2495287209749221,0.0642708912491798,0.0098034990951418,0.0057249022647738,0.4528999924659729,0.0,16.28654670715332,0.0725218951702117,0.0046376693062484,0.01735145971179,0.2191454172134399,1.0,41.0,0.0302675440907478,-1.6230000257492063,0.7319999933242798,0.2703654170036316,13.806363105773926,1.4849993,0.2241930067539215,0.0110799223184585,16.607967376708984,41.0,0.0741560384631156,0.0892335921525955,0.0314721316099166,0.0380612052977085,0.0057875788770616,0.0071257189847528,0.69158876,0.0220604967325925,
P29033 151 M T,-1.2960000038146973,-2.5439999103546143,0.2495287209749221,0.0642708912491798,0.0098034990951418,0.0057249022647738,0.4528999924659729,0.0,16.28654670715332,0.0725218951702117,0.0046376693062484,0.01735145971179,0.2191454172134399,-1.0,41.0,0.0302675440907478,-1.6230000257492063,0.7889999747276306,0.2703654170036316,13.806363105773926,1.4849993,0.0209771990776062,0.0110799223184585,16.607967376708984,41.0,0.0741560384631156,0.0892335921525955,0.0314721316099166,0.0380612052977085,0.0057875788770616,0.0071257189847528,0.69158876,0.0220604967325925,
P29033 151 M L,1.7425999641418457,-1.6444000005722046,0.2495287209749221,0.0642708912491798,0.0098034990951418,0.0057249022647738,0.4528999924659729,0.0,16.28654670715332,0.0725218951702117,0.0046376693062484,0.01735145971179,0.2191454172134399,2.0,41.0,0.0302675440907478,-1.6230000257492063,0.2319999933242797,0.2703654170036316,13.806363105773926,1.4849993,0.436504989862442,0.0110799223184585,16.607967376708984,41.0,0.0741560384631156,0.0892335921525955,0.0314721316099166,0.0380612052977085,0.0057875788770616,0.0071257189847528,0.69158876,0.0220604967325925,
P29033 150 F Y,-9.045599937438965,-8.456399917602539,0.246776133775711,0.0635556429624557,0.0116093708202242,0.005554046947509,0.8675000071525574,0.0,16.338327407836914,0.0652170702815055,0.0043829535134136,0.0161193329840898,0.2198877483606338,3.0,31.0,0.0321561023592948,-1.034999966621399,1.8769999742507928,0.2792648673057556,13.76667594909668,0.20751043,0.0,0.0119318533688783,16.649112701416016,31.0,0.067400187253952,0.0810306072235107,0.0297839753329753,0.043441355228424,0.0066126203164458,0.0083465268835425,0.046728972,0.0209453012794256,
P29033 150 F I,-9.045599937438965,-8.456399917602539,0.246776133775711,0.0635556429624557,0.0116093708202242,0.005554046947509,0.8675000071525574,0.0,16.338327407836914,0.0652170702815055,0.0043829535134136,0.0161193329840898,0.2198877483606338,0.0,31.0,0.0321561023592948,-1.034999966621399,2.174999952316284,0.2792648673057556,13.76667594909668,0.20751043,0.0,0.0119318533688783,16.649112701416016,31.0,0.067400187253952,0.0810306072235107,0.0297839753329753,0.043441355228424,0.0066126203164458,0.0083465268835425,0.046728972,0.0209453012794256,
P29033 149 A S,-1.858700037002564,-1.583299994468689,0.3620680272579193,0.0346252433955669,0.0046813669614493,0.0056364550255239,0.5817000269889832,0.0,14.879335403442385,0.0995587930083274,0.0048355557955801,0.0222866833209991,0.3255224525928497,1.0,49.0,0.0365775451064109,-1.8480000495910645,0.4729999899864197,0.3825733065605163,12.738529205322266,1.5990999,0.0471960008144378,0.0077150776050984,15.250619888305664,49.0,0.1010585650801658,0.1181361079216003,0.0348584726452827,0.0244675986468791,0.0099013419821858,0.0035325889475643,0.20560747,0.0127329444512724,
P29033 149 A T,-1.801200032234192,-1.9989999532699585,0.3620680272579193,0.0346252433955669,0.0046813669614493,0.0056364550255239,0.5817000269889832,0.0,14.879335403442385,0.0995587930083274,0.0048355557955801,0.0222866833209991,0.3255224525928497,0.0,49.0,0.0365775451064109,-1.8480000495910645,0.4799999892711639,0.3825733065605163,12.738529205322266,1.5990999,0.0499841012060642,0.0077150776050984,15.250619888305664,49.0,0.1010585650801658,0.1181361079216003,0.0348584726452827,0.0244675986468791,0.0099013419821858,0.0035325889475643,0.20560747,0.0127329444512724,
P29033 142 F S,-2.65779995918274,-5.011899948120117,0.3004083037376404,0.0681431517004966,0.0108103323727846,0.0076971384696662,0.4550000131130218,0.0,15.458694458007812,0.074237048625946,0.0047471481375396,0.0266996566206216,0.2578347325325012,-2.0,106.0,0.0346942842006683,-1.034999966621399,2.450999975204468,0.3009819686412811,13.247706413269045,1.7148864,0.0276197008788585,0.0224591176956892,15.786506652832031,106.0,0.0770584493875503,0.0967715308070182,0.0421855002641677,0.0485161282122135,0.0137203857302665,0.0046619991771876,0.39719626,0.0313266180455684,
P29033 138 S G,-0.527899980545044,-2.9110000133514404,0.3222919404506683,0.0673570781946182,0.0168388318270444,0.0127721996977925,0.3714999854564667,0.0,15.40660572052002,0.0813297182321548,0.0078504756093025,0.0349975004792213,0.2544200420379638,0.0,46.0,0.0272632166743278,-2.0299999713897705,1.4320000410079956,0.2881239950656891,13.180160522460938,2.0220368,0.0164420008659362,0.0286749470978975,15.767921447753906,46.0,0.0847741961479187,0.1078407242894172,0.0500432699918746,0.050813615322113,0.0145333455875515,0.0070757400244474,0.3317757,0.0467961318790912,
P29033 129 E K,0.8163999915122986,-1.4332000017166138,0.4332227110862732,0.0253412257879972,0.0130188222974538,0.020886655896902,0.2029999941587448,0.0,14.391547203063965,0.1262261122465133,0.0130606042221188,0.0480417683720588,0.313642293214798,1.0,63.0,0.0155301420018076,-2.180999994277954,1.100000023841858,0.3430922925472259,12.351945877075195,2.263523,0.1605090051889419,0.0171749778091907,14.74918270111084,63.0,0.1314355134963989,0.1563999950885772,0.0567930229008197,0.0304391290992498,0.0085547175258398,0.0058292844332754,0.8364486,0.0497104823589324,
P29033 126 V I,-0.8756999969482422,-1.583899974822998,0.2671432495117187,0.0358044430613517,0.0323678478598594,0.0249029677361249,0.1858000010251999,0.0,16.341075897216797,0.0843693017959594,0.012526218779385,0.0296810567378997,0.1973074823617935,3.0,20.0,0.0092776343226432,-1.883999943733216,0.3819999992847442,0.234170988202095,13.771604537963867,2.6990771,0.0938068032264709,0.0284184217453002,16.717792510986328,20.0,0.0935932025313377,0.1129126995801925,0.053382284939289,0.0560677535831928,0.0061187548562884,0.0123713463544845,0.58411217,0.0729324668645858,
P29033 125 K Q,-1.9914000034332275,-4.125899791717529,0.375590056180954,0.0178088005632162,0.0261257365345954,0.0258596539497375,0.2398000061511993,27.0,14.638115882873535,0.0827288776636123,0.0110761206597089,0.0306695252656936,0.2967022955417633,1.0,118.0,0.0181033983826637,-1.4989999532699585,1.89900004863739,0.4259335696697235,12.015884399414062,2.512258,0.039072498679161,0.0120060378685593,15.012537956237791,91.0,0.1070133373141288,0.1094375103712081,0.0489344596862793,0.0552562773227691,0.0064643518999218,0.0119375903159379,0.4813084,0.0368831492960453,
P29033 121 I T,0.2781000137329101,-1.949599981307984,0.5593405365943909,0.0265761986374855,0.0253131054341793,0.0391088537871837,0.1471000015735626,0.0,14.16795825958252,0.1173376813530922,0.0212588720023632,0.0460565164685249,0.3932466208934784,-1.0,57.0,0.0462109148502349,-1.85699999332428,1.562000036239624,0.5613362789154053,11.836957931518556,2.5383325,0.0440348014235496,0.0088379941880702,14.663734436035156,57.0,0.1410112529993057,0.148432582616806,0.0596626549959182,0.0409469008445739,0.0098683414980769,0.013815869577229,0.42990655,0.0409348681569099,
P29033 118 I T,-0.8604999780654907,-2.674599885940552,0.8765484690666199,0.0265376325696706,0.0505993776023387,0.0493875406682491,0.1271000057458877,0.0,14.086417198181152,0.1011279448866844,0.0337704457342624,0.0617827028036117,0.6010557413101196,-1.0,21.0,0.0815739259123802,-2.122999906539917,0.4850000143051147,0.7248718738555908,11.959976196289062,2.7109272,0.0305000003427267,0.0091715175658464,14.646021842956545,21.0,0.1151570528745651,0.1360416710376739,0.0715869218111038,0.0639332681894302,0.0351100116968154,0.032972153276205,0.46728972,0.0296416413038969,
P29033 117 D V,-1.4217000007629397,-4.204100131988525,1.4599285125732422,0.0151179991662502,0.0282864961773157,0.0513743087649345,0.1431999951601028,0.0,12.698534965515137,0.1424707025289535,0.0360303483903408,0.0796905755996704,1.0831552743911743,-3.0,100.0,0.1515144854784011,-1.812999963760376,1.9290000200271609,1.303587794303894,10.590259552001951,2.6533127,0.0278018992394208,0.0080595919862389,13.259209632873535,100.0,0.1564224809408188,0.178063303232193,0.0734707862138748,0.0382139012217521,0.0943600460886955,0.017495471984148,0.30373833,0.0161383524537086,
P29033 117 D G,-0.3495000004768371,-3.267400026321411,1.4599285125732422,0.0151179991662502,0.0282864961773157,0.0513743087649345,0.1431999951601028,0.0,12.698534965515137,0.1424707025289535,0.0360303483903408,0.0796905755996704,1.0831552743911743,-1.0,100.0,0.1515144854784011,-1.812999963760376,0.6880000233650208,1.303587794303894,10.590259552001951,2.6533127,0.0812909975647926,0.0080595919862389,13.259209632873535,100.0,0.1564224809408188,0.178063303232193,0.0734707862138748,0.0382139012217521,0.0943600460886955,0.017495471984148,0.30373833,0.0161383524537086,
P29033 106 F S,1.6863000392913818,-1.5046000480651855,1.409429669380188,0.0357539877295494,0.0394007340073585,0.0566866919398307,0.1740999966859817,0.0,12.793274879455566,0.1287935227155685,0.0435201004147529,0.0989156290888786,0.8929305672645569,-2.0,81.0,0.2047681361436844,-2.3989999294281006,0.3819999992847442,1.083318829536438,10.77251434326172,2.3563879,0.0713967978954315,0.0228054225444793,13.380908966064451,81.0,0.1403486877679824,0.1660917252302169,0.0800484791398048,0.0495598092675209,0.1663187742233276,0.0268792957067489,0.80841124,0.0318851396441459,
P29033 104 R S,-1.3868000507354736,-3.97379994392395,1.137476921081543,0.0349101908504962,0.0428889654576778,0.0534039065241813,0.3549000024795532,0.0,12.83615016937256,0.1191429495811462,0.0405919924378395,0.0780866518616676,0.7393600940704346,-1.0,75.0,0.1300979256629943,-1.7280000448226929,1.5230000019073486,0.8789990544319153,10.92224407196045,1.7304947,0.0333740003407001,0.0184162314981222,13.41748046875,75.0,0.1299309730529785,0.1559638381004333,0.0781430378556251,0.0541157461702823,0.0854714885354042,0.0289205163717269,0.682243,0.0327625088393688,
P29033 103 K R,-0.9009000062942504,-3.843400001525879,0.9072998762130736,0.0311907175928354,0.0601068623363971,0.0519831925630569,0.228300005197525,0.0,13.899927139282228,0.0974180400371551,0.0384499058127403,0.0654719322919845,0.5931650400161743,2.0,35.0,0.089124895632267,-1.6150000095367432,1.8329999446868896,0.6974725127220154,12.017938613891602,2.2543552,0.0830091014504432,0.0108984457328915,14.437078475952148,35.0,0.1088723167777061,0.1337055712938308,0.0762167945504188,0.0720136016607284,0.0471768081188201,0.0414333865046501,0.8551402,0.0343147031962871,
P29033 102 K N,-0.3657000064849853,-2.2648000717163086,0.6117280721664429,0.0490329600870609,0.0525152422487735,0.0501398183405399,0.2384999990463256,0.0,14.938617706298828,0.1030175238847732,0.0372489690780639,0.0569601207971572,0.3727894425392151,0.0,88.0,0.054432462900877,-2.122999906539917,1.409000039100647,0.4602885544300079,12.586671829223633,2.1168659,0.0373432002961635,0.0111625511199235,15.382214546203612,88.0,0.1135246306657791,0.1391414552927017,0.0756099969148635,0.0650415793061256,0.0131978960707783,0.0352381840348243,0.8037383,0.0614604018628597,
P29033 98 R G,-3.9856998920440674,-4.735700130462647,0.402559757232666,0.0441762693226337,0.0319663733243942,0.0334960334002971,0.2615000009536743,0.0,15.698931694030762,0.1049279421567916,0.0220771711319684,0.0403715521097183,0.2892235517501831,-2.0,31.0,0.0239401720464229,-1.8539999723434448,1.5219999551773071,0.3293199241161346,12.92793083190918,2.0699985,0.0050719198770821,0.0171618126332759,16.162540435791016,31.0,0.1127306744456291,0.1378481239080429,0.0644388869404792,0.0500289238989353,0.0078122289851307,0.0169147923588752,0.8785047,0.0553999468684196,
P29033 96 A G,-2.865000009536743,-5.582699775695801,0.2869137525558471,0.071266695857048,0.0394382663071155,0.0274895224720239,0.4000999927520752,0.0,16.6414852142334,0.0820719897747039,0.0156714282929897,0.0283638183027505,0.2225477844476699,0.0,37.0,0.0230144374072551,-1.13100004196167,1.805999994277954,0.2739983797073364,13.734563827514648,1.9508829,0.011961500160396,0.0417540967464447,17.046022415161133,37.0,0.0897029340267181,0.1120108738541603,0.0571258962154388,0.0630724355578422,0.0123580191284418,0.0176961850374937,0.8130841,0.0611080303788185,
P29033 95 V A,-0.649399995803833,-3.4772000312805176,0.275756299495697,0.0575354620814323,0.0521707087755203,0.0227632746100425,0.6500999927520752,0.0,16.746755599975586,0.0623705126345157,0.0121628521010279,0.0288707353174686,0.2163171768188476,0.0,3.0,0.0137222586199641,-1.1690000295639038,1.662999987602234,0.2358072698116302,14.160723686218262,1.2738609,0.2687200009822845,0.0366131626069545,17.101207733154297,3.0,0.0691514462232589,0.0911286473274231,0.0542778559029102,0.0864678397774696,0.0098954755812883,0.0213020201772451,0.5046729,0.0590759851038455,
P29033 94 H Q,-7.938700199127197,-8.19890022277832,0.2784669697284698,0.0569491982460022,0.0356109738349914,0.0218570102006196,0.5615000128746033,0.0,15.914800643920898,0.0749527737498283,0.0119537552818655,0.0265145450830459,0.2291253507137298,0.0,37.0,0.0218761134892702,-1.4199999570846558,2.2929999828338623,0.2948726713657379,13.240309715270996,0.98787063,0.0,0.0387424901127815,16.261241912841797,37.0,0.0813439339399337,0.1036890968680381,0.0542695932090282,0.0660872459411621,0.0126236714422702,0.0143366744741797,0.40186915,0.0512658171355724,
P29033 94 H L,-4.121300220489502,-5.89769983291626,0.2784669697284698,0.0569491982460022,0.0356109738349914,0.0218570102006196,0.5615000128746033,0.0,15.914800643920898,0.0749527737498283,0.0119537552818655,0.0265145450830459,0.2291253507137298,-3.0,37.0,0.0218761134892702,-1.4199999570846558,1.9919999837875368,0.2948726713657379,13.240309715270996,0.98787063,0.0071579101495444,0.0387424901127815,16.261241912841797,37.0,0.0813439339399337,0.1036890968680381,0.0542695932090282,0.0660872459411621,0.0126236714422702,0.0143366744741797,0.40186915,0.0512658171355724,
P29033 94 H Y,-0.121799997985363,-3.5013999938964844,0.2784669697284698,0.0569491982460022,0.0356109738349914,0.0218570102006196,0.5615000128746033,0.0,15.914800643920898,0.0749527737498283,0.0119537552818655,0.0265145450830459,0.2291253507137298,2.0,37.0,0.0218761134892702,-1.4199999570846558,0.6489999890327454,0.2948726713657379,13.240309715270996,0.98787063,0.3885680139064789,0.0387424901127815,16.261241912841797,37.0,0.0813439339399337,0.1036890968680381,0.0542695932090282,0.0660872459411621,0.0126236714422702,0.0143366744741797,0.40186915,0.0512658171355724,
P29033 89 L F,-3.089900016784668,-4.928800106048584,0.1904014348983764,0.0753449201583862,0.0200559832155704,0.0141139179468154,0.59579998254776,11.0,16.9581298828125,0.0732692703604698,0.0050287428312003,0.0130931558087468,0.1778730750083923,0.0,71.0,0.025373188778758,-0.972000002861023,2.500999927520752,0.2665770351886749,13.481926918029783,1.0264632,0.0249780006706714,0.0505465567111969,17.30119514465332,60.0,0.0841909348964691,0.0956490337848663,0.040496502071619,0.0516965724527835,0.0125398058444261,0.0050092949531972,0.3084112,0.035534132272005,
P29033 87 P L,-5.663000106811523,-6.65369987487793,0.2182133793830871,0.0831333845853805,0.0179851464927196,0.0099394069984555,0.9735000133514404,0.0,16.760400772094727,0.0662182420492172,0.0048693935386836,0.0173013154417276,0.1970956921577453,-3.0,16.0,0.0294681563973426,-1.059000015258789,2.374000072479248,0.2610712647438049,13.778314590454102,0.16489722,0.003534970106557,0.0399962663650512,17.086875915527344,16.0,0.0705348849296569,0.0891131237149238,0.042418960481882,0.0598489977419376,0.0133621329441666,0.0057553201913833,0.056074765,0.0355057902634143,
P29033 79 L R,-5.967899799346924,-7.9421000480651855,0.1776879429817199,0.0567227192223072,0.0052012503147125,0.005707683507353,0.5860000252723694,63.0,17.070087432861328,0.0678440406918525,0.0041249333880841,0.0078557878732681,0.1686901152133941,-2.0,78.0,0.0348798967897892,-0.972000002861023,2.816999912261963,0.3179054260253906,12.719307899475098,1.0032109,0.0013398199807852,0.0209007188677787,17.409217834472656,15.0,0.1000659391283989,0.0764982551336288,0.0180148221552371,0.0272188242524862,0.0066760098561644,0.006604625377804,0.55607474,0.0167694240808486,
P29033 78 A V,0.5791000127792358,-2.119499921798706,0.1765355616807937,0.0723457038402557,0.0092760901898145,0.0065074819140136,0.5358999967575073,27.0,16.905908584594727,0.0613232664763927,0.004598724655807,0.0073041715659201,0.1670605391263961,0.0,40.0,0.0337671115994453,-1.4529999494552612,1.5779999494552612,0.2833504378795624,13.093822479248049,1.3596188,0.4143230020999908,0.0189181976020336,17.16921043395996,13.0,0.0822587683796882,0.0696325376629829,0.0177732985466718,0.0316593833267688,0.0060164066962897,0.0090392529964447,0.91121495,0.0143318017944693,
P29033 76 L V,-3.896100044250488,-5.47160005569458,0.15878926217556,0.070042073726654,0.0094717247411608,0.0082948748022317,0.6421999931335449,0.0,17.523921966552734,0.083860196173191,0.0056208772584795,0.008495008572936,0.1432258486747741,1.0,10.0,0.0261705573648214,-1.287999987602234,1.6710000038146973,0.2474090754985809,13.817509651184082,1.1586547,0.0054729501716792,0.0134114483371376,17.906274795532227,10.0,0.0943842530250549,0.0934061408042907,0.0198987331241369,0.0193351432681083,0.0033821859396994,0.005900178104639,0.5981308,0.0230675004422664,
P29033 72 S F,-8.254500389099121,-8.114299774169922,0.1522168815135955,0.0571286641061306,0.0197893232107162,0.0170919839292764,0.8992000222206116,4.0,17.754852294921875,0.0726187080144882,0.0088499644771218,0.0079632699489593,0.1352896094322204,-2.0,5.0,0.0159353502094745,-1.0679999589920044,2.8550000190734863,0.2235795259475708,13.94696044921875,0.31224415,0.0001541350065963,0.0103328740224242,18.13905906677246,1.0,0.0989884808659553,0.0756558924913406,0.0120549872517585,0.0154237849637866,0.0020305435173213,0.0118403788655996,0.098130845,0.0230113174766302,
P29033 69 F L,-4.586599826812744,-6.68940019607544,0.1760419160127639,0.0396422185003757,0.034602228552103,0.0304000042378902,0.6518999934196472,4.0,17.375131607055664,0.0753307864069938,0.0124394167214632,0.0095515325665473,0.1569232493638992,0.0,19.0,0.0118090771138668,-1.0700000524520874,1.694000005722046,0.2301280945539474,13.652627944946287,0.8456499,0.0059036598540842,0.0102235153317451,17.649948120117188,15.0,0.1022153049707412,0.0755835771560669,0.0103762941434979,0.0118082268163561,0.0026979569811373,0.0150874238461256,0.48598132,0.0202680546790361,
P29033 68 Y C,-5.4166998863220215,-4.772900104522705,0.1913689374923706,0.041367445141077,0.0379026271402835,0.0355351120233535,0.6067000031471252,0.0,17.1372013092041,0.0893714427947998,0.014344080351293,0.0104324640706181,0.1727001965045929,-2.0,76.0,0.0139553509652614,-2.130000114440918,2.739000082015991,0.2460529506206512,13.462586402893066,1.4757683,0.0,0.0135835250839591,17.45654296875,76.0,0.1063676923513412,0.0891043543815612,0.0107329003512859,0.0082763573154807,0.0041853738948702,0.012200279161334,0.64953274,0.0188453216105699,
P29033 62 N S,-2.665299892425537,-2.817300081253052,0.177712470293045,0.0796737894415855,0.0400637686252594,0.0526891201734542,0.6158000230789185,91.0,17.144214630126953,0.0653466507792472,0.0158822704106569,0.0086507033556699,0.1709549278020858,1.0,96.0,0.0644795894622802,-1.3459999561309814,0.3449999988079071,0.401143878698349,12.322678565979004,0.93852955,0.0479805991053581,0.0280574019998312,17.530574798583984,5.0,0.1273331940174102,0.0595331154763698,0.0067106788046658,0.0094838924705982,0.0074109048582613,0.0242188815027475,0.37850466,0.0175413377583026,
P29033 60 C R,-6.989699840545654,-7.35260009765625,0.1891306340694427,0.0780428051948547,0.0671085119247436,0.0589500218629837,0.955900013446808,0.0,17.093069076538086,0.0654777288436889,0.0194202717393636,0.0087852450087666,0.1876870989799499,-3.0,0.0,0.0908363237977027,-1.1109999418258667,2.9030001163482666,0.4680526554584503,12.32931423187256,0.02587397,0.0009372070198878,0.0314573273062706,17.67422866821289,0.0,0.1056339740753173,0.0583204850554466,0.0078192390501499,0.0108766825869679,0.0108865965157747,0.0293107349425554,0.009345794,0.0151907373219728,
P29033 43 V A,-2.1254000663757324,-5.063700199127197,0.175860121846199,0.0459256879985332,0.0293059200048446,0.0180833041667938,0.603600025177002,7.0,17.25546646118164,0.0637304261326789,0.0093007059767842,0.0069756638258695,0.1696447879076004,0.0,7.0,0.0261826962232589,-1.0390000343322754,1.6690000295639038,0.3269208371639251,13.095809936523438,1.2057282,0.0681938976049423,0.0250200610607862,17.625246047973633,0.0,0.0813034400343895,0.067519873380661,0.0136788627132773,0.0219434052705764,0.006161319091916,0.0157927703112363,0.7056075,0.0150608047842979,
P29033 40 A T,-3.330899953842163,-5.241899967193604,0.1747288107872009,0.0588465705513954,0.0244825165718793,0.0122183328494429,0.7031999826431274,0.0,17.323495864868164,0.0626817271113395,0.007305584847927,0.0068587702699005,0.1654200106859207,0.0,0.0,0.0315697826445102,-1.13100004196167,0.7839999794960022,0.3020239770412445,13.675640106201172,1.0604286,0.0158849004656076,0.0202768500894308,17.658802032470703,0.0,0.0716945305466651,0.0698174089193344,0.0174540542066097,0.0285549573600292,0.0050501869991421,0.0132407108321785,0.5420561,0.0142156369984149,
P29033 25 L F,-3.324700117111206,-4.4822998046875,0.1826183497905731,0.0755931437015533,0.0152032589539885,0.0074522509239614,0.6545000076293945,0.0,17.5311336517334,0.0645737946033477,0.0031815103720873,0.0125610157847404,0.1644317507743835,0.0,20.0,0.0182677265256643,-1.3040000200271606,1.2130000591278076,0.2117360085248947,14.38561725616455,0.5875833,0.0273115001618862,0.0373244620859622,17.793434143066406,20.0,0.068758301436901,0.0847905799746513,0.0366061739623546,0.0554313287138938,0.008720651268959,0.0040740827098488,0.21962617,0.0292704068124294,
P29033 24 W C,-4.49399995803833,-5.666600227355957,0.1933556497097015,0.0744138956069946,0.016714384779334,0.0080264993011951,0.8479999899864197,0.0,17.48000144958496,0.0628395453095436,0.0041815326549112,0.0149760758504271,0.1695102453231811,-2.0,6.0,0.0182684287428855,-1.0360000133514404,3.681999921798706,0.2118607461452484,14.396491050720217,0.36262178,0.0101717999204993,0.0323218405246734,17.766292572021484,6.0,0.0663717687129974,0.0850174352526664,0.0408559665083885,0.0623664483428001,0.0083252126350998,0.0058113201521337,0.17757009,0.0332322977483272,
P29033 23 I M,-3.901099920272827,-5.67140007019043,0.2311480045318603,0.0384658463299274,0.0115768369287252,0.009567211382091,0.4839999973773956,16.0,16.21881675720215,0.073548600077629,0.0038162777200341,0.0154552375897765,0.2038207799196243,1.0,94.0,0.0152200805023312,-1.4259999990463257,2.5350000858306885,0.2711531817913055,13.076732635498049,1.2057605,0.007187679875642,0.0225081611424684,16.547626495361328,78.0,0.0877423658967018,0.0942907854914665,0.0376027189195156,0.0470866970717906,0.0078894160687923,0.0036616367287933,0.3504673,0.0253214407712221,
P29033 19 S I,0.1405999958515167,-3.870699882507324,0.2503718435764313,0.0272080469876527,0.019306493923068,0.0157240405678749,0.3030000030994415,32.0,16.104402542114258,0.0712438523769378,0.0057850088924169,0.0215257927775383,0.2084718197584152,-2.0,84.0,0.01178755518049,-1.628000020980835,2.23799991607666,0.2843392491340637,12.961014747619627,2.1634448,0.0995030030608177,0.0261191520839929,16.435888290405273,52.0,0.0910104885697364,0.0943958610296249,0.0417869091033935,0.0567147359251976,0.0079580638557672,0.0065025310032069,0.9813084,0.0415956750512123,
P29033 18 T S,-3.242000102996826,-4.825300216674805,0.2166810780763626,0.0432229712605476,0.0220417901873588,0.0158670432865619,0.7968000173568726,0.0,17.109251022338867,0.0797029286623001,0.0074417213909327,0.0232127383351326,0.1714370399713516,1.0,19.0,0.0082154031842947,-1.1390000581741333,1.7760000228881836,0.2045272439718246,14.213948249816896,0.3419915,0.0336703993380069,0.0400861836969852,17.378576278686523,19.0,0.0857815667986869,0.1052041575312614,0.0471219271421432,0.051470898091793,0.0076602594926953,0.0066477488726377,0.1682243,0.064809076488018,
P29033 17 S C,-4.845799922943115,-6.88040018081665,0.2035283744335174,0.0516143552958965,0.0425791777670383,0.0159206762909889,0.7319999933242798,0.0,17.377416610717773,0.0562001876533031,0.0071714110672473,0.0204398073256015,0.1681099236011505,-1.0,19.0,0.0084053147584199,-1.337000012397766,3.197000026702881,0.1933035403490066,14.589605331420898,0.43652597,0.0061216498725116,0.0461801886558532,17.620370864868164,19.0,0.0621327497065067,0.0814200565218925,0.0466595627367496,0.0854829996824264,0.0087888184934854,0.0129752466455101,0.26635513,0.0582025647163391,
P29033 16 H P,-4.286499977111816,-5.384399890899658,0.2321624308824539,0.0473488755524158,0.058701429516077,0.0200147461146116,0.546999990940094,0.0,16.962486267089844,0.0537808015942573,0.0090586682781577,0.0219176225364208,0.1906645596027374,-2.0,39.0,0.0100489780306816,-1.4199999570846558,2.4230000972747803,0.2197467386722564,14.237078666687012,1.03392,0.0076324101537466,0.0397767350077629,17.277767181396484,39.0,0.0611170269548893,0.0800079479813575,0.048517495393753,0.0966989174485206,0.009535489603877,0.0199362523853778,0.7196262,0.0531612262129783,
P29033 13 V G,-2.944299936294556,-5.418700218200684,0.2399245351552963,0.0527928546071052,0.0396066270768642,0.0173275843262672,0.5263000130653381,0.0,15.917892456054688,0.0620352514088153,0.0066381092183291,0.0161422956734895,0.2151929289102554,-3.0,15.0,0.0168374832719564,-1.2790000438690186,2.052000045776367,0.2535573840141296,13.62542724609375,1.1824636,0.0284890998154878,0.032384842634201,16.22134017944336,15.0,0.0701051577925682,0.0855869427323341,0.0428452603518962,0.0710513889789581,0.0113533455878496,0.0103112049400806,0.71495324,0.0302120614796876,
P29033 5 T M,-2.545799970626831,-3.990999937057495,0.4821488559246063,0.0097213871777057,0.0167598370462656,0.0296567305922508,0.4257000088691711,36.0,12.222665786743164,0.114364854991436,0.0055777751840651,0.0072547020390629,0.5033974647521973,-1.0,59.0,0.0504727251827716,-1.914000034332276,2.6559998989105225,1.371867060661316,8.748881340026855,1.7731842,0.0037077500019222,0.0080316942185163,12.812298774719238,23.0,0.198943555355072,0.1247280240058898,0.0193969458341598,0.0173542741686105,0.0165244378149509,0.0063200090080499,0.7242991,0.0027596990112215,
