,SAVs,labels
0,P29033 226 V G,1
1,P29033 226 V D,1
2,P29033 225 P L,1
3,P29033 220 G E,0
4,P29033 219 S T,0
5,P29033 218 C Y,1
6,P29033 217 Y D,0
7,P29033 215 I M,0
8,P29033 214 L R,1
9,P29033 214 L P,1
10,P29033 214 L V,0
11,P29033 211 C Y,1
12,P29033 210 L V,0
13,P29033 209 E A,1
14,P29033 208 T P,1
15,P29033 206 N S,1
16,P29033 206 N T,1
17,P29033 206 N H,1
18,P29033 205 L P,1
19,P29033 205 L V,1
20,P29033 203 I M,0
21,P29033 203 I K,1
22,P29033 203 I T,0
23,P29033 202 C F,1
24,P29033 202 C R,1
25,P29033 200 G A,1
26,P29033 200 G R,1
27,P29033 199 S F,1
28,P29033 199 S A,1
29,P29033 199 S P,1
30,P29033 198 V M,1
31,P29033 197 A V,0
32,P29033 197 A S,1
33,P29033 197 A T,0
34,P29033 195 M T,1
35,P29033 195 M L,1
36,P29033 195 M V,1
37,P29033 194 F Y,1
38,P29033 191 F L,1
39,P29033 190 V D,1
40,P29033 188 K R,1
41,P29033 186 T M,1
42,P29033 186 T K,1
43,P29033 184 R P,1
44,P29033 184 R Q,1
45,P29033 184 R W,1
46,P29033 184 R G,1
47,P29033 183 S F,1
48,P29033 179 D N,1
49,P29033 178 V A,1
50,P29033 178 V M,1
51,P29033 176 N D,1
52,P29033 175 P R,1
53,P29033 175 P H,1
54,P29033 175 P T,1
55,P29033 174 C Y,1
56,P29033 174 C R,1
57,P29033 173 P R,1
58,P29033 173 P S,1
59,P29033 172 W C,1
60,P29033 172 W R,1
61,P29033 171 A P,0
62,P29033 170 N S,0
63,P29033 169 C Y,1
64,P29033 169 C R,1
65,P29033 168 K R,0
66,P29033 163 M V,1
67,P29033 163 M L,1
68,P29033 161 F S,1
69,P29033 159 D V,1
70,P29033 158 Y C,1
71,P29033 156 V I,0
72,P29033 153 V A,1
73,P29033 153 V I,0
74,P29033 151 M R,1
75,P29033 149 A V,0
76,P29033 147 E K,1
77,P29033 144 V I,0
78,P29033 143 R L,1
79,P29033 143 R P,1
80,P29033 143 R Q,1
81,P29033 143 R W,1
82,P29033 142 F L,1
83,P29033 142 F L,1
84,P29033 142 F L,1
85,P29033 140 I M,1
86,P29033 140 I S,1
87,P29033 139 S N,1
88,P29033 139 S C,1
89,P29033 138 S N,1
90,P29033 137 T P,1
91,P29033 134 W R,1
92,P29033 133 W S,1
93,P29033 133 W G,1
94,P29033 132 L V,1
95,P29033 131 S P,0
96,P29033 130 G V,1
97,P29033 130 G A,1
98,P29033 130 G D,1
99,P29033 130 G R,1
100,P29033 128 I M,1
101,P29033 128 I V,1
102,P29033 127 R L,1
103,P29033 127 R H,0
104,P29033 127 R C,1
105,P29033 123 T N,0
106,P29033 122 K I,1
107,P29033 121 I N,1
108,P29033 121 I V,0
109,P29033 120 E K,1
110,P29033 119 E K,1
111,P29033 118 I M,0
112,P29033 118 I V,0
113,P29033 115 F L,0
114,P29033 115 F C,1
115,P29033 115 F V,0
116,P29033 114 E G,0
117,P29033 114 E K,1
118,P29033 113 S R,1
119,P29033 113 S G,0
120,P29033 112 K N,1
121,P29033 111 I M,0
122,P29033 111 I T,0
123,P29033 111 I V,1
124,P29033 109 G V,1
125,P29033 109 G E,1
126,P29033 107 I L,0
127,P29033 105 K N,0
128,P29033 105 K R,1
129,P29033 101 E G,1
130,P29033 100 H Q,0
131,P29033 100 H Q,1
132,P29033 100 H L,1
133,P29033 100 H P,1
134,P29033 100 H Y,1
135,P29033 98 R P,1
136,P29033 98 R Q,1
137,P29033 98 R W,1
138,P29033 95 V M,1
139,P29033 93 M I,1
140,P29033 93 M T,1
141,P29033 93 M V,1
142,P29033 93 M L,1
143,P29033 92 A S,1
144,P29033 90 L R,1
145,P29033 90 L P,1
146,P29033 90 L V,1
147,P29033 89 L P,1
148,P29033 88 A V,1
149,P29033 88 A G,1
150,P29033 88 A S,1
151,P29033 88 A P,1
152,P29033 86 T R,1
153,P29033 86 T A,1
154,P29033 85 S P,1
155,P29033 84 V A,1
156,P29033 84 V L,1
157,P29033 84 V L,1
158,P29033 84 V M,1
159,P29033 83 F L,0
160,P29033 82 I M,1
161,P29033 82 I N,1
162,P29033 82 I V,1
163,P29033 81 L R,1
164,P29033 81 L V,1
165,P29033 80 Q H,1
166,P29033 80 Q L,1
167,P29033 80 Q R,1
168,P29033 80 Q P,1
169,P29033 80 Q K,1
170,P29033 79 L P,1
171,P29033 79 L Q,1
172,P29033 79 L V,1
173,P29033 78 A V,1
174,P29033 78 A D,1
175,P29033 78 A S,1
176,P29033 78 A T,1
177,P29033 77 W R,1
178,P29033 76 L P,1
179,P29033 75 R P,1
180,P29033 75 R Q,1
181,P29033 75 R W,1
182,P29033 75 R G,1
183,P29033 73 H R,1
184,P29033 73 H Y,1
185,P29033 72 S C,1
186,P29033 71 I N,1
187,P29033 70 P L,1
188,P29033 70 P R,1
189,P29033 70 P S,1
190,P29033 70 P A,1
191,P29033 69 F L,1
192,P29033 69 F S,1
193,P29033 68 Y C,0
194,P29033 66 D Y,1
195,P29033 66 D H,1
196,P29033 65 Y C,1
197,P29033 65 Y H,1
198,P29033 64 C Y,1
199,P29033 63 V L,1
200,P29033 63 V L,1
201,P29033 61 K Q,1
202,P29033 60 C G,1
203,P29033 59 G V,1
204,P29033 59 G A,1
205,P29033 59 G D,1
206,P29033 59 G R,1
207,P29033 59 G S,1
208,P29033 58 P R,1
209,P29033 58 P S,1
210,P29033 58 P A,1
211,P29033 56 L P,1
212,P29033 55 T N,1
213,P29033 55 T A,1
214,P29033 55 T P,1
215,P29033 54 N K,1
216,P29033 54 N S,1
217,P29033 54 N H,1
218,P29033 53 C F,1
219,P29033 53 C Y,1
220,P29033 53 C R,1
221,P29033 53 C S,1
222,P29033 52 V L,1
223,P29033 50 D A,1
224,P29033 50 D Y,1
225,P29033 50 D N,1
226,P29033 47 E Q,1
227,P29033 47 E K,1
228,P29033 46 D E,1
229,P29033 46 D H,1
230,P29033 46 D N,1
231,P29033 45 G E,1
232,P29033 45 G R,1
233,P29033 44 W C,1
234,P29033 44 W L,1
235,P29033 44 W S,1
236,P29033 44 W G,1
237,P29033 43 V G,1
238,P29033 43 V L,1
239,P29033 43 V M,1
240,P29033 42 E D,1
241,P29033 42 E K,1
242,P29033 40 A V,1
243,P29033 40 A G,1
244,P29033 40 A E,1
245,P29033 40 A T,1
246,P29033 38 V A,1
247,P29033 37 V A,1
248,P29033 37 V F,1
249,P29033 37 V L,1
250,P29033 37 V I,1
251,P29033 36 L P,1
252,P29033 35 I S,1
253,P29033 34 M I,1
254,P29033 34 M R,1
255,P29033 34 M T,1
256,P29033 34 M K,1
257,P29033 34 M L,1
258,P29033 34 M V,1
259,P29033 33 I T,1
260,P29033 32 R L,1
261,P29033 32 R H,1
262,P29033 32 R C,1
263,P29033 32 R G,1
264,P29033 32 R S,1
265,P29033 31 F I,1
266,P29033 30 I T,1
267,P29033 30 I N,1
268,P29033 30 I F,1
269,P29033 30 I V,1
270,P29033 28 L V,1
271,P29033 27 V I,0
272,P29033 24 W C,1
273,P29033 24 W L,1
274,P29033 22 K N,1
275,P29033 21 G R,1
276,P29033 20 I M,1
277,P29033 20 I T,1
278,P29033 19 S I,1
279,P29033 19 S T,1
280,P29033 18 T I,1
281,P29033 17 S F,1
282,P29033 17 S Y,1
283,P29033 16 H R,1
284,P29033 16 H Y,0
285,P29033 15 K T,1
286,P29033 14 N K,1
287,P29033 14 N S,1
288,P29033 14 N Y,1
289,P29033 14 N D,1
290,P29033 13 V M,1
291,P29033 12 G V,1
292,P29033 12 G D,1
293,P29033 12 G C,1
294,P29033 12 G R,1
295,P29033 11 G E,1
296,P29033 10 L P,1
297,P29033 10 L W,1
298,P29033 8 T M,1
299,P29033 7 Q P,1
300,P29033 6 L P,1
301,P29033 4 G V,0
302,P29033 4 G D,0
303,P29033 4 G S,0
