SAV_coords,ACNR,Lside,charge_pH7,consurf,deltaLside
P21817 35 C R,-0.59692305,7.0,0.0,-0.84,5.0
P21817 44 R C,-0.7316,2.0,1.0,-0.872,-5.0
P21817 163 R C,-0.12111111,2.0,0.0,-0.722,-5.0
P21817 163 R L,-0.12111111,4.0,0.0,-0.722,-3.0
P21817 248 G R,-0.4242,7.0,0.0,0.322,7.0
P21817 248 G R,-0.4242,7.0,0.0,0.322,7.0
P21817 328 R W,1.21425,10.0,1.0,-0.286,3.0
P21817 341 G R,-0.6502857,7.0,0.0,-0.854,7.0
P21817 341 G R,-0.6502857,7.0,0.0,-0.854,7.0
P21817 401 R C,-0.5021,2.0,1.0,-0.262,-5.0
P21817 403 I M,-0.3268,4.0,0.0,-0.735,0.0
P21817 522 Y S,-0.4763,2.0,0.0,-0.851,-6.0
P21817 530 R H,-0.74685717,6.0,1.0,-0.648,-1.0
P21817 533 R C,-0.5645,2.0,1.0,-0.726,-5.0
P21817 533 R H,-0.5645,6.0,1.0,-0.726,-1.0
P21817 552 R W,-0.6272857,10.0,1.0,-0.214,3.0
P21817 614 R C,-0.6894444,2.0,1.0,-0.728,-5.0
P21817 614 R L,-0.6894444,4.0,1.0,-0.728,-3.0
P21817 2163 R C,-0.696375,2.0,1.0,-0.894,-5.0
P21817 2163 R H,-0.696375,6.0,1.0,-0.894,-1.0
P21817 2168 V M,-0.669,4.0,0.0,-0.826,1.0
P21817 2206 T R,-0.7866667,7.0,0.0,-0.833,4.0
P21817 2206 T M,-0.7866667,4.0,0.0,-0.833,1.0
P21817 2336 R H,-0.7207,6.0,1.0,-0.852,-1.0
P21817 2350 A T,-0.7738,3.0,0.0,-0.759,2.0
P21817 2355 R W,-0.71825,10.0,1.0,-0.76,3.0
P21817 2375 G A,-0.45857143,1.0,0.0,-0.815,1.0
P21817 2428 A T,-0.77763635,3.0,0.0,-0.787,2.0
P21817 2434 G R,-0.8677273,7.0,0.0,-0.881,7.0
P21817 2435 R H,-0.8506,6.0,1.0,-0.894,-1.0
P21817 2452 R W,-0.74366665,10.0,1.0,-0.894,3.0
P21817 2454 R C,-0.7891,2.0,1.0,-0.852,-5.0
P21817 2454 R H,-0.7891,6.0,1.0,-0.852,-1.0
P21817 2458 R C,-0.7074,2.0,1.0,-0.894,-5.0
P21817 2458 R H,-0.7074,6.0,1.0,-0.894,-1.0
P21817 2508 R C,-0.78955555,2.0,1.0,-0.894,-5.0
P21817 2508 R G,-0.78955555,0.0,1.0,-0.894,-7.0
P21817 2508 R H,-0.78955555,6.0,1.0,-0.894,-1.0
P21817 3104 E K,-0.34577778,5.0,-1.0,-0.553,0.0
P21817 3990 G V,-0.8328889,3.0,0.0,-0.878,3.0
P21817 4796 Y C,-0.4441111,2.0,0.0,-0.872,-6.0
P21817 4826 T I,-0.8488,4.0,0.0,-0.896,1.0
P21817 4833 H Y,-0.8707143,8.0,0.0,-0.893,2.0
P21817 4838 L V,-0.7359,3.0,0.0,-0.8,-1.0
P21817 4849 V I,-0.8094,4.0,0.0,-0.853,1.0
P21817 4861 R H,-0.8083,6.0,1.0,-0.789,-1.0
P21817 4898 I T,-0.8459167,3.0,0.0,-0.895,-1.0
P21817 933 A T,-0.382875,3.0,0.0,-0.756,2.0
P21817 1342 S G,,,,,
P21817 1352 A G,,,,,
P21817 1393 K R,,,,,
P21817 1667 R C,-0.26666668,2.0,1.0,0.653,-5.0
P21817 1773 P S,-0.19428572,2.0,0.0,-0.74,-1.0
P21817 1787 P L,,,,,
P21817 2060 G C,,,,,
P21817 2321 I V,-0.6896,3.0,0.0,-0.441,-1.0
P21817 2787 T S,0.43969232,2.0,0.0,0.345,-1.0
P21817 3118 A V,,,,,
P21817 3583 E Q,0.7448,5.0,-1.0,1.67,0.0
P21817 3756 Q E,,,,,
P21817 4294 T M,,,,,
P21817 4295 A V,,,,,
P21817 4501 P L,,,,,
P21817 4505 D H,,,,,
P21817 1316 P T,,,,,
P21817 2727 A T,,,,,
P21817 1832 G A,-0.328125,1.0,0.0,-0.787,1.0
P21817 2550 L V,-0.6991,3.0,0.0,-0.245,-1.0
P21817 140 A T,-0.18816666,3.0,0.0,0.358,2.0
P21817 816 P L,-0.321875,4.0,0.0,-0.861,1.0
P21817 1075 R Q,-0.28745455,5.0,1.0,-0.724,-2.0
P21817 1571 I V,0.2250909,3.0,0.0,0.276,-1.0
P21817 1679 R H,-0.35285714,6.0,1.0,-0.63,-1.0
P21817 2224 R C,-0.63566667,2.0,0.0,0.18,-5.0
P21817 2342 N S,-0.6832,2.0,0.0,-0.864,-2.0
P21817 2606 C S,-0.3930909,2.0,0.0,-0.646,0.0
P21817 2776 S F,-0.0648,7.0,0.0,0.262,5.0
P21817 3366 R H,-0.2911,6.0,1.0,0.162,-1.0
P21817 3367 K R,-0.09775,7.0,1.0,-0.481,2.0
P21817 3539 R H,0.1208,6.0,0.0,-0.478,-1.0
P21817 4104 G R,-0.21883333,7.0,0.0,0.285,7.0
P21817 4136 R S,-0.794125,2.0,1.0,-0.558,-5.0
P21817 4723 R H,-0.29357144,6.0,1.0,-0.125,-1.0
P21817 893 G S,0.5143333,2.0,0.0,-0.397,2.0
P21817 1109 R K,0.4826,5.0,1.0,1.145,-2.0
P21817 1878 E D,,,,,
P21817 2943 D N,,,,,
P21817 3647 H Q,-0.3045,5.0,0.0,-0.692,-1.0
P21817 3981 H Y,-0.826,8.0,1.0,-0.853,2.0
P21817 4283 E K,,,,,
P21817 851 V M,-0.2771,4.0,0.0,0.034,1.0
P21817 4616 A D,,,,,
P21817 27 V M,0.033714287,4.0,0.0,1.76,1.0
P21817 114 R H,-0.17157143,6.0,1.0,1.144,-1.0
P21817 370 V L,0.299,4.0,0.0,1.298,1.0
P21817 440 V I,0.18533333,4.0,0.0,-0.102,1.0
P21817 751 V M,-0.39171427,4.0,0.0,0.197,1.0
P21817 1061 Q R,2.47975,7.0,0.0,2.973,2.0
P21817 1342 S R,,,,,
P21817 1364 G R,,,,,
P21817 1503 G R,,,,,
P21817 1880 E K,,,,,
P21817 2071 R Q,,,,,
P21817 2252 D E,-0.6983333,5.0,-1.0,-0.591,1.0
P21817 2558 V M,-0.54236364,4.0,0.0,-0.558,1.0
P21817 2781 I T,,,,,
P21817 2834 T R,,,,,
P21817 2838 K N,,,,,
P21817 3028 G S,0.055,2.0,0.0,0.036,2.0
P21817 3234 N S,0.2845,2.0,0.0,1.624,-2.0
P21817 3342 A V,-0.56622225,3.0,0.0,-0.279,2.0
P21817 3495 K N,,,,,
P21817 3815 M L,-0.5535,4.0,0.0,-0.856,0.0
P21817 4034 V M,-0.8465,4.0,0.0,-0.381,1.0
P21817 4063 M V,-0.763375,3.0,0.0,-0.774,-1.0
P21817 4084 R H,0.36975,6.0,1.0,-0.271,-1.0
P21817 4590 E K,,,,,
P21817 4617 G R,,,,,
P21817 4753 A T,-0.10475,3.0,0.0,0.435,2.0
P21817 4868 E K,-0.3368,5.0,-1.0,-0.388,0.0
P21817 160 E G,-0.7465714,0.0,-1.0,-0.872,-5.0
P21817 177 R C,-0.7421111,2.0,1.0,-0.875,-5.0
P21817 214 T M,-0.279,4.0,0.0,0.113,1.0
P21817 401 R H,-0.5021,6.0,1.0,-0.262,-1.0
P21817 522 Y C,-0.4763,2.0,0.0,-0.851,-6.0
P21817 533 R H,-0.5645,6.0,1.0,-0.726,-1.0
P21817 539 F V,-0.417,3.0,0.0,-0.854,-4.0
P21817 1056 D H,-0.285,6.0,-1.0,-0.422,2.0
P21817 1588 P L,0.06,4.0,0.0,-0.672,1.0
P21817 1675 L P,-0.491125,3.0,0.0,0.048,-1.0
P21817 1728 S F,-0.13242857,7.0,0.0,0.199,5.0
P21817 2163 R L,-0.696375,4.0,1.0,-0.894,-3.0
P21817 2204 H Q,-0.800375,5.0,0.0,-0.858,-1.0
P21817 2237 C Y,-0.8081818,8.0,0.0,-0.8,6.0
P21817 2321 I V,-0.6896,3.0,0.0,-0.441,-1.0
P21817 2362 E K,-0.750125,5.0,-1.0,-0.846,0.0
P21817 2363 C W,-0.75633335,10.0,0.0,-0.801,8.0
P21817 2364 F V,-0.8002222,3.0,0.0,-0.743,-4.0
P21817 2431 D Y,-0.7615,8.0,-1.0,-0.895,4.0
P21817 2627 V M,-0.6396667,4.0,0.0,-0.681,1.0
P21817 2676 R W,-0.6175,10.0,1.0,-0.584,3.0
P21817 3051 R H,0.12457143,6.0,1.0,-0.244,-1.0
P21817 3418 N D,-0.48628572,4.0,0.0,0.082,0.0
P21817 3903 R Q,-0.7708182,5.0,1.0,-0.892,-2.0
P21817 3772 R Q,-0.5317778,5.0,1.0,-0.893,-2.0
P21817 3986 D E,-0.8264286,5.0,-1.0,-0.893,1.0
P21817 4050 S Y,-0.7224444,8.0,0.0,-0.867,6.0
P21817 4234 V L,-0.6383333,4.0,0.0,-0.738,1.0
P21817 4737 R Q,-0.487125,5.0,1.0,-0.687,-2.0
P21817 4824 L P,-0.8355,3.0,0.0,-0.876,-1.0
P21817 4893 R Q,-0.857875,5.0,1.0,-0.89,-2.0
P21817 4973 P L,-0.666,4.0,0.0,-0.738,1.0
