SAV_coords,Dcom,Rg
P21817 35 C R,-1.3893102,105.92722
P21817 44 R C,-1.0241085,105.92722
P21817 163 R C,-1.6936486,105.92722
P21817 163 R L,-1.6936486,105.92722
P21817 248 G R,-1.2875284,105.92722
P21817 248 G R,-1.2875284,105.92722
P21817 328 R W,-1.9695228,105.92722
P21817 341 G R,-1.7521856,105.92722
P21817 341 G R,-1.7521856,105.92722
P21817 401 R C,-1.2793293,105.92722
P21817 403 I M,-1.1346226,105.92722
P21817 522 Y S,-0.5642617,105.92722
P21817 530 R H,-0.73869526,105.92722
P21817 533 R C,-0.7781634,105.92722
P21817 533 R H,-0.7781634,105.92722
P21817 552 R W,-0.31093723,105.92722
P21817 614 R C,-0.15009639,105.92722
P21817 614 R L,-0.15009639,105.92722
P21817 2163 R C,-0.2530945,105.92722
P21817 2163 R H,-0.2530945,105.92722
P21817 2168 V M,-0.27173322,105.92722
P21817 2206 T R,-0.35698026,105.92722
P21817 2206 T M,-0.35698026,105.92722
P21817 2336 R H,-0.42355022,105.92722
P21817 2350 A T,-0.7326209,105.92722
P21817 2355 R W,-0.92685044,105.92722
P21817 2375 G A,-0.45620787,105.92722
P21817 2428 A T,-0.4255773,105.92722
P21817 2434 G R,-0.485742,105.92722
P21817 2435 R H,-0.4441771,105.92722
P21817 2452 R W,-0.85999745,105.92722
P21817 2454 R C,-0.61051047,105.92722
P21817 2454 R H,-0.61051047,105.92722
P21817 2458 R C,-0.58358836,105.92722
P21817 2458 R H,-0.58358836,105.92722
P21817 2508 R C,-0.41723344,105.92722
P21817 2508 R G,-0.41723344,105.92722
P21817 2508 R H,-0.41723344,105.92722
P21817 3104 E K,1.522032,105.92722
P21817 3990 G V,-1.4711242,105.92722
P21817 4796 Y C,-0.46564627,105.92722
P21817 4826 T I,-0.92837834,105.92722
P21817 4833 H Y,-1.0011044,105.92722
P21817 4838 L V,-0.7373729,105.92722
P21817 4849 V I,-0.361304,105.92722
P21817 4861 R H,0.10082137,105.92722
P21817 4898 I T,-0.20839044,105.92722
P21817 933 A T,1.4368228,105.92722
P21817 1342 S G,,
P21817 1352 A G,,
P21817 1393 K R,,
P21817 1667 R C,-0.23270835,105.92722
P21817 1773 P S,0.06068723,105.92722
P21817 1787 P L,,
P21817 2060 G C,,
P21817 2321 I V,-0.42392883,105.92722
P21817 2787 T S,0.85842764,105.92722
P21817 3118 A V,,
P21817 3583 E Q,0.57178366,105.92722
P21817 3756 Q E,,
P21817 4294 T M,,
P21817 4295 A V,,
P21817 4501 P L,,
P21817 4505 D H,,
P21817 1316 P T,,
P21817 2727 A T,,
P21817 1832 G A,-0.06859872,105.92722
P21817 2550 L V,0.09162774,105.92722
P21817 140 A T,-1.1316196,105.92722
P21817 816 P L,1.3887877,105.92722
P21817 1075 R Q,0.24579465,105.92722
P21817 1571 I V,0.43183434,105.92722
P21817 1679 R H,0.08912366,105.92722
P21817 2224 R C,-0.3544011,105.92722
P21817 2342 N S,-0.3283111,105.92722
P21817 2606 C S,0.14962642,105.92722
P21817 2776 S F,0.9212149,105.92722
P21817 3366 R H,0.55219156,105.92722
P21817 3367 K R,0.6033333,105.92722
P21817 3539 R H,-0.07966159,105.92722
P21817 4104 G R,-1.062478,105.92722
P21817 4136 R S,-1.2051661,105.92722
P21817 4723 R H,-0.9587813,105.92722
P21817 893 G S,2.330865,105.92722
P21817 1109 R K,0.20718937,105.92722
P21817 1878 E D,,
P21817 2943 D N,,
P21817 3647 H Q,0.07446606,105.92722
P21817 3981 H Y,-1.9115188,105.92722
P21817 4283 E K,,
P21817 851 V M,1.291489,105.92722
P21817 4616 A D,,
P21817 27 V M,-1.1962705,105.92722
P21817 114 R H,-1.3160635,105.92722
P21817 370 V L,-1.1299787,105.92722
P21817 440 V I,-0.7957403,105.92722
P21817 751 V M,1.2963834,105.92722
P21817 1061 Q R,0.7744535,105.92722
P21817 1342 S R,,
P21817 1364 G R,,
P21817 1503 G R,,
P21817 1880 E K,,
P21817 2071 R Q,,
P21817 2252 D E,-0.6521744,105.92722
P21817 2558 V M,-0.03347317,105.92722
P21817 2781 I T,,
P21817 2834 T R,,
P21817 2838 K N,,
P21817 3028 G S,0.8463405,105.92722
P21817 3234 N S,1.9462837,105.92722
P21817 3342 A V,0.9162453,105.92722
P21817 3495 K N,,
P21817 3815 M L,-1.320233,105.92722
P21817 4034 V M,-2.0755033,105.92722
P21817 4063 M V,-1.1843647,105.92722
P21817 4084 R H,-0.49761403,105.92722
P21817 4590 E K,,
P21817 4617 G R,,
P21817 4753 A T,-0.8728606,105.92722
P21817 4868 E K,0.2510019,105.92722
P21817 160 E G,-1.5499572,105.92722
P21817 177 R C,-0.97810984,105.92722
P21817 214 T M,-1.7947457,105.92722
P21817 401 R H,-1.2793293,105.92722
P21817 522 Y C,-0.5642617,105.92722
P21817 533 R H,-0.7781634,105.92722
P21817 539 F V,-0.6526004,105.92722
P21817 1056 D H,1.1461204,105.92722
P21817 1588 P L,0.110063635,105.92722
P21817 1675 L P,-0.2243453,105.92722
P21817 1728 S F,-0.22194034,105.92722
P21817 2163 R L,-0.2530945,105.92722
P21817 2204 H Q,-0.39842,105.92722
P21817 2237 C Y,-0.26125956,105.92722
P21817 2321 I V,-0.42392883,105.92722
P21817 2362 E K,-0.794953,105.92722
P21817 2363 C W,-0.71476793,105.92722
P21817 2364 F V,-0.682903,105.92722
P21817 2431 D Y,-0.40328467,105.92722
P21817 2627 V M,0.7312356,105.92722
P21817 2676 R W,0.9215259,105.92722
P21817 3051 R H,1.4022917,105.92722
P21817 3418 N D,0.74892765,105.92722
P21817 3903 R Q,-1.750644,105.92722
P21817 3772 R Q,-0.9121156,105.92722
P21817 3986 D E,-1.6008531,105.92722
P21817 4050 S Y,-1.5928417,105.92722
P21817 4234 V L,-1.3434495,105.92722
P21817 4737 R Q,-0.8023714,105.92722
P21817 4824 L P,-0.7752115,105.92722
P21817 4893 R Q,-0.29222295,105.92722
P21817 4973 P L,-1.7416658,105.92722
