SAV_coords,labels,IDRs,SSbond,SF1,SF2,SF3,chain_length,protein_length,AG1,AG3,AG5,ACR,Rg,Dcom,loop_percent,helix_percent,sheet_percent,dssp,SASA,SASA_in_complex,deltaSASA,Hbond,GNM_MSF_reduced,GNM_effectiveness_reduced,GNM_sensitivity_reduced,GNM_Ventropy_reduced,GNM_rmsf_overall_reduced,GNM_Eigval1_reduced,GNM_Eigval2_reduced,GNM_Eigval5_1_reduced,GNM_SEall_reduced,GNM_SE20_reduced,GNM_V1_reduced,GNM_rankV1_reduced,GNM_V2_reduced,GNM_rankV2_reduced,GNM_co_rank_reduced,GNM_displacement_reduced,GNM_MC1_reduced,GNM_MC2_reduced,ANM_MSF_reduced,ANM_effectiveness_reduced,ANM_sensitivity_reduced,ANM_stiffness_reduced
P21817 35 C R,P/LP,0.2778766,0.0,4.471127,1.000139,4.470506,4299.0,17624.0,30.0,18.333334,16.8,22.463596,71.74725,-0.046289966,39.35799,50.802513,9.839498,0.0,0.6,0.6,0.0,3.0,0.3245174,0.060137883,0.03290765,1958.4678,0.68309796,0.0028723837,0.006832127,0.7585888,0.9257491,0.93366015,0.010620977,0.41498023,0.009456992,0.39986044,0.17794836,0.3245174,3.6976178,1.3841944,0.22850738,0.05453947,0.020990623,17.61311
P21817 44 R C,P/LP,0.3236332,0.0,4.471127,1.000139,4.470506,4299.0,17624.0,32.0,12.666667,9.8,22.463596,71.74725,-0.3325705,39.35799,50.802513,9.839498,1.0,15.0,15.0,0.0,3.0,0.3281874,0.05361335,0.029923912,1958.4678,0.68309796,0.0028723837,0.006832127,0.7585888,0.9257491,0.93366015,0.010585263,0.4126541,0.008512629,0.32263318,0.1902768,0.3281874,3.6851845,1.2459706,0.25774714,0.034089833,0.017807696,16.779713
P21817 163 R C,P/LP,0.46049172,0.0,4.471127,1.000139,4.470506,4299.0,17624.0,15.0,12.666667,10.6,22.463596,71.74725,0.1994006,39.35799,50.802513,9.839498,0.0,7.2,7.2,0.0,0.0,0.41897517,0.03547042,0.03235049,1958.4678,0.68309796,0.0028723837,0.006832127,0.7585888,0.9257491,0.93366015,0.010352568,0.4010235,0.010051768,0.44824377,0.520121,0.41897517,3.6041732,1.4712502,0.3207102,0.029644392,0.02144142,15.33917
P21817 163 R L,P/LP,0.46049172,0.0,4.471127,1.000139,4.470506,4299.0,17624.0,15.0,12.666667,10.6,22.463596,71.74725,0.1994006,39.35799,50.802513,9.839498,0.0,7.2,7.2,0.0,0.0,0.41897517,0.03547042,0.03235049,1958.4678,0.68309796,0.0028723837,0.006832127,0.7585888,0.9257491,0.93366015,0.010352568,0.4010235,0.010051768,0.44824377,0.520121,0.41897517,3.6041732,1.4712502,0.3207102,0.029644392,0.02144142,15.33917
P21817 248 G R,P/LP,0.38391548,0.0,4.471127,1.000139,4.470506,4299.0,17624.0,9.0,10.333333,11.8,22.463596,71.74725,-1.1029115,39.35799,50.802513,9.839498,0.0,34.9,34.9,0.0,0.0,0.41088852,0.043441813,0.037089072,1958.4678,0.68309796,0.0028723837,0.006832127,0.7585888,0.9257491,0.93366015,0.011401359,0.48406607,0.008497907,0.32193533,0.49383578,0.41088852,3.9693022,1.2438157,0.34543872,0.020396514,0.01813527,14.976282
P21817 328 R W,P/LP,0.5359137,0.0,4.471127,1.000139,4.470506,4299.0,17624.0,3.0,3.3333333,4.8,22.463596,71.74725,0.053853005,39.35799,50.802513,9.839498,0.5,70.7,70.7,0.0,0.0,0.7088901,0.0147191705,0.037442572,1958.4678,0.68309796,0.0028723837,0.006832127,0.7585888,0.9257491,0.93366015,0.011224653,0.44777855,0.009256059,0.38334498,0.90044194,0.7088901,3.9077833,1.3547844,0.4754713,0.0111804595,0.021734033,14.1589365
P21817 341 G R,P/LP,0.3908446,0.0,4.471127,1.000139,4.470506,4299.0,17624.0,10.0,12.666667,8.8,22.463596,71.74725,-0.89348114,39.35799,50.802513,9.839498,1.0,48.9,48.9,0.0,1.0,0.45171264,0.036017045,0.037455592,1958.4678,0.68309796,0.0028723837,0.006832127,0.7585888,0.9257491,0.93366015,0.011318415,0.46452662,0.008872409,0.34682485,0.5964178,0.45171264,3.940426,1.2986306,0.29213747,0.018889882,0.012378718,15.376765
P21817 401 R C,P/LP,0.51194245,0.0,4.471127,1.000139,4.470506,4299.0,17624.0,36.0,16.333334,11.0,22.463596,71.74725,-0.56243944,39.35799,50.802513,9.839498,0.5,6.2,6.2,0.0,3.0,0.36282086,0.05015424,0.03367635,1958.4678,0.68309796,0.0028723837,0.006832127,0.7585888,0.9257491,0.93366015,0.011288227,0.4580135,0.007702841,0.2947197,0.3310072,0.36282086,3.9299161,1.127444,0.20547698,0.044659276,0.0145326685,17.557467
P21817 403 I M,P/LP,0.49036622,0.0,4.471127,1.000139,4.470506,4299.0,17624.0,34.0,18.333334,12.2,22.463596,71.74725,-0.7368454,39.35799,50.802513,9.839498,0.5,1.9,1.9,0.0,2.0,0.35273317,0.05153477,0.03263494,1958.4678,0.68309796,0.0028723837,0.006832127,0.7585888,0.9257491,0.93366015,0.011299187,0.46127006,0.0072810063,0.2854152,0.29146314,0.35273317,3.9337318,1.0657011,0.19885187,0.04875726,0.014901971,17.80925
P21817 522 Y S,P/LP,0.34774593,0.0,4.471127,1.000139,4.470506,4299.0,17624.0,33.0,14.333333,9.8,22.463596,71.74725,-0.68975985,39.35799,50.802513,9.839498,0.5,2.2,2.2,0.0,2.0,0.2967341,0.057369597,0.025895948,1958.4678,0.68309796,0.0028723837,0.006832127,0.7585888,0.9257491,0.93366015,0.011535731,0.5036055,0.0023875197,0.119562685,0.095836245,0.2967341,4.016083,0.34945482,0.21029104,0.039854262,0.013615793,17.465876
P21817 530 R H,P/LP,0.27333188,0.0,4.471127,1.000139,4.470506,4299.0,17624.0,26.0,13.0,10.6,22.463596,71.74725,-1.0792675,39.35799,50.802513,9.839498,1.0,30.8,30.8,0.0,5.0,0.33864364,0.041307416,0.024354033,1958.4678,0.68309796,0.0028723837,0.006832127,0.7585888,0.9257491,0.93366015,0.011472539,0.49592927,0.0014896112,0.07513375,0.2281926,0.33864364,3.994083,0.21803038,0.2258854,0.031300604,0.011838087,16.800966
P21817 533 R C,P/LP,0.25853378,0.0,4.471127,1.000139,4.470506,4299.0,17624.0,19.0,11.333333,6.8,22.463596,71.74725,-1.4243126,39.35799,50.802513,9.839498,0.5,55.3,55.3,0.0,1.0,0.3369034,0.040540464,0.023870425,1958.4678,0.68309796,0.0028723837,0.006832127,0.7585888,0.9257491,0.93366015,0.011602031,0.5096534,0.00019077896,0.010467551,0.2226099,0.3369034,4.039165,0.0279238,0.30135828,0.01983852,0.014221504,15.273987
P21817 533 R H,P/LP,0.25853378,0.0,4.471127,1.000139,4.470506,4299.0,17624.0,19.0,11.333333,6.8,22.463596,71.74725,-1.4243126,39.35799,50.802513,9.839498,0.5,55.3,55.3,0.0,1.0,0.3369034,0.040540464,0.023870425,1958.4678,0.68309796,0.0028723837,0.006832127,0.7585888,0.9257491,0.93366015,0.011602031,0.5096534,0.00019077896,0.010467551,0.2226099,0.3369034,4.039165,0.0279238,0.30135828,0.01983852,0.014221504,15.273987
P21817 552 R W,P/LP,0.28829518,0.0,4.471127,1.000139,4.470506,4299.0,17624.0,27.0,7.3333335,7.6,22.463596,71.74725,-0.47482657,39.35799,50.802513,9.839498,1.0,23.3,23.3,0.0,1.0,0.37609848,0.034596507,0.02526284,1958.4678,0.68309796,0.0028723837,0.006832127,0.7585888,0.9257491,0.93366015,0.011930738,0.5301233,0.00064186694,0.03326355,0.38311234,0.37609848,4.1536016,0.093948334,0.23955382,0.036524136,0.017474541,17.098234
P21817 614 R C,P/LP,0.36449075,0.0,4.471127,1.000139,4.470506,4299.0,17624.0,26.0,9.333333,9.0,22.463596,71.74725,-1.3015331,39.35799,50.802513,9.839498,0.5,29.9,29.9,0.0,1.0,0.26130173,0.054444425,0.020685364,1958.4678,0.68309796,0.0028723837,0.006832127,0.7585888,0.9257491,0.93366015,0.010748966,0.42149338,0.005889582,0.24168411,0.027680855,0.26130173,3.742176,0.8620422,0.22492759,0.06451387,0.023151273,17.421577
P21817 614 R L,P/LP,0.36449075,0.0,4.471127,1.000139,4.470506,4299.0,17624.0,26.0,9.333333,9.0,22.463596,71.74725,-1.3015331,39.35799,50.802513,9.839498,0.5,29.9,29.9,0.0,1.0,0.26130173,0.054444425,0.020685364,1958.4678,0.68309796,0.0028723837,0.006832127,0.7585888,0.9257491,0.93366015,0.010748966,0.42149338,0.005889582,0.24168411,0.027680855,0.26130173,3.742176,0.8620422,0.22492759,0.06451387,0.023151273,17.421577
P21817 2163 R C,P/LP,0.37050024,0.0,4.471127,1.000139,4.470506,4299.0,17624.0,23.0,8.666667,6.6,22.463596,71.74725,-1.7858979,39.35799,50.802513,9.839498,0.5,20.5,20.5,0.0,2.0,0.28896913,0.02499789,0.012453317,1958.4678,0.68309796,0.0028723837,0.006832127,0.7585888,0.9257491,0.93366015,0.0071025603,0.3023959,0.0026140197,0.12770411,0.08094906,0.28896913,2.4727058,0.38260698,0.23466046,0.07403163,0.027097972,17.231749
P21817 2163 R H,P/LP,0.37050024,0.0,4.471127,1.000139,4.470506,4299.0,17624.0,23.0,8.666667,6.6,22.463596,71.74725,-1.7858979,39.35799,50.802513,9.839498,0.5,20.5,20.5,0.0,2.0,0.28896913,0.02499789,0.012453317,1958.4678,0.68309796,0.0028723837,0.006832127,0.7585888,0.9257491,0.93366015,0.0071025603,0.3023959,0.0026140197,0.12770411,0.08094906,0.28896913,2.4727058,0.38260698,0.23466046,0.07403163,0.027097972,17.231749
P21817 2168 V M,P/LP,0.3420482,0.0,4.471127,1.000139,4.470506,4299.0,17624.0,20.0,10.666667,11.2,22.463596,71.74725,-1.5212271,39.35799,50.802513,9.839498,0.0,2.6,2.6,0.0,1.0,0.24047121,0.051617596,0.016822223,1958.4678,0.68309796,0.0028723837,0.006832127,0.7585888,0.9257491,0.93366015,0.009428301,0.357525,0.004716414,0.20772272,0.008606653,0.24047121,3.282396,0.6903288,0.24560995,0.05257514,0.022732608,16.924763
P21817 2206 T R,P/LP,0.37458557,0.0,4.471127,1.000139,4.470506,4299.0,17624.0,27.0,9.333333,7.6,22.463596,71.74725,-1.8904752,39.35799,50.802513,9.839498,0.5,11.3,11.3,0.0,3.0,0.31962806,0.014547574,0.009601807,1958.4678,0.68309796,0.0028723837,0.006832127,0.7585888,0.9257491,0.93366015,0.004533375,0.24401024,0.0010965933,0.061874855,0.15701325,0.31962806,1.5782623,0.1605054,0.24811742,0.06553185,0.026329882,16.720457
P21817 2206 T M,P/LP,0.37458557,0.0,4.471127,1.000139,4.470506,4299.0,17624.0,27.0,9.333333,7.6,22.463596,71.74725,-1.8904752,39.35799,50.802513,9.839498,0.5,11.3,11.3,0.0,3.0,0.31962806,0.014547574,0.009601807,1958.4678,0.68309796,0.0028723837,0.006832127,0.7585888,0.9257491,0.93366015,0.004533375,0.24401024,0.0010965933,0.061874855,0.15701325,0.31962806,1.5782623,0.1605054,0.24811742,0.06553185,0.026329882,16.720457
P21817 2336 R H,P/LP,0.17112052,0.0,4.471127,1.000139,4.470506,4299.0,17624.0,41.0,12.333333,8.0,22.463596,71.74725,-1.2217138,39.35799,50.802513,9.839498,0.5,19.4,19.4,0.0,5.0,0.28642228,0.03339815,0.017873647,1958.4678,0.68309796,0.0028723837,0.006832127,0.7585888,0.9257491,0.93366015,0.0067572477,0.28634566,0.0012338664,0.06745755,0.07490114,0.28642228,2.3524878,0.1805977,0.21474159,0.08922639,0.026122583,17.759508
P21817 2350 A T,P/LP,0.26325983,0.0,4.471127,1.000139,4.470506,4299.0,17624.0,20.0,11.333333,7.0,22.463596,71.74725,-1.2182716,39.35799,50.802513,9.839498,1.0,7.4,7.4,0.0,2.0,0.29240724,0.030403595,0.017023386,1958.4678,0.68309796,0.0028723837,0.006832127,0.7585888,0.9257491,0.93366015,0.006545246,0.27448243,0.00207998,0.1065364,0.0874622,0.29240724,2.278681,0.30444106,0.21451022,0.077131145,0.02229579,17.703264
P21817 2355 R W,P/LP,0.2447234,0.0,4.471127,1.000139,4.470506,4299.0,17624.0,37.0,14.666667,7.6,22.463596,71.74725,-1.1856105,39.35799,50.802513,9.839498,0.5,29.8,22.1,-7.7,3.0,0.35191905,0.022075916,0.017781388,1958.4678,0.68309796,0.0028723837,0.006832127,0.7585888,0.9257491,0.93366015,0.00684854,0.2907653,0.002092026,0.107466854,0.28564784,0.35191905,2.3842707,0.30620417,0.2307077,0.065047085,0.022602016,16.99728
P21817 2375 G A,P/LP,0.38960335,0.0,4.471127,1.000139,4.470506,4299.0,17624.0,11.0,5.3333335,4.2,22.463596,71.74725,-0.517489,39.35799,50.802513,9.839498,1.0,49.5,49.5,0.0,1.0,0.3949742,0.024556864,0.022986041,1958.4678,0.68309796,0.0028723837,0.006832127,0.7585888,0.9257491,0.93366015,0.00903211,0.3500814,0.001468025,0.07350547,0.44568503,0.3949742,3.144465,0.21487086,0.36793432,0.038841814,0.032639615,14.307267
P21817 2428 A T,P/LP,0.30790427,0.0,4.471127,1.000139,4.470506,4299.0,17624.0,24.0,12.333333,11.6,22.463596,71.74725,-1.0436313,39.35799,50.802513,9.839498,0.5,7.1,7.1,0.0,2.0,0.28559056,0.045043793,0.022520367,1958.4678,0.68309796,0.0028723837,0.006832127,0.7585888,0.9257491,0.93366015,0.0086194845,0.34310305,0.00068863796,0.036752734,0.07304024,0.28559056,3.0008123,0.10079408,0.23451984,0.0824673,0.02967947,17.67544
P21817 2434 G R,P/LP,0.27333835,0.0,4.471127,1.000139,4.470506,4299.0,17624.0,24.0,15.0,11.6,22.463596,71.74725,-0.9881633,39.35799,50.802513,9.839498,0.5,0.4,0.4,0.0,2.0,0.2818652,0.04759054,0.02282851,1958.4678,0.68309796,0.0028723837,0.006832127,0.7585888,0.9257491,0.93366015,0.008977294,0.3498488,0.0006234444,0.031867877,0.064666204,0.2818652,3.1253812,0.091251865,0.20991616,0.086374804,0.024247095,17.846811
P21817 2435 R H,P/LP,0.26990125,0.0,4.471127,1.000139,4.470506,4299.0,17624.0,42.0,15.666667,10.4,22.463596,71.74725,-1.1331306,39.35799,50.802513,9.839498,0.5,13.7,13.7,0.0,6.0,0.28460425,0.038580805,0.019735372,1958.4678,0.68309796,0.0028723837,0.006832127,0.7585888,0.9257491,0.93366015,0.0076651224,0.32286578,0.0011467726,0.064200975,0.06908584,0.28460425,2.6685581,0.16785002,0.22455665,0.07636512,0.023846757,17.376238
P21817 2452 R W,P/LP,0.3160984,0.0,4.471127,1.000139,4.470506,4299.0,17624.0,34.0,12.0,6.6,22.463596,71.74725,-0.87710965,39.35799,50.802513,9.839498,0.5,57.9,23.5,-34.4,2.0,0.36891505,0.02461115,0.020188583,1958.4678,0.68309796,0.0028723837,0.006832127,0.7585888,0.9257491,0.93366015,0.008372912,0.3384508,0.002288994,0.11560828,0.3558967,0.36891505,2.91497,0.33503386,0.26008314,0.04443308,0.018956533,15.633529
P21817 2454 R C,P/LP,0.33438835,0.0,4.471127,1.000139,4.470506,4299.0,17624.0,33.0,10.333333,6.6,22.463596,71.74725,-0.7666874,39.35799,50.802513,9.839498,0.5,20.0,20.0,0.0,3.0,0.3376366,0.031533573,0.02160385,1958.4678,0.68309796,0.0028723837,0.006832127,0.7585888,0.9257491,0.93366015,0.008716701,0.34542918,0.0016412504,0.08118167,0.22540125,0.3376366,3.0346575,0.24022539,0.24555087,0.056247495,0.020480758,16.280617
P21817 2454 R H,P/LP,0.33438835,0.0,4.471127,1.000139,4.470506,4299.0,17624.0,33.0,10.333333,6.6,22.463596,71.74725,-0.7666874,39.35799,50.802513,9.839498,0.5,20.0,20.0,0.0,3.0,0.3376366,0.031533573,0.02160385,1958.4678,0.68309796,0.0028723837,0.006832127,0.7585888,0.9257491,0.93366015,0.008716701,0.34542918,0.0016412504,0.08118167,0.22540125,0.3376366,3.0346575,0.24022539,0.24555087,0.056247495,0.020480758,16.280617
P21817 2458 R C,P/LP,0.4060896,0.0,4.471127,1.000139,4.470506,4299.0,17624.0,39.0,14.0,8.4,22.463596,71.74725,-0.665037,39.35799,50.802513,9.839498,0.5,26.7,26.7,0.0,1.0,0.34839064,0.031632997,0.022715187,1958.4678,0.68309796,0.0028723837,0.006832127,0.7585888,0.9257491,0.93366015,0.009227903,0.35240754,0.001446536,0.07280763,0.2698302,0.34839064,3.2126288,0.21172558,0.25204295,0.05716711,0.022345897,16.26665
P21817 2458 R H,P/LP,0.4060896,0.0,4.471127,1.000139,4.470506,4299.0,17624.0,39.0,14.0,8.4,22.463596,71.74725,-0.665037,39.35799,50.802513,9.839498,0.5,26.7,26.7,0.0,1.0,0.34839064,0.031632997,0.022715187,1958.4678,0.68309796,0.0028723837,0.006832127,0.7585888,0.9257491,0.93366015,0.009227903,0.35240754,0.001446536,0.07280763,0.2698302,0.34839064,3.2126288,0.21172558,0.25204295,0.05716711,0.022345897,16.26665
P21817 2508 R C,P/LP,0.2768528,0.0,4.471127,1.000139,4.470506,4299.0,17624.0,33.0,16.0,14.8,22.463596,71.74725,-0.9008096,39.35799,50.802513,9.839498,0.5,15.1,15.1,0.0,3.0,0.3243522,0.041630123,0.025488712,1958.4678,0.68309796,0.0028723837,0.006832127,0.7585888,0.9257491,0.93366015,0.0100686895,0.3805536,0.00012600979,0.0076762037,0.17608747,0.3243522,3.5053427,0.018443713,0.22595434,0.06958597,0.022173777,17.475601
P21817 2508 R G,P/LP,0.2768528,0.0,4.471127,1.000139,4.470506,4299.0,17624.0,33.0,16.0,14.8,22.463596,71.74725,-0.9008096,39.35799,50.802513,9.839498,0.5,15.1,15.1,0.0,3.0,0.3243522,0.041630123,0.025488712,1958.4678,0.68309796,0.0028723837,0.006832127,0.7585888,0.9257491,0.93366015,0.0100686895,0.3805536,0.00012600979,0.0076762037,0.17608747,0.3243522,3.5053427,0.018443713,0.22595434,0.06958597,0.022173777,17.475601
P21817 2508 R H,P/LP,0.2768528,0.0,4.471127,1.000139,4.470506,4299.0,17624.0,33.0,16.0,14.8,22.463596,71.74725,-0.9008096,39.35799,50.802513,9.839498,0.5,15.1,15.1,0.0,3.0,0.3243522,0.041630123,0.025488712,1958.4678,0.68309796,0.0028723837,0.006832127,0.7585888,0.9257491,0.93366015,0.0100686895,0.3805536,0.00012600979,0.0076762037,0.17608747,0.3243522,3.5053427,0.018443713,0.22595434,0.06958597,0.022173777,17.475601
P21817 3104 E K,P/LP,0.43496025,0.0,4.471127,1.000139,4.470506,4299.0,17624.0,36.0,13.0,8.2,22.463596,71.74725,1.1731771,39.35799,50.802513,9.839498,0.5,23.5,23.5,0.0,3.0,0.5750113,0.06949907,0.09084481,1958.4678,0.68309796,0.0028723837,0.006832127,0.7585888,0.9257491,0.93366015,0.027604977,0.9846476,0.010354508,0.4796464,0.787625,0.5750113,9.6104765,1.5155613,0.6593857,0.0768634,0.20055959,14.947961
P21817 3990 G V,P/LP,0.32234383,0.0,4.471127,1.000139,4.470506,4299.0,17624.0,26.0,13.666667,5.6,22.463596,71.74725,-0.95965916,39.35799,50.802513,9.839498,0.5,14.9,14.9,0.0,2.0,0.30919686,0.028565677,0.018755363,1958.4678,0.68309796,0.0028723837,0.006832127,0.7585888,0.9257491,0.93366015,0.0011533845,0.08443824,0.020013373,0.7680856,0.1311933,0.30919686,0.4015426,2.9293034,0.20290194,0.05905817,0.016052723,17.406235
P21817 4796 Y C,P/LP,0.2661809,0.0,4.471127,1.000139,4.470506,4299.0,17624.0,37.0,17.0,7.2,22.463596,71.74725,0.6956311,39.35799,50.802513,9.839498,0.5,2.0,2.0,0.0,3.0,0.36691478,0.029763421,0.023952983,1958.4678,0.68309796,0.0028723837,0.006832127,0.7585888,0.9257491,0.93366015,0.0011216549,0.0816469,0.02493415,0.91346824,0.34775528,0.36691478,0.3904962,3.6495442,0.31137162,0.09747345,0.05853976,17.456316
P21817 4826 T I,P/LP,0.36371234,0.0,4.471127,1.000139,4.470506,4299.0,17624.0,28.0,9.0,5.6,22.463596,71.74725,0.78646046,39.35799,50.802513,9.839498,0.5,10.2,10.2,0.0,4.0,0.358424,0.029979914,0.023204686,1958.4678,0.68309796,0.0028723837,0.006832127,0.7585888,0.9257491,0.93366015,0.0008831219,0.047220282,0.024688147,0.8985811,0.31658524,0.358424,0.30745265,3.6135373,0.30682164,0.0747158,0.04134465,15.891513
P21817 4833 H Y,P/LP,0.3714727,0.0,4.471127,1.000139,4.470506,4299.0,17624.0,12.0,9.333333,4.4,22.463596,71.74725,0.82663363,39.35799,50.802513,9.839498,0.5,60.3,60.3,0.0,1.0,0.41233858,0.022496184,0.023113053,1958.4678,0.68309796,0.0028723837,0.006832127,0.7585888,0.9257491,0.93366015,0.00093766494,0.053966038,0.024551924,0.88927656,0.4980228,0.41233858,0.3264414,3.5935986,0.35931298,0.054758668,0.04093484,14.8933
P21817 4838 L V,P/LP,0.37929633,0.0,4.471127,1.000139,4.470506,4299.0,17624.0,24.0,7.3333335,4.0,22.463596,71.74725,1.1558876,39.35799,50.802513,9.839498,0.5,24.5,24.5,0.0,2.0,0.34923208,0.030672241,0.022582693,1958.4678,0.68309796,0.0028723837,0.006832127,0.7585888,0.9257491,0.93366015,0.0009807606,0.06234008,0.024146734,0.8664806,0.273552,0.34923208,0.34144482,3.534292,0.32141554,0.084427275,0.05068442,16.318563
P21817 4849 V I,P/LP,0.32958984,0.0,4.471127,1.000139,4.470506,4299.0,17624.0,34.0,16.0,8.2,22.463596,71.74725,1.715837,39.35799,50.802513,9.839498,0.5,1.6,1.6,0.0,3.0,0.354632,0.030086089,0.022753723,1958.4678,0.68309796,0.0028723837,0.006832127,0.7585888,0.9257491,0.93366015,0.0009984267,0.06536404,0.023972705,0.85764134,0.30123284,0.354632,0.34759516,3.50882,0.37245715,0.08091662,0.07271405,16.552628
P21817 4861 R H,P/LP,0.3630137,0.0,4.471127,1.000139,4.470506,4299.0,17624.0,32.0,15.0,9.4,22.463596,71.74725,2.2675066,39.35799,50.802513,9.839498,1.0,40.7,20.1,-20.6,1.0,0.39533415,0.025188053,0.023382349,1958.4678,0.68309796,0.0028723837,0.006832127,0.7585888,0.9257491,0.93366015,0.0009943643,0.06396837,0.024147775,0.86671317,0.4466155,0.39533415,0.34618086,3.5344446,0.49491817,0.0641906,0.100939,15.496927
P21817 4898 I T,P/LP,0.47295067,0.0,4.471127,1.000139,4.470506,4299.0,17624.0,31.0,11.333333,5.4,22.463596,71.74725,1.9754361,39.35799,50.802513,9.839498,1.0,0.1,0.1,0.0,2.0,0.3275323,0.034930967,0.02250934,1958.4678,0.68309796,0.0028723837,0.006832127,0.7585888,0.9257491,0.93366015,0.0008577485,0.041870203,0.023829838,0.8515934,0.18771808,0.3275323,0.29861906,3.487909,0.38985837,0.08218276,0.08075063,16.921778
P21817 933 A T,B,0.46341792,0.0,4.471127,1.000139,4.470506,4299.0,17624.0,12.0,7.3333335,5.0,22.463596,71.74725,1.5913972,39.35799,50.802513,9.839498,0.5,49.2,49.2,0.0,1.0,0.6399826,0.040602524,0.06139712,1958.4678,0.68309796,0.0028723837,0.006832127,0.7585888,0.9257491,0.93366015,0.018777642,0.75761807,0.029876044,0.97115606,0.84856945,0.6399826,6.537303,4.3728757,0.5244739,0.04130826,0.06253228,14.395979
P21817 1667 R C,B,0.34392044,0.0,4.471127,1.000139,4.470506,4299.0,17624.0,28.0,12.666667,8.2,22.463596,71.74725,-1.1172607,39.35799,50.802513,9.839498,0.5,41.7,41.7,0.0,2.0,0.2538798,0.07112035,0.025574904,1958.4678,0.68309796,0.0028723837,0.006832127,0.7585888,0.9257491,0.93366015,0.0119736325,0.5310537,0.007767618,0.29681322,0.019074203,0.2538798,4.168535,1.1369252,0.22198288,0.045964647,0.01578143,16.669926
P21817 1773 P S,B,0.57690626,0.0,4.471127,1.000139,4.470506,4299.0,17624.0,14.0,9.333333,8.8,22.463596,71.74725,-1.4520141,39.35799,50.802513,9.839498,0.5,3.5,3.5,0.0,0.0,0.309107,0.025807163,0.014190172,1958.4678,0.68309796,0.0028723837,0.006832127,0.7585888,0.9257491,0.93366015,0.007945545,0.32798326,0.002329201,0.11653873,0.13096069,0.309107,2.766185,0.34091884,0.30988604,0.06226979,0.039414715,15.802203
P21817 2321 I V,B,0.26444474,0.0,4.471127,1.000139,4.470506,4299.0,17624.0,13.0,5.0,8.2,22.463596,71.74725,-0.7337256,39.35799,50.802513,9.839498,1.0,33.2,33.2,0.0,0.0,0.5173895,0.014294163,0.023124352,1958.4678,0.68309796,0.0028723837,0.006832127,0.7585888,0.9257491,0.93366015,0.008353063,0.33821818,0.0011141294,0.0628053,0.7052803,0.5173895,2.9080594,0.16307211,0.39604664,0.04934201,0.051002994,15.0299635
P21817 2787 T S,B,0.52727956,0.0,4.471127,1.000139,4.470506,4299.0,17624.0,29.0,19.0,9.2,22.463596,71.74725,1.1444985,39.35799,50.802513,9.839498,0.0,10.7,10.7,0.0,3.0,0.94964486,0.03004572,0.079879485,1958.4678,0.68309796,0.0028723837,0.006832127,0.7585888,0.9257491,0.93366015,0.026479525,0.89648753,0.011474964,0.52337754,0.9830193,0.94964486,9.218658,1.6795595,1.4620306,0.008758792,0.07926853,12.381082
P21817 3583 E Q,B,0.4903414,0.0,4.471127,1.000139,4.470506,4299.0,17624.0,7.0,5.0,2.2,22.463596,71.74725,1.4356358,39.35799,50.802513,9.839498,1.0,79.6,79.6,0.0,1.0,0.7330433,0.032180585,0.066689596,1958.4678,0.68309796,0.0028723837,0.006832127,0.7585888,0.9257491,0.93366015,0.02288473,0.80134916,0.0035538059,0.16259596,0.91090953,0.7330433,7.967157,0.520161,0.9938444,0.026838334,0.121564746,13.102614
P21817 1832 G A,B,0.454493,0.0,4.471127,1.000139,4.470506,4299.0,17624.0,6.0,5.6666665,4.8,22.463596,71.74725,-0.7559129,39.35799,50.802513,9.839498,1.0,79.8,79.8,0.0,0.0,0.29720432,0.051461846,0.025259925,1958.4678,0.68309796,0.0028723837,0.006832127,0.7585888,0.9257491,0.93366015,0.011823595,0.5250058,0.0075660315,0.29216096,0.097464524,0.29720432,4.1163006,1.1074196,0.24943578,0.043129236,0.017496461,16.602465
P21817 2550 L V,B,0.3754449,0.0,4.471127,1.000139,4.470506,4299.0,17624.0,28.0,7.6666665,3.2,22.463596,71.74725,-0.55915105,39.35799,50.802513,9.839498,0.5,7.3,7.3,0.0,2.0,0.36499542,0.048328012,0.034173522,1958.4678,0.68309796,0.0028723837,0.006832127,0.7585888,0.9257491,0.93366015,0.012987482,0.5501279,0.0017519771,0.08536869,0.3403117,0.36499542,4.5214996,0.25643215,0.27972043,0.08416703,0.03874747,17.009542
P21817 140 A T,LB,0.4254506,0.0,4.471127,1.000139,4.470506,4299.0,17624.0,13.0,3.6666667,3.6,22.463596,71.74725,-0.31955647,39.35799,50.802513,9.839498,1.0,35.8,35.8,0.0,1.0,0.45670816,0.027765365,0.030219201,1958.4678,0.68309796,0.0028723837,0.006832127,0.7585888,0.9257491,0.93366015,0.010176301,0.39078856,0.009830472,0.42893696,0.60758317,0.45670816,3.5428069,1.4388596,0.3298274,0.02103103,0.01648351,14.768288
P21817 816 P L,LB,0.49945033,0.0,4.471127,1.000139,4.470506,4299.0,17624.0,17.0,10.0,6.8,22.463596,71.74725,1.0596181,39.35799,50.802513,9.839498,1.0,35.8,35.8,0.0,0.0,0.44177616,0.05751443,0.052220438,1958.4678,0.68309796,0.0028723837,0.006832127,0.7585888,0.9257491,0.93366015,0.016962567,0.73831123,0.02293563,0.8197255,0.57525,0.44177616,5.9053974,3.3570263,0.41740003,0.04376754,0.045952838,14.7996435
P21817 1075 R Q,LB,0.4075141,0.0,4.471127,1.000139,4.470506,4299.0,17624.0,41.0,18.0,16.0,22.463596,71.74725,-0.15213598,39.35799,50.802513,9.839498,0.0,1.1,1.1,0.0,5.0,0.3098633,0.081150286,0.04214908,1958.4678,0.68309796,0.0028723837,0.006832127,0.7585888,0.9257491,0.93366015,0.0148601355,0.60711795,0.014975852,0.63572925,0.13421726,0.3098633,5.173451,2.191975,0.19114366,0.08677903,0.020571202,18.310555
P21817 1571 I V,LB,0.48212823,0.0,4.471127,1.000139,4.470506,4299.0,17624.0,30.0,18.0,12.4,22.463596,71.74725,0.19081165,39.35799,50.802513,9.839498,0.0,17.8,17.8,0.0,2.0,0.3725626,0.057927933,0.04291595,1958.4678,0.68309796,0.0028723837,0.006832127,0.7585888,0.9257491,0.93366015,0.014902534,0.6120028,0.014396334,0.6006048,0.36799255,0.3725626,5.1882114,2.1071525,0.31815457,0.04790369,0.039478797,15.912417
P21817 1679 R H,LB,0.29290086,0.0,4.471127,1.000139,4.470506,4299.0,17624.0,13.0,11.0,8.8,22.463596,71.74725,-1.0859653,39.35799,50.802513,9.839498,0.5,44.3,40.5,-3.8,0.0,0.3118008,0.045465734,0.024747996,1958.4678,0.68309796,0.0028723837,0.006832127,0.7585888,0.9257491,0.93366015,0.011655547,0.5180274,0.007736557,0.29565015,0.13840428,0.3118008,4.0577955,1.1323789,0.21747108,0.08696246,0.028428312,17.709812
P21817 2224 R C,LB,0.31935927,0.0,4.471127,1.000139,4.470506,4299.0,17624.0,3.0,7.0,3.8,22.463596,71.74725,-1.3614447,39.35799,50.802513,9.839498,1.0,25.7,25.7,0.0,0.0,0.73361325,0.0024089455,0.008934953,1958.4678,0.68309796,0.0028723837,0.006832127,0.7585888,0.9257491,0.93366015,0.0025420822,0.19841823,0.0007537959,0.042102814,0.91137475,0.73361325,0.8850079,0.11033107,0.48809582,0.013675775,0.023810254,13.090602
P21817 2342 N S,LB,0.22428386,0.0,4.471127,1.000139,4.470506,4299.0,17624.0,14.0,5.3333335,5.8,22.463596,71.74725,-1.2611157,39.35799,50.802513,9.839498,1.0,61.3,61.3,0.0,1.0,0.43456945,0.012327323,0.01574774,1958.4678,0.68309796,0.0028723837,0.006832127,0.7585888,0.9257491,0.93366015,0.0057549616,0.2607583,0.0016207114,0.080251224,0.5561758,0.43456945,2.003549,0.23721914,0.37126714,0.033243105,0.02946781,14.268967
P21817 2606 C S,LB,0.32878467,0.0,4.471127,1.000139,4.470506,4299.0,17624.0,33.0,10.333333,5.8,22.463596,71.74725,-0.42499596,39.35799,50.802513,9.839498,0.5,3.2,3.2,0.0,4.0,0.3640366,0.06395828,0.04142076,1958.4678,0.68309796,0.0028723837,0.006832127,0.7585888,0.9257491,0.93366015,0.015825871,0.71156085,0.003676078,0.16771342,0.33542684,0.3640366,5.509665,0.5380576,0.2756491,0.06039417,0.02709383,16.73143
P21817 2776 S F,LB,0.34071657,0.0,4.471127,1.000139,4.470506,4299.0,17624.0,15.0,17.333334,10.8,22.463596,71.74725,1.2732824,39.35799,50.802513,9.839498,0.0,50.8,50.8,0.0,1.0,0.9109247,0.032241665,0.07932975,1958.4678,0.68309796,0.0028723837,0.006832127,0.7585888,0.9257491,0.93366015,0.02639496,0.8899744,0.011380818,0.5210514,0.9744127,0.9109247,9.189218,1.6657795,1.1458602,0.013124554,0.074036635,13.024726
P21817 3366 R H,LB,0.42083865,0.0,4.471127,1.000139,4.470506,4299.0,17624.0,25.0,7.0,6.6,22.463596,71.74725,0.7440699,39.35799,50.802513,9.839498,0.5,25.5,25.5,0.0,2.0,0.55346936,0.06667998,0.07932123,1958.4678,0.68309796,0.0028723837,0.006832127,0.7585888,0.9257491,0.93366015,0.025297308,0.8513608,0.0062276325,0.2509886,0.756455,0.55346936,8.807078,0.91152173,0.70558286,0.071984045,0.1818869,15.801002
P21817 3367 K R,LB,0.43557078,0.0,4.471127,1.000139,4.470506,4299.0,17624.0,13.0,11.0,6.6,22.463596,71.74725,0.7682149,39.35799,50.802513,9.839498,0.5,65.2,65.2,0.0,1.0,0.6107001,0.055535674,0.08035922,1958.4678,0.68309796,0.0028723837,0.006832127,0.7585888,0.9257491,0.93366015,0.025467768,0.8553152,0.0064038495,0.25587347,0.82461035,0.6107001,8.866423,0.9373141,0.8399533,0.05774585,0.20476976,14.661119
P21817 3539 R H,LB,0.39379317,0.0,4.471127,1.000139,4.470506,4299.0,17624.0,28.0,13.0,7.0,22.463596,71.74725,0.41379592,39.35799,50.802513,9.839498,0.5,3.3,3.3,0.0,2.0,0.63390285,0.04648766,0.07136051,1958.4678,0.68309796,0.0028723837,0.006832127,0.7585888,0.9257491,0.93366015,0.02361625,0.82158643,0.0041487813,0.18725285,0.84531283,0.63390285,8.221829,0.6072459,0.87087375,0.0391544,0.12835707,14.601354
P21817 4104 G R,LB,0.406204,0.0,4.471127,1.000139,4.470506,4299.0,17624.0,18.0,3.6666667,5.0,22.463596,71.74725,-0.20446378,39.35799,50.802513,9.839498,0.5,40.1,40.1,0.0,1.0,0.5557476,0.011676644,0.0218757,1958.4678,0.68309796,0.0028723837,0.006832127,0.7585888,0.9257491,0.93366015,0.0004303009,0.0097697135,0.022836821,0.81460804,0.75971156,0.5557476,0.1498062,3.3425639,0.5374129,0.017020859,0.030279435,13.0667715
P21817 4136 R S,LB,0.32336876,0.0,4.471127,1.000139,4.470506,4299.0,17624.0,24.0,9.0,6.0,22.463596,71.74725,-0.59720194,39.35799,50.802513,9.839498,0.5,23.6,23.6,0.0,2.0,0.35523066,0.02724709,0.022412874,1958.4678,0.68309796,0.0028723837,0.006832127,0.7585888,0.9257491,0.93366015,0.0013373748,0.09862759,0.022799773,0.81297976,0.3040242,0.35523066,0.4655975,3.3371413,0.24916069,0.050194606,0.019299777,16.522068
P21817 4723 R H,LB,0.4234416,0.0,4.471127,1.000139,4.470506,4299.0,17624.0,31.0,13.333333,7.4,22.463596,71.74725,-0.5953055,39.35799,50.802513,9.839498,0.5,25.9,25.9,0.0,1.0,0.44740507,0.018082082,0.020093057,1958.4678,0.68309796,0.0028723837,0.006832127,0.7585888,0.9257491,0.93366015,0.002667433,0.20283787,0.023195405,0.833217,0.58804375,0.44740507,0.9286478,3.3950489,0.30406776,0.0457269,0.023461232,16.06704
P21817 893 G S,B/LB,0.36428607,0.0,4.471127,1.000139,4.470506,4299.0,17624.0,15.0,5.6666665,3.4,22.463596,71.74725,2.26068,39.35799,50.802513,9.839498,1.0,21.2,21.2,0.0,1.0,0.9719142,0.021546809,0.06663527,1958.4678,0.68309796,0.0028723837,0.006832127,0.7585888,0.9257491,0.93366015,0.019605368,0.7862294,0.03317696,0.99930215,0.9883694,0.9719142,6.82547,4.856022,1.5912459,0.011940257,0.12967935,12.754631
P21817 1109 R K,B/LB,0.43288168,0.0,4.471127,1.000139,4.470506,4299.0,17624.0,11.0,8.333333,6.8,22.463596,71.74725,0.02317132,39.35799,50.802513,9.839498,1.0,48.7,48.7,0.0,0.0,0.4808976,0.034584023,0.043176938,1958.4678,0.68309796,0.0028723837,0.006832127,0.7585888,0.9257491,0.93366015,0.01500201,0.6415445,0.015306712,0.66085136,0.642475,0.4808976,5.222843,2.240402,0.24874371,0.04393794,0.018692132,15.754402
P21817 3647 H Q,B/LB,0.36754522,0.0,4.471127,1.000139,4.470506,4299.0,17624.0,29.0,10.0,4.6,22.463596,71.74725,-1.3841277,39.35799,50.802513,9.839498,0.5,15.0,15.0,0.0,1.0,0.28437284,0.031396966,0.014369172,1958.4678,0.68309796,0.0028723837,0.006832127,0.7585888,0.9257491,0.93366015,0.006989246,0.29751104,0.0013795114,0.071179345,0.068155386,0.28437284,2.4332561,0.20191537,0.33274722,0.07749547,0.055453938,16.714796
P21817 3981 H Y,B/LB,0.40001824,0.0,4.471127,1.000139,4.470506,4299.0,17624.0,9.0,7.3333335,3.8,22.463596,71.74725,-0.8161337,39.35799,50.802513,9.839498,0.5,82.0,82.0,0.0,2.0,0.40724757,0.017324097,0.019637084,1958.4678,0.68309796,0.0028723837,0.006832127,0.7585888,0.9257491,0.93366015,0.0017895905,0.15980461,0.020462938,0.775064,0.4826704,0.40724757,0.6230332,2.9951048,0.27693877,0.02054687,0.011395457,14.94981
P21817 851 V M,LB,0.550589,0.0,4.471127,1.000139,4.470506,4299.0,17624.0,17.0,13.0,7.4,22.463596,71.74725,1.1065578,39.35799,50.802513,9.839498,1.0,17.4,17.4,0.0,1.0,0.3931881,0.07297824,0.05239967,1958.4678,0.68309796,0.0028723837,0.006832127,0.7585888,0.9257491,0.93366015,0.016996508,0.7394743,0.0230175,0.821819,0.44010234,0.3931881,5.917214,3.3690093,0.33654454,0.059421904,0.0434547,16.832169
P21817 27 V M,LB,0.34891877,0.0,4.471127,1.000139,4.470506,4299.0,17624.0,13.0,3.6666667,1.2,22.463596,71.74725,0.442919,39.35799,50.802513,9.839498,1.0,17.0,17.0,0.0,1.0,0.58014864,0.019597089,0.033860385,1958.4678,0.68309796,0.0028723837,0.006832127,0.7585888,0.9257491,0.93366015,0.010663783,0.4184694,0.009652323,0.414515,0.7941382,0.58014864,3.7125204,1.4127845,0.5888717,0.010625646,0.031739693,13.823158
P21817 114 R H,LB,0.41924703,0.0,4.471127,1.000139,4.470506,4299.0,17624.0,23.0,17.0,13.0,22.463596,71.74725,-0.6015846,39.35799,50.802513,9.839498,1.0,38.9,38.9,0.0,1.0,0.39465013,0.03860719,0.031366717,1958.4678,0.68309796,0.0028723837,0.006832127,0.7585888,0.9257491,0.93366015,0.010470865,0.40753663,0.009368457,0.39451036,0.44405675,0.39465013,3.6453574,1.3712357,0.24770607,0.030553242,0.013758844,16.398767
P21817 370 V L,LB,0.43317476,0.0,4.471127,1.000139,4.470506,4299.0,17624.0,11.0,2.3333333,2.8,22.463596,71.74725,-1.053638,39.35799,50.802513,9.839498,1.0,65.5,65.5,0.0,0.0,0.6801801,0.016966011,0.0384391,1958.4678,0.68309796,0.0028723837,0.006832127,0.7585888,0.9257491,0.93366015,0.011497437,0.4982554,0.008748205,0.3361247,0.87787855,0.6801801,4.002751,1.280451,0.6653715,0.006010788,0.024031872,13.321095
P21817 440 V I,LB,0.4575521,0.0,4.471127,1.000139,4.470506,4299.0,17624.0,36.0,12.0,5.8,22.463596,71.74725,-0.39919987,39.35799,50.802513,9.839498,0.5,0.9,0.9,0.0,3.0,0.35997683,0.0425052,0.028109547,1958.4678,0.68309796,0.0028723837,0.006832127,0.7585888,0.9257491,0.93366015,0.01118618,0.44266108,0.0055479975,0.23331007,0.32193533,0.35997683,3.894389,0.8120454,0.23667842,0.039495815,0.016944556,17.030336
P21817 751 V M,LB,0.4244855,0.0,4.471127,1.000139,4.470506,4299.0,17624.0,11.0,6.6666665,6.6,22.463596,71.74725,0.88582116,39.35799,50.802513,9.839498,1.0,57.5,57.5,0.0,1.0,0.41439238,0.05390459,0.04826454,1958.4678,0.68309796,0.0028723837,0.006832127,0.7585888,0.9257491,0.93366015,0.015928634,0.71760875,0.018996827,0.7506397,0.50639683,0.41439238,5.5454407,2.7805142,0.4273324,0.035208695,0.04561291,14.295271
P21817 1061 Q R,LB,0.6844454,0.0,4.471127,1.000139,4.470506,4299.0,17624.0,9.0,0.6666667,0.0,22.463596,71.74725,0.74240714,39.35799,50.802513,9.839498,1.0,67.3,67.3,0.0,0.0,0.8134962,0.01596704,0.047887016,1958.4678,0.68309796,0.0028723837,0.006832127,0.7585888,0.9257491,0.93366015,0.016654933,0.73133284,0.021465473,0.7890207,0.9451035,0.8134962,5.7982965,3.1418433,1.3668128,0.0018165944,0.029981755,12.924926
P21817 2252 D E,LB,0.48131,0.0,4.471127,1.000139,4.470506,4299.0,17624.0,10.0,8.666667,8.8,22.463596,71.74725,-2.0095687,39.35799,50.802513,9.839498,1.0,79.1,79.1,0.0,0.0,0.40650898,0.008111916,0.0103141805,1958.4678,0.68309796,0.0028723837,0.006832127,0.7585888,0.9257491,0.93366015,0.0016278295,0.14840661,0.0006877811,0.03628751,0.48057687,0.40650898,0.56671727,0.100668654,0.28325516,0.046644296,0.024426075,15.685491
P21817 2558 V M,LB,0.41552383,0.0,4.471127,1.000139,4.470506,4299.0,17624.0,35.0,15.0,5.6,22.463596,71.74725,-0.5643751,39.35799,50.802513,9.839498,0.5,0.9,0.9,0.0,1.0,0.33314848,0.059996657,0.03482925,1958.4678,0.68309796,0.0028723837,0.006832127,0.7585888,0.9257491,0.93366015,0.013466587,0.5587346,0.0020889484,0.10676902,0.20958363,0.33314848,4.688297,0.3057537,0.23155762,0.083624475,0.026093353,17.490602
P21817 3028 G S,LB,0.5442496,0.0,4.471127,1.000139,4.470506,4299.0,17624.0,5.0,4.0,4.8,22.463596,71.74725,0.8082258,39.35799,50.802513,9.839498,1.0,47.2,47.2,0.0,0.0,0.71378845,0.040894784,0.083489805,1958.4678,0.68309796,0.0028723837,0.006832127,0.7585888,0.9257491,0.93366015,0.026438918,0.8925331,0.0104158055,0.48569435,0.90230286,0.71378845,9.204521,1.5245333,0.40951225,0.039711207,0.04281639,14.213147
P21817 3234 N S,LB,0.42285198,0.0,4.471127,1.000139,4.470506,4299.0,17624.0,8.0,4.6666665,4.8,22.463596,71.74725,1.9125708,39.35799,50.802513,9.839498,1.0,88.8,88.8,0.0,1.0,0.92319953,0.028242594,0.09279357,1958.4678,0.68309796,0.0028723837,0.006832127,0.7585888,0.9257491,0.93366015,0.02791508,0.99767387,0.010011747,0.4452198,0.977204,0.92319953,9.718436,1.4653924,0.9894949,0.03973057,0.22863758,13.002888
P21817 3342 A V,LB,0.49172068,0.0,4.471127,1.000139,4.470506,4299.0,17624.0,17.0,11.333333,4.4,22.463596,71.74725,0.87212473,39.35799,50.802513,9.839498,1.0,0.1,0.1,0.0,1.0,0.51507056,0.08020669,0.08376346,1958.4678,0.68309796,0.0028723837,0.006832127,0.7585888,0.9257491,0.93366015,0.026327716,0.88718307,0.007898717,0.300535,0.7008607,0.51507056,9.165808,1.1561139,0.47097474,0.116923414,0.14284891,16.964062
P21817 3815 M L,LB,0.3556432,0.0,4.471127,1.000139,4.470506,4299.0,17624.0,25.0,14.333333,7.6,22.463596,71.74725,-1.3080835,39.35799,50.802513,9.839498,0.5,4.0,4.0,0.0,2.0,0.29344285,0.027923148,0.015815364,1958.4678,0.68309796,0.0028723837,0.006832127,0.7585888,0.9257491,0.93366015,0.0035222287,0.22540125,0.017544135,0.7090021,0.088857874,0.29344285,1.2262388,2.5678875,0.21451084,0.03870814,0.011968185,16.89195
P21817 4034 V M,LB,0.34831175,0.0,4.471127,1.000139,4.470506,4299.0,17624.0,11.0,12.333333,7.0,22.463596,71.74725,-0.38753852,39.35799,50.802513,9.839498,1.0,49.5,49.5,0.0,1.0,0.43155238,0.018185792,0.022408994,1958.4678,0.68309796,0.0028723837,0.006832127,0.7585888,0.9257491,0.93366015,0.001627016,0.14794138,0.02238641,0.80158174,0.54826707,0.43155238,0.5664341,3.2766383,0.24563281,0.022079641,0.009459809,16.35
P21817 4063 M V,LB,0.35899216,0.0,4.471127,1.000139,4.470506,4299.0,17624.0,26.0,13.666667,9.2,22.463596,71.74725,-0.42512733,39.35799,50.802513,9.839498,0.5,5.4,5.4,0.0,2.0,0.38061798,0.024384735,0.022748094,1958.4678,0.68309796,0.0028723837,0.006832127,0.7585888,0.9257491,0.93366015,0.0010839389,0.07839032,0.022958064,0.82042336,0.39660385,0.38061798,0.37736562,3.3603098,0.24722262,0.057186686,0.022426825,17.015446
P21817 4084 R H,LB,0.47617835,0.0,4.471127,1.000139,4.470506,4299.0,17624.0,19.0,6.6666665,5.4,22.463596,71.74725,-0.14938585,39.35799,50.802513,9.839498,1.0,54.5,54.5,0.0,4.0,0.6638408,0.008734865,0.023336053,1958.4678,0.68309796,0.0028723837,0.006832127,0.7585888,0.9257491,0.93366015,0.0006327002,0.022098163,0.023342306,0.8392649,0.86578274,0.6638408,0.2202701,3.4165504,0.8807108,0.007743915,0.04000603,11.91034
P21817 4753 A T,LB,0.5657961,0.0,4.471127,1.000139,4.470506,4299.0,17624.0,15.0,5.3333335,3.4,22.463596,71.74725,-0.8815026,39.35799,50.802513,9.839498,0.5,32.7,32.7,0.0,1.0,0.40327635,0.018337091,0.016566854,1958.4678,0.68309796,0.0028723837,0.006832127,0.7585888,0.9257491,0.93366015,0.0032844539,0.2186555,0.020728176,0.779251,0.46894628,0.40327635,1.1434593,3.0339272,0.40289536,0.02044436,0.020541472,14.593621
P21817 4868 E K,LB,0.52222,0.0,4.471127,1.000139,4.470506,4299.0,17624.0,4.0,6.0,3.0,22.463596,71.74725,2.3514912,39.35799,50.802513,9.839498,1.0,93.2,93.2,0.0,0.0,0.6278228,0.010567139,0.024045104,1958.4678,0.68309796,0.0028723837,0.006832127,0.7585888,0.9257491,0.93366015,0.0009663234,0.05815306,0.024403032,0.8755525,0.8408932,0.6278228,0.33641866,3.571806,0.90725136,0.021881506,0.112590864,12.669238
P21817 160 E G,VUS,0.50671035,0.0,4.471127,1.000139,4.470506,4299.0,17624.0,34.0,13.666667,11.6,22.463596,71.74725,0.36391914,39.35799,50.802513,9.839498,1.0,35.0,35.0,0.0,2.0,0.45346498,0.029478736,0.03154531,1958.4678,0.68309796,0.0028723837,0.006832127,0.7585888,0.9257491,0.93366015,0.010198333,0.391719,0.010211684,0.46848103,0.6003722,0.45346498,3.5504775,1.4946566,0.30574945,0.035942525,0.022559026,15.501638
P21817 177 R C,VUS,0.43414184,0.0,4.471127,1.000139,4.470506,4299.0,17624.0,38.0,17.333334,12.4,22.463596,71.74725,0.28757837,39.35799,50.802513,9.839498,1.0,12.9,0.2,-12.7,3.0,0.36221147,0.042482074,0.029017368,1958.4678,0.68309796,0.0028723837,0.006832127,0.7585888,0.9257491,0.93366015,0.01002549,0.37683183,0.009783791,0.42451733,0.32798326,0.36221147,3.4903033,1.4320271,0.24937879,0.059416883,0.026112506,17.334146
P21817 214 T M,VUS,0.23673667,0.0,4.471127,1.000139,4.470506,4299.0,17624.0,28.0,15.0,11.2,22.463596,71.74725,-0.500519,39.35799,50.802513,9.839498,0.0,0.0,0.0,0.0,3.0,0.3944729,0.046041954,0.03670464,1958.4678,0.68309796,0.0028723837,0.006832127,0.7585888,0.9257491,0.93366015,0.011167617,0.4410328,0.009116723,0.37217957,0.44382414,0.3944729,3.8879263,1.3343902,0.22100618,0.03844097,0.0144871455,17.408993
P21817 401 R H,VUS,0.51194245,0.0,4.471127,1.000139,4.470506,4299.0,17624.0,36.0,16.333334,11.0,22.463596,71.74725,-0.56243944,39.35799,50.802513,9.839498,0.5,6.2,6.2,0.0,3.0,0.36282086,0.05015424,0.03367635,1958.4678,0.68309796,0.0028723837,0.006832127,0.7585888,0.9257491,0.93366015,0.011288227,0.4580135,0.007702841,0.2947197,0.3310072,0.36282086,3.9299161,1.127444,0.20547698,0.044659276,0.0145326685,17.557467
P21817 522 Y C,VUS,0.34774593,0.0,4.471127,1.000139,4.470506,4299.0,17624.0,33.0,14.333333,9.8,22.463596,71.74725,-0.68975985,39.35799,50.802513,9.839498,0.5,2.2,2.2,0.0,2.0,0.2967341,0.057369597,0.025895948,1958.4678,0.68309796,0.0028723837,0.006832127,0.7585888,0.9257491,0.93366015,0.011535731,0.5036055,0.0023875197,0.119562685,0.095836245,0.2967341,4.016083,0.34945482,0.21029104,0.039854262,0.013615793,17.465876
P21817 539 F V,VUS,0.23842809,0.0,4.471127,1.000139,4.470506,4299.0,17624.0,26.0,8.333333,4.4,22.463596,71.74725,-1.030907,39.35799,50.802513,9.839498,1.0,1.7,1.7,0.0,1.0,0.36301237,0.03548914,0.024304103,1958.4678,0.68309796,0.0028723837,0.006832127,0.7585888,0.9257491,0.93366015,0.01175183,0.52174926,0.0008951656,0.04884857,0.33193767,0.36301237,4.091316,0.13102297,0.24393293,0.04012269,0.017746372,16.493402
P21817 1056 D H,VUS,0.61380744,0.0,4.471127,1.000139,4.470506,4299.0,17624.0,6.0,4.0,4.6,22.463596,71.74725,1.326519,39.35799,50.802513,9.839498,0.5,77.8,77.8,0.0,0.0,0.80185044,0.022363793,0.056342762,1958.4678,0.68309796,0.0028723837,0.006832127,0.7585888,0.9257491,0.93366015,0.018132806,0.7499418,0.027291473,0.9637125,0.93952084,0.80185044,6.312808,3.9945793,0.5136243,0.028472831,0.047245644,14.326433
P21817 1588 P L,VUS,0.6728025,0.0,4.471127,1.000139,4.470506,4299.0,17624.0,9.0,5.0,5.2,22.463596,71.74725,-0.06712927,39.35799,50.802513,9.839498,1.0,33.3,33.3,0.0,0.0,0.34900558,0.063785955,0.0415859,1958.4678,0.68309796,0.0028723837,0.006832127,0.7585888,0.9257491,0.93366015,0.014768793,0.5987439,0.013995777,0.5873459,0.27262154,0.34900558,5.1416507,2.048524,0.26317415,0.05359821,0.028630119,16.796143
P21817 1675 L P,VUS,0.30228844,0.0,4.471127,1.000139,4.470506,4299.0,17624.0,23.0,9.333333,8.4,22.463596,71.74725,-1.4655466,39.35799,50.802513,9.839498,1.0,14.7,14.7,0.0,0.0,0.26015207,0.053941056,0.020493587,1958.4678,0.68309796,0.0028723837,0.006832127,0.7585888,0.9257491,0.93366015,0.010587469,0.4128867,0.005987487,0.24494068,0.025819957,0.26015207,3.6859522,0.8763723,0.22374356,0.0635001,0.022514192,17.356133
P21817 1728 S F,VUS,0.4468501,0.0,4.471127,1.000139,4.470506,4299.0,17624.0,18.0,9.333333,6.0,22.463596,71.74725,-1.7536856,39.35799,50.802513,9.839498,0.5,33.7,33.7,0.0,2.0,0.32965907,0.026756417,0.016557306,1958.4678,0.68309796,0.0028723837,0.006832127,0.7585888,0.9257491,0.93366015,0.00904567,0.35031402,0.0033184418,0.15073273,0.19469644,0.32965907,3.1491857,0.48571137,0.26574457,0.05995788,0.027618887,16.31493
P21817 2163 R L,VUS,0.37050024,0.0,4.471127,1.000139,4.470506,4299.0,17624.0,23.0,8.666667,6.6,22.463596,71.74725,-1.7858979,39.35799,50.802513,9.839498,0.5,20.5,20.5,0.0,2.0,0.28896913,0.02499789,0.012453317,1958.4678,0.68309796,0.0028723837,0.006832127,0.7585888,0.9257491,0.93366015,0.0071025603,0.3023959,0.0026140197,0.12770411,0.08094906,0.28896913,2.4727058,0.38260698,0.23466046,0.07403163,0.027097972,17.231749
P21817 2204 H Q,VUS,0.3673306,0.0,4.471127,1.000139,4.470506,4299.0,17624.0,26.0,11.666667,6.6,22.463596,71.74725,-1.951593,39.35799,50.802513,9.839498,0.5,5.8,5.8,0.0,0.0,0.32527786,0.012891248,0.00909588,1958.4678,0.68309796,0.0028723837,0.006832127,0.7585888,0.9257491,0.93366015,0.0038794777,0.23144917,0.00073494925,0.04047453,0.17980926,0.32527786,1.3506126,0.10757253,0.23776771,0.07790212,0.02879724,17.34613
P21817 2237 C Y,VUS,0.2508563,0.0,4.471127,1.000139,4.470506,4299.0,17624.0,24.0,13.666667,10.6,22.463596,71.74725,-1.5678607,39.35799,50.802513,9.839498,0.5,20.4,20.4,0.0,3.0,0.27499565,0.015075802,0.008835496,1958.4678,0.68309796,0.0028723837,0.006832127,0.7585888,0.9257491,0.93366015,2.8038907e-05,0.00046522447,0.00014363708,0.008606653,0.049313795,0.27499565,0.009761547,0.021023773,0.2649871,0.073023506,0.0325977,16.46333
P21817 2362 E K,VUS,0.30979365,0.0,4.471127,1.000139,4.470506,4299.0,17624.0,15.0,6.3333335,6.8,22.463596,71.74725,-0.993128,39.35799,50.802513,9.839498,1.0,26.2,26.2,0.0,1.0,0.3448323,0.026348725,0.019708132,1958.4678,0.68309796,0.0028723837,0.006832127,0.7585888,0.9257491,0.93366015,0.0077036973,0.3230984,0.0019472053,0.098394975,0.25215167,0.3448323,2.6819875,0.28500718,0.2837337,0.059829433,0.031158801,16.07144
P21817 2363 C W,VUS,0.3146845,0.0,4.471127,1.000139,4.470506,4299.0,17624.0,20.0,12.333333,7.2,22.463596,71.74725,-1.054814,39.35799,50.802513,9.839498,1.0,1.3,1.3,0.0,2.0,0.32113484,0.02927697,0.019220637,1958.4678,0.68309796,0.0028723837,0.006832127,0.7585888,0.9257491,0.93366015,0.0073868576,0.31495696,0.0018234376,0.08955571,0.16306117,0.32113484,2.571682,0.26689163,0.23688217,0.08461614,0.030424943,17.439495
P21817 2364 F V,VUS,0.32491454,0.0,4.471127,1.000139,4.470506,4299.0,17624.0,33.0,15.666667,7.8,22.463596,71.74725,-0.9522327,39.35799,50.802513,9.839498,1.0,4.6,2.4,-2.2,0.0,0.32738534,0.030386264,0.020257123,1958.4678,0.68309796,0.0028723837,0.006832127,0.7585888,0.9257491,0.93366015,0.008001975,0.32937893,0.0018847154,0.09397534,0.18678762,0.32738534,2.7858307,0.2758607,0.21723041,0.09895854,0.02952224,17.88881
P21817 2431 D Y,VUS,0.28910986,0.0,4.471127,1.000139,4.470506,4299.0,17624.0,31.0,15.333333,9.4,22.463596,71.74725,-1.0319124,39.35799,50.802513,9.839498,0.5,10.9,10.9,0.0,3.0,0.27525207,0.051797085,0.023574423,1958.4678,0.68309796,0.0028723837,0.006832127,0.7585888,0.9257491,0.93366015,0.00918844,0.3519423,0.0004719202,0.024191672,0.050244242,0.27525207,3.1988902,0.069073685,0.22732963,0.080100715,0.027203197,17.703545
P21817 2627 V M,VUS,0.341801,0.0,4.471127,1.000139,4.470506,4299.0,17624.0,25.0,9.666667,5.8,22.463596,71.74725,0.27301267,39.35799,50.802513,9.839498,0.5,12.0,12.0,0.0,2.0,0.46347713,0.06670105,0.060139682,1958.4678,0.68309796,0.0028723837,0.006832127,0.7585888,0.9257491,0.93366015,0.021564616,0.7892533,0.0077214814,0.29518494,0.61618984,0.46347713,7.5075684,1.1301724,0.27892467,0.08345222,0.04081351,17.048725
P21817 2676 R W,VUS,0.32056126,0.0,4.471127,1.000139,4.470506,4299.0,17624.0,41.0,14.666667,10.2,22.463596,71.74725,0.58442336,39.35799,50.802513,9.839498,0.5,12.5,12.5,0.0,2.0,0.5134381,0.064122766,0.06794332,1958.4678,0.68309796,0.0028723837,0.006832127,0.7585888,0.9257491,0.93366015,0.0235274,0.81646895,0.009120971,0.37241217,0.6973715,0.5134381,8.190898,1.3350118,0.2583059,0.095811054,0.042631567,17.69612
P21817 3051 R H,VUS,0.3044492,0.0,4.471127,1.000139,4.470506,4299.0,17624.0,16.0,9.666667,8.0,22.463596,71.74725,0.9155757,39.35799,50.802513,9.839498,1.0,52.0,52.0,0.0,0.0,0.5991526,0.061670158,0.08816471,1958.4678,0.68309796,0.0028723837,0.006832127,0.7585888,0.9257491,0.93366015,0.027216986,0.95696676,0.010492583,0.49290532,0.8115841,0.5991526,9.475401,1.535771,0.50642395,0.096064284,0.14923596,15.894836
P21817 3418 N D,VUS,0.23596749,0.0,4.471127,1.000139,4.470506,4299.0,17624.0,16.0,11.0,5.4,22.463596,71.74725,0.9888782,39.35799,50.802513,9.839498,0.5,49.6,49.6,0.0,1.0,0.5498568,0.06032405,0.07165711,1958.4678,0.68309796,0.0028723837,0.006832127,0.7585888,0.9257491,0.93366015,0.024043025,0.8304257,0.0050959317,0.21958596,0.7513375,0.5498568,8.370409,0.74587774,0.4430835,0.095711336,0.09730452,15.2286625
P21817 3903 R Q,VUS,0.3319889,0.0,4.471127,1.000139,4.470506,4299.0,17624.0,32.0,12.0,9.6,22.463596,71.74725,-1.0258534,39.35799,50.802513,9.839498,0.5,22.9,22.9,0.0,1.0,0.2815917,0.033481807,0.01814748,1958.4678,0.68309796,0.0028723837,0.006832127,0.7585888,0.9257491,0.93366015,0.0023652827,0.19260293,0.01934991,0.7566876,0.06373575,0.2815917,0.8234564,2.8321943,0.22371759,0.027493175,0.01012629,16.70527
P21817 3772 R Q,VUS,0.51080763,0.0,4.471127,1.000139,4.470506,4299.0,17624.0,34.0,13.0,9.2,22.463596,71.74725,-1.2696165,39.35799,50.802513,9.839498,1.0,15.8,15.8,0.0,3.0,0.27651933,0.028091585,0.013179505,1958.4678,0.68309796,0.0028723837,0.006832127,0.7585888,0.9257491,0.93366015,0.0045283143,0.24377762,0.015175168,0.64991856,0.053966038,0.27651933,1.5765004,2.2211483,0.24953866,0.03762556,0.015452413,16.299223
P21817 3986 D E,VUS,0.33348882,0.0,4.471127,1.000139,4.470506,4299.0,17624.0,27.0,12.0,7.8,22.463596,71.74725,-0.95044947,39.35799,50.802513,9.839498,0.5,40.0,30.5,-9.5,2.0,0.3595507,0.021442741,0.019060291,1958.4678,0.68309796,0.0028723837,0.006832127,0.7585888,0.9257491,0.93366015,0.0013509041,0.1007211,0.020132236,0.7694813,0.32030705,0.3595507,0.47030768,2.946701,0.21553949,0.046805587,0.014832297,16.959105
P21817 4050 S Y,VUS,0.38744625,0.0,4.471127,1.000139,4.470506,4299.0,17624.0,26.0,9.0,4.6,22.463596,71.74725,-0.6748151,39.35799,50.802513,9.839498,1.0,8.9,8.9,0.0,2.0,0.3443131,0.02722772,0.02153897,1958.4678,0.68309796,0.0028723837,0.006832127,0.7585888,0.9257491,0.93366015,0.0013107342,0.0969993,0.021808159,0.7943708,0.24982554,0.3443131,0.4563228,3.192001,0.2841561,0.030265456,0.016388062,15.136568
P21817 4234 V L,VUS,0.27640408,0.0,4.471127,1.000139,4.470506,4299.0,17624.0,31.0,14.333333,8.6,22.463596,71.74725,-0.19451639,39.35799,50.802513,9.839498,0.5,2.7,2.7,0.0,3.0,0.40437004,0.025970615,0.024664797,1958.4678,0.68309796,0.0028723837,0.006832127,0.7585888,0.9257491,0.93366015,0.0016064816,0.14328913,0.026034905,0.9451035,0.4731333,0.40437004,0.55928516,3.8106587,0.22161315,0.07228945,0.020925768,17.068611
P21817 4737 R Q,VUS,0.36761075,0.0,4.471127,1.000139,4.470506,4299.0,17624.0,30.0,11.666667,6.8,22.463596,71.74725,-0.13478509,39.35799,50.802513,9.839498,0.5,52.6,37.3,-15.3,0.0,0.41478676,0.020281943,0.019286592,1958.4678,0.68309796,0.0028723837,0.006832127,0.7585888,0.9257491,0.93366015,0.0028028837,0.20655966,0.022740772,0.8106536,0.5080251,0.41478676,0.97580403,3.3285053,0.4367088,0.02854592,0.03187894,13.908992
P21817 4824 L P,VUS,0.36562914,0.0,4.471127,1.000139,4.470506,4299.0,17624.0,36.0,10.333333,5.6,22.463596,71.74725,0.8643698,39.35799,50.802513,9.839498,0.5,37.6,2.3,-35.3,1.0,0.36570296,0.028656797,0.02311178,1958.4678,0.68309796,0.0028723837,0.006832127,0.7585888,0.9257491,0.93366015,0.00080788846,0.03326355,0.024552446,0.8895092,0.3440335,0.36570296,0.28126064,3.5936754,0.3174174,0.07811805,0.046190508,15.931425
P21817 4893 R Q,VUS,0.4160704,0.0,4.471127,1.000139,4.470506,4299.0,17624.0,32.0,11.333333,6.0,22.463596,71.74725,1.7124022,39.35799,50.802513,9.839498,1.0,62.1,6.8,-55.3,0.0,0.36276844,0.027889645,0.022158297,1958.4678,0.68309796,0.0028723837,0.006832127,0.7585888,0.9257491,0.93366015,0.00079847174,0.032565713,0.023791349,0.8494999,0.33030936,0.36276844,0.27798226,3.4822755,0.35738403,0.092628784,0.07286026,16.68632
P21817 4973 P L,VUS,0.4097789,0.0,4.471127,1.000139,4.470506,4299.0,17624.0,5.0,3.6666667,1.6,22.463596,71.74725,0.3290921,39.35799,50.802513,9.839498,1.0,78.7,78.7,0.0,0.0,0.6425451,0.011337123,0.026678061,1958.4678,0.68309796,0.0028723837,0.006832127,0.7585888,0.9257491,0.93366015,0.001576653,0.13351943,0.026470948,0.9618516,0.85066295,0.6425451,0.54890054,3.8744812,0.4116991,0.012803694,0.014319435,14.034512
