SAV_coords,labels,GNM_co_rank_full,ANM_stiffness_chain,GNM_V2_full,GNM_V1_full,GNM_Eigval1_full,GNM_rankV2_full,GNM_Eigval2_full,GNM_rankV1_full,ANM_effectiveness_chain,SASA,loop_percent,AG1,Dcom,AG5,AG3,SSbond,Hbond,DELTA_Hbond,sheet_percent,helix_percent,Rg,IDRs,Lside,deltaLside,entropy,wtPSIC,deltaPSIC,consurf,ACNR,BLOSUM,ranked_MI,deltaPolarity,deltaCharge
P21817 13 L R,1.0,0.35939628,15.657253,0.0071046855,0.0052470015,0.0011918772,0.5419882,0.0011927352,0.2975488,0.15878801,4.1,39.35799,6.0,-1.6635411,8.4,8.666667,0.0,1.0,1.0,9.839498,50.802513,105.92722,0.37840578,7.0,3.0,0.5221115,-1.867,2.055,0.541,0.13766664,-2.0,0.068627454,5.6,1.0
P21817 35 C R,1.0,0.118871994,16.325214,0.007091887,0.00559304,0.0011918772,0.5372787,0.0011927352,0.32461417,0.20689803,0.6,39.35799,36.0,-1.3893102,18.0,22.0,0.0,3.0,0.0,9.839498,50.802513,105.92722,0.2778766,7.0,5.0,1.464062,-1.111,2.903,-0.84,-0.5969231,-3.0,0.75,5.0,1.0
P21817 44 R C,1.0,0.1345892,15.61624,0.0069762073,0.005778706,0.0011918772,0.51231277,0.0011927352,0.3466296,0.27046046,15.0,39.35799,18.0,-1.0241085,10.4,15.0,0.0,3.0,-3.0,9.839498,50.802513,105.92722,0.3236332,2.0,-5.0,1.6213077,-1.101,3.842,-0.872,-0.7316,-3.0,0.9019608,-5.0,-1.0
P21817 163 R C,1.0,0.3902633,14.072161,0.0071191476,0.00526988,0.0011918772,0.544882,0.0011927352,0.3001589,0.113000736,7.2,39.35799,32.0,-1.6936486,9.8,12.666667,0.0,0.0,1.0,9.839498,50.802513,105.92722,0.46049172,2.0,-5.0,1.6908021,-1.101,3.842,-0.722,-0.12111112,-3.0,0.9460784,-5.0,-1.0
P21817 163 R L,1.0,0.3902633,14.072161,0.0071191476,0.00526988,0.0011918772,0.544882,0.0011927352,0.3001589,0.113000736,7.2,39.35799,32.0,-1.6936486,9.8,12.666667,0.0,0.0,0.0,9.839498,50.802513,105.92722,0.46049172,4.0,-3.0,1.6908021,-1.101,2.113,-0.722,-0.12111112,-2.0,0.9460784,-5.6,-1.0
P21817 177 R C,1.0,0.17890377,14.442023,0.0073935725,0.005001484,0.0011918772,0.56065595,0.0011927352,0.28069678,0.112613104,12.9,39.35799,18.0,-0.97810984,7.4,10.333333,0.0,3.0,2.0,9.839498,50.802513,105.92722,0.43414184,2.0,-5.0,1.6218718,-1.234,3.754,-0.875,-0.7421111,-3.0,0.8872549,-5.0,-1.0
P21817 248 G R,1.0,0.4670336,14.090603,0.0067187236,0.006490856,0.0011918772,0.47004086,0.0011927352,0.4378688,0.26571134,34.9,39.35799,9.0,-1.2875284,5.0,5.0,0.0,0.0,0.0,9.839498,50.802513,105.92722,0.38391548,7.0,7.0,2.0254734,-1.521,2.239,0.322,-0.4242,-2.0,0.8,1.5,1.0
P21817 341 G R,1.0,0.5634362,14.4434805,0.006812132,0.0063161682,0.0011918772,0.48638222,0.0011927352,0.39179528,0.30681404,48.9,39.35799,31.0,-1.7521856,17.4,22.666666,0.0,1.0,1.0,9.839498,50.802513,105.92722,0.3908446,7.0,7.0,2.1286342,-0.927,1.453,-0.854,-0.6502857,-2.0,0.9166667,1.5,1.0
P21817 342 E K,1.0,0.5675783,14.1355095,0.0068170964,0.006312241,0.0011918772,0.48729005,0.0011927352,0.3910009,0.26367941,53.3,39.35799,29.0,-1.842521,14.6,18.333334,0.0,1.0,0.0,9.839498,50.802513,105.92722,0.3761781,5.0,0.0,2.3448205,-1.693,1.535,-0.799,-0.56857145,1.0,0.8388889,-1.0,0.0
P21817 401 R C,1.0,0.30537903,16.498873,0.0065980535,0.006603341,0.0011918772,0.4552315,0.0011927352,0.45710394,0.4575822,6.2,39.35799,22.0,-1.2793293,14.6,14.0,0.0,3.0,0.0,9.839498,50.802513,105.92722,0.51194245,2.0,-5.0,,-1.225,3.763,-0.262,-0.5021,-3.0,,-5.0,-1.0
P21817 401 R H,1.0,0.30537903,16.498873,0.0065980535,0.006603341,0.0011918772,0.4552315,0.0011927352,0.45710394,0.4575822,6.2,39.35799,22.0,-1.2793293,14.6,14.0,0.0,3.0,0.0,9.839498,50.802513,105.92722,0.51194245,6.0,-1.0,,-1.225,1.221,-0.262,-0.5021,0.0,,-0.1,0.0
P21817 522 Y S,1.0,0.1549024,16.48583,0.006042774,0.007770999,0.0011918772,0.36507037,0.0011927352,0.57149345,0.44804004,2.2,39.35799,20.0,-0.5642617,5.8,8.333333,0.0,2.0,1.0,9.839498,50.802513,105.92722,0.34774593,2.0,-6.0,1.5671653,-1.4,0.996,-0.851,-0.4763,-2.0,0.82222223,3.0,0.0
P21817 522 Y C,1.0,0.1549024,16.48583,0.006042774,0.007770999,0.0011918772,0.36507037,0.0011927352,0.57149345,0.44804004,2.2,39.35799,20.0,-0.5642617,5.8,8.333333,0.0,2.0,1.0,9.839498,50.802513,105.92722,0.34774593,2.0,-6.0,1.5671653,-1.4,3.39,-0.851,-0.4763,-2.0,0.82222223,-0.7,0.0
P21817 530 R H,1.0,0.29420108,15.843364,0.005875111,0.007984769,0.0011918772,0.35309803,0.0011927352,0.57546526,0.4479904,30.8,39.35799,5.0,-0.73869526,6.0,3.0,0.0,5.0,-2.0,9.839498,50.802513,105.92722,0.27333188,6.0,-1.0,2.1680334,-1.331,2.91,-0.648,-0.74685717,0.0,0.5777778,-0.1,0.0
P21817 533 R C,1.0,0.30940762,14.454058,0.005759063,0.008342575,0.0011918772,0.3428847,0.0011927352,0.592374,0.36225575,55.3,39.35799,5.0,-0.7781634,3.8,6.6666665,0.0,1.0,0.0,9.839498,50.802513,105.92722,0.25853378,2.0,-5.0,1.8405766,-1.101,3.842,-0.726,-0.56450003,-3.0,0.30666667,-5.0,-1.0
P21817 539 F L,1.0,0.39695868,15.603992,0.005774893,0.008475626,0.0011918772,0.34475714,0.0011927352,0.6007149,0.4919829,1.7,39.35799,1.0,-0.6526004,2.2,0.33333334,0.0,1.0,0.0,9.839498,50.802513,105.92722,0.23842809,4.0,-3.0,1.6105226,-1.07,1.694,-0.854,-0.417,0.0,0.7511111,-0.3,0.0
P21817 552 R W,1.0,0.4401952,16.153126,0.0059337523,0.008386673,0.0011918772,0.35809124,0.0011927352,0.5948706,0.3682941,23.3,39.35799,25.0,-0.31093723,8.6,13.333333,0.0,1.0,0.0,9.839498,50.802513,105.92722,0.28829518,10.0,3.0,2.5158322,-1.237,1.238,-0.214,-0.6272857,-3.0,0.82666665,-5.1,-1.0
P21817 614 R C,1.0,0.13022016,16.227823,0.004717342,0.0096059395,0.0011918772,0.2632206,0.0011927352,0.73337495,0.65853673,29.9,39.35799,23.0,-0.15009639,6.8,10.333333,0.0,1.0,0.0,9.839498,50.802513,105.92722,0.36449075,2.0,-5.0,1.967253,-1.34,3.686,-0.728,-0.6894444,-3.0,0.9066667,-5.0,-1.0
P21817 614 R L,1.0,0.13022016,16.227823,0.004717342,0.0096059395,0.0011918772,0.2632206,0.0011927352,0.73337495,0.65853673,29.9,39.35799,23.0,-0.15009639,6.8,10.333333,0.0,1.0,0.0,9.839498,50.802513,105.92722,0.36449075,4.0,-3.0,1.967253,-1.34,2.029,-0.728,-0.6894444,-2.0,0.9066667,-5.6,-1.0
P21817 1711 Y C,1.0,0.063039035,16.382956,0.0049906764,0.009888021,0.0011918772,0.27939174,0.0011927352,0.79130733,0.77269137,0.3,39.35799,33.0,0.024740428,16.8,18.666666,0.0,4.0,-1.0,9.839498,50.802513,105.92722,0.34221673,2.0,-6.0,0.58132285,-1.146,3.617,-0.295,-0.38581818,-2.0,0.26666668,-0.7,0.0
P21817 1728 S F,1.0,0.34174988,15.393728,0.0037840789,0.009419534,0.0011918772,0.22582841,0.0011927352,0.7088629,0.6309445,33.7,39.35799,14.0,-0.22194034,5.6,7.0,0.0,2.0,-1.0,9.839498,50.802513,105.92722,0.4468501,7.0,5.0,1.6348747,-2.027,1.801,0.199,-0.13242857,-2.0,0.84731185,-4.0,0.0
P21817 2163 R C,1.0,0.20307535,16.247412,0.0029458737,0.0093148,0.0011918772,0.1978552,0.0011927352,0.6964367,0.6828979,20.5,39.35799,26.0,-0.2530945,12.8,14.0,0.0,2.0,0.0,9.839498,50.802513,105.92722,0.37050024,2.0,-5.0,1.8781152,-1.398,3.425,-0.894,-0.696375,-3.0,0.6844444,-5.0,-1.0
P21817 2163 R H,1.0,0.20307535,16.247412,0.0029458737,0.0093148,0.0011918772,0.1978552,0.0011927352,0.6964367,0.6828979,20.5,39.35799,26.0,-0.2530945,12.8,14.0,0.0,2.0,-1.0,9.839498,50.802513,105.92722,0.37050024,6.0,-1.0,1.8781152,-1.398,2.568,-0.894,-0.696375,0.0,0.6844444,-0.1,0.0
P21817 2163 R P,1.0,0.20307535,16.247412,0.0029458737,0.0093148,0.0011918772,0.1978552,0.0011927352,0.6964367,0.6828979,20.5,39.35799,26.0,-0.2530945,12.8,14.0,0.0,2.0,-2.0,9.839498,50.802513,105.92722,0.37050024,3.0,-4.0,1.8781152,-1.398,2.217,-0.894,-0.696375,-2.0,0.6844444,-2.5,-1.0
P21817 2163 R L,1.0,0.20307535,16.247412,0.0029458737,0.0093148,0.0011918772,0.1978552,0.0011927352,0.6964367,0.6828979,20.5,39.35799,26.0,-0.2530945,12.8,14.0,0.0,2.0,-1.0,9.839498,50.802513,105.92722,0.37050024,4.0,-3.0,1.8781152,-1.398,1.696,-0.894,-0.696375,-2.0,0.6844444,-5.6,-1.0
P21817 2168 V M,1.0,0.07722424,15.957166,0.004078743,0.009502477,0.0011918772,0.23899229,0.0011927352,0.719133,0.6204159,2.6,39.35799,13.0,-0.27173322,4.6,0.0,0.0,1.0,1.0,9.839498,50.802513,105.92722,0.3420482,4.0,1.0,1.2527784,-1.304,2.461,-0.826,-0.669,1.0,0.75555557,-0.2,0.0
P21817 2204 H Q,1.0,0.3083863,16.363855,0.0014758568,0.009097833,0.0011918772,0.14406492,0.0011927352,0.672719,0.6478666,5.8,39.35799,30.0,-0.39842,7.4,10.666667,0.0,0.0,0.0,9.839498,50.802513,105.92722,0.3673306,5.0,-1.0,1.492645,-1.433,1.977,-0.858,-0.800375,0.0,0.36888888,0.1,-1.0
P21817 2206 T R,1.0,0.2880731,15.814609,0.0017721538,0.009144291,0.0011918772,0.1561507,0.0011927352,0.67890376,0.6551612,11.3,39.35799,26.0,-0.35698026,7.2,9.333333,0.0,3.0,-1.0,9.839498,50.802513,105.92722,0.37458557,7.0,4.0,2.2218692,-1.245,2.198,-0.833,-0.7866667,-1.0,0.9822222,1.9,1.0
P21817 2206 T M,1.0,0.2880731,15.814609,0.0017721538,0.009144291,0.0011918772,0.1561507,0.0011927352,0.67890376,0.6551612,11.3,39.35799,26.0,-0.35698026,7.2,9.333333,0.0,3.0,0.0,9.839498,50.802513,105.92722,0.37458557,4.0,1.0,2.2218692,-1.245,2.97,-0.833,-0.7866667,-1.0,0.9822222,-2.9,0.0
P21817 2210 V F,1.0,0.38600773,15.986147,0.0017269759,0.009164537,0.0011918772,0.15518612,0.0011927352,0.6809464,0.6335167,4.1,39.35799,22.0,-0.37855417,6.8,9.666667,0.0,2.0,0.0,9.839498,50.802513,105.92722,0.36923036,7.0,4.0,1.1693871,-1.304,2.274,-0.863,-0.8004444,-1.0,0.13777778,-0.7,0.0
P21817 2280 V I,1.0,0.08516795,16.023907,0.0018272955,0.008726434,0.0011918772,0.15751249,0.0011927352,0.6349864,0.5850983,0.0,39.35799,28.0,-0.48959365,4.6,7.6666665,0.0,1.0,0.0,9.839498,50.802513,105.92722,0.48640627,4.0,1.0,1.4310882,-1.465,1.227,-0.651,-0.69690907,3.0,0.3511111,-0.7,0.0
P21817 2288 L S,1.0,0.2490354,15.974807,0.0023233353,0.008518048,0.0011918772,0.16829324,0.0011927352,0.6044031,0.5890633,4.7,39.35799,12.0,-0.6657568,8.6,10.333333,0.0,1.0,1.0,9.839498,50.802513,105.92722,0.4489226,2.0,-2.0,0.72616255,-1.208,2.138,-0.688,-0.670875,-2.0,0.10222222,4.3,0.0
P21817 2336 R H,1.0,0.14423513,16.698505,0.0031338674,0.008698889,0.0011918772,0.20352928,0.0011927352,0.6286314,0.6451344,19.4,39.35799,10.0,-0.42355022,4.4,1.3333334,0.0,5.0,0.0,9.839498,50.802513,105.92722,0.17112052,6.0,-1.0,2.1812634,-2.267,2.11,-0.852,-0.7207,0.0,0.94666666,-0.1,0.0
P21817 2350 A T,1.0,0.1503064,16.599825,0.003151443,0.008537954,0.0011918772,0.2039832,0.0011927352,0.6064457,0.5881371,7.4,39.35799,24.0,-0.7326209,10.6,13.666667,0.0,2.0,2.0,9.839498,50.802513,105.92722,0.26325983,3.0,2.0,0.613684,-2.001,1.167,-0.759,-0.7738,0.0,0.18222222,0.5,0.0
P21817 2355 R W,1.0,0.33221743,15.129432,0.003395628,0.008505316,0.0011918772,0.21135952,0.0011927352,0.60298455,0.46618253,29.8,39.35799,22.0,-0.92685044,5.8,11.0,0.0,3.0,-1.0,9.839498,50.802513,105.92722,0.2447234,10.0,3.0,2.2395303,-2.254,2.934,-0.76,-0.71825,-3.0,0.7911111,-5.1,-1.0
P21817 2364 F V,1.0,0.2404108,16.603466,0.0039442508,0.008496793,0.0011918772,0.23292102,0.0011927352,0.60253066,0.5559781,4.6,39.35799,28.0,-0.682903,9.2,12.333333,0.0,0.0,0.0,9.839498,50.802513,105.92722,0.32491454,3.0,-4.0,0.63940716,-2.229,0.69,-0.743,-0.8002222,-1.0,0.031111112,0.7,0.0
P21817 2375 G A,1.0,0.47293463,12.980923,0.0043070195,0.008557967,0.0011918772,0.2487517,0.0011927352,0.60950977,0.34505576,49.5,39.35799,8.0,-0.45620787,5.4,5.6666665,0.0,1.0,0.0,9.839498,50.802513,105.92722,0.38960335,1.0,1.0,,-1.804,-0.306,-0.815,-0.45857143,0.0,,-0.9,0.0
P21817 2428 A T,1.0,0.14207898,16.602365,0.0038515795,0.008764925,0.0011918772,0.22832501,0.0011927352,0.64026326,0.58721465,7.1,39.35799,17.0,-0.4255773,7.4,5.3333335,0.0,2.0,2.0,9.839498,50.802513,105.92722,0.30790427,3.0,2.0,,-1.175,1.757,-0.787,-0.77763635,0.0,,0.5,0.0
P21817 2431 D Y,1.0,0.113424875,16.59436,0.0040518125,0.00878345,0.0011918772,0.23774399,0.0011927352,0.6427031,0.6031938,10.9,39.35799,12.0,-0.40328467,4.4,6.6666665,0.0,3.0,-1.0,9.839498,50.802513,105.92722,0.28910986,8.0,4.0,,-1.139,2.984,-0.895,-0.7615,-3.0,,-6.8,-1.0
P21817 2434 G R,1.0,0.13169542,16.673723,0.0039868127,0.008755704,0.0011918772,0.23462324,0.0011927352,0.63912845,0.639756,0.4,39.35799,11.0,-0.485742,3.8,8.333333,0.0,2.0,3.0,9.839498,50.802513,105.92722,0.27333835,7.0,7.0,,-0.921,2.747,-0.881,-0.8677273,-2.0,,1.5,1.0
P21817 2435 R H,1.0,0.13651839,16.343117,0.003504961,0.008692235,0.0011918772,0.21476395,0.0011927352,0.62755334,0.6214149,13.7,39.35799,18.0,-0.4441771,3.0,6.0,0.0,6.0,-2.0,9.839498,50.802513,105.92722,0.26990125,6.0,-1.0,,-1.398,2.568,-0.894,-0.8506,0.0,,-0.1,0.0
P21817 2435 R L,1.0,0.13651839,16.343117,0.003504961,0.008692235,0.0011918772,0.21476395,0.0011927352,0.62755334,0.6214149,13.7,39.35799,18.0,-0.4441771,3.0,6.0,0.0,6.0,-2.0,9.839498,50.802513,105.92722,0.26990125,4.0,-3.0,,-1.398,1.696,-0.894,-0.8506,-2.0,,-5.6,-1.0
P21817 2437 A V,1.0,0.12539719,16.232391,0.003774467,0.008661884,0.0011918772,0.22548798,0.0011927352,0.6222764,0.58523244,1.2,39.35799,5.0,-0.5489312,2.6,3.0,0.0,1.0,0.0,9.839498,50.802513,105.92722,0.26155472,3.0,2.0,,-1.175,1.639,-0.863,-0.86472726,0.0,,-2.2,0.0
P21817 2452 R W,1.0,0.36172265,13.090363,0.0042063543,0.008376819,0.0011918772,0.24353155,0.0011927352,0.59430325,0.35293412,57.9,39.35799,18.0,-0.85999745,5.2,6.0,0.0,2.0,0.0,9.839498,50.802513,105.92722,0.3160984,10.0,3.0,,-1.398,3.66,-0.894,-0.732625,-3.0,,-5.1,-1.0
P21817 2454 R C,1.0,0.27451202,14.806445,0.004168643,0.008526203,0.0011918772,0.24239673,0.0011927352,0.60548115,0.48057428,20.0,39.35799,28.0,-0.61051047,6.2,9.0,0.0,3.0,0.0,9.839498,50.802513,105.92722,0.33438835,2.0,-5.0,,-1.398,3.425,-0.852,-0.7891,-3.0,,-5.0,-1.0
P21817 2454 R H,1.0,0.27451202,14.806445,0.004168643,0.008526203,0.0011918772,0.24239673,0.0011927352,0.60548115,0.48057428,20.0,39.35799,28.0,-0.61051047,6.2,9.0,0.0,3.0,-1.0,9.839498,50.802513,105.92722,0.33438835,6.0,-1.0,,-1.398,2.568,-0.852,-0.7891,0.0,,-0.1,0.0
P21817 2458 R C,1.0,0.31241488,14.527016,0.0043756473,0.008540682,0.0011918772,0.2511348,0.0011927352,0.60684294,0.46957308,26.7,39.35799,31.0,-0.58358836,11.0,15.666667,0.0,1.0,1.0,9.839498,50.802513,105.92722,0.4060896,2.0,-5.0,,-1.398,3.425,-0.894,-0.7074,-3.0,,-5.0,-1.0
P21817 2458 R H,1.0,0.31241488,14.527016,0.0043756473,0.008540682,0.0011918772,0.2511348,0.0011927352,0.60684294,0.46957308,26.7,39.35799,31.0,-0.58358836,11.0,15.666667,0.0,1.0,1.0,9.839498,50.802513,105.92722,0.4060896,6.0,-1.0,,-1.398,2.568,-0.894,-0.7074,0.0,,-0.1,0.0
P21817 2508 R C,1.0,0.26146165,16.335958,0.004372628,0.008814726,0.0011918772,0.25107807,0.0011927352,0.64622104,0.5806394,15.1,39.35799,28.0,-0.41723344,3.4,8.333333,0.0,3.0,-1.0,9.839498,50.802513,105.92722,0.2768528,2.0,-5.0,,-1.398,3.425,-0.894,-0.78955555,-3.0,,-5.0,-1.0
P21817 2508 R H,1.0,0.26146165,16.335958,0.004372628,0.008814726,0.0011918772,0.25107807,0.0011927352,0.64622104,0.5806394,15.1,39.35799,28.0,-0.41723344,3.4,8.333333,0.0,3.0,-2.0,9.839498,50.802513,105.92722,0.2768528,6.0,-1.0,,-1.398,2.568,-0.894,-0.78955555,0.0,,-0.1,0.0
P21817 2676 R W,1.0,0.7480141,16.35236,0.008535866,0.009813078,0.0011918772,0.60752386,0.0011927352,0.77797323,0.53446984,12.5,39.35799,29.0,0.9215259,7.4,10.0,0.0,2.0,0.0,9.839498,50.802513,105.92722,0.32056126,10.0,3.0,,-1.511,3.622,-0.584,-0.6175,-3.0,,-5.1,-1.0
P21817 2880 E K,1.0,0.8991716,15.8006525,0.009482395,0.010014382,0.0011918772,0.7184521,0.0011927352,0.81786203,0.27407885,14.6,39.35799,13.0,1.0541729,8.4,8.0,0.0,1.0,0.0,9.839498,50.802513,105.92722,0.5644564,5.0,0.0,0.9478175,-2.14,-0.453,-0.705,-0.4402,1.0,0.10869565,-1.0,0.0
P21817 3104 E K,1.0,0.8131525,13.6214285,0.010442089,0.009670569,0.0011918772,0.83965045,0.0011927352,0.7418861,0.1678697,23.5,39.35799,37.0,1.522032,9.6,17.666666,0.0,3.0,-1.0,9.839498,50.802513,105.92722,0.43496025,5.0,0.0,,-1.255,1.487,-0.553,-0.34577778,1.0,,-1.0,0.0
P21817 3772 R Q,1.0,0.054187473,15.368676,0.0017101627,0.0059266654,0.0011918772,0.1546187,0.0011927352,0.3577508,0.5005432,15.8,39.35799,31.0,-0.9121156,7.2,12.0,0.0,3.0,-3.0,9.839498,50.802513,105.92722,0.51080763,5.0,-2.0,,-1.398,1.787,-0.893,-0.5317778,1.0,,0.0,-1.0
P21817 3806 G R,1.0,0.3115638,15.1736965,0.0009038974,0.005303282,0.0011918772,0.11768044,0.0011927352,0.30231503,0.53251165,44.9,39.35799,26.0,-1.2281033,8.8,10.333333,0.0,0.0,0.0,9.839498,50.802513,105.92722,0.37595934,7.0,7.0,,-0.921,2.747,-0.663,-0.7638,-2.0,,1.5,1.0
P21817 3903 R Q,1.0,0.050329097,15.670812,0.00047967047,0.0054285433,0.0011918772,0.087437585,0.0011927352,0.31133682,0.4809748,22.9,39.35799,14.0,-1.750644,5.8,9.0,0.0,1.0,-1.0,9.839498,50.802513,105.92722,0.3319889,5.0,-2.0,0.88039494,-1.398,1.787,-0.892,-0.7708182,1.0,0.1092437,0.0,-1.0
P21817 3990 G V,1.0,0.08539492,15.4991665,0.00021781864,0.0052482574,0.0011918772,0.05123695,0.0011927352,0.2976623,0.4478525,14.9,39.35799,31.0,-1.4711242,8.6,14.666667,0.0,2.0,0.0,9.839498,50.802513,105.92722,0.32234383,3.0,3.0,2.365724,-0.921,2.568,-0.878,-0.8328889,-3.0,0.9831933,-3.1,0.0
P21817 4178 G V,1.0,0.12324104,15.36739,0.00015092436,0.00363959,0.0011918772,0.03217204,0.0011927352,0.22021107,0.51245016,3.3,39.35799,29.0,-1.5234615,4.8,11.666667,0.0,1.0,0.0,9.839498,50.802513,105.92722,0.260004,3.0,3.0,,-0.921,2.568,-0.878,-0.6028889,-3.0,,-3.1,0.0
P21817 4234 V L,1.0,0.24256696,15.881647,0.0002688959,0.0028367997,0.0011918772,0.062812075,0.0011927352,0.19133,0.49689153,2.7,39.35799,33.0,-1.3434495,5.6,11.0,0.0,3.0,0.0,9.839498,50.802513,105.92722,0.27640408,4.0,1.0,,-1.376,1.037,-0.738,-0.6383333,1.0,,-1.0,0.0
P21817 4737 R W,1.0,0.19098955,12.078774,0.0018809898,0.0017110638,0.0011918772,0.15819338,0.0011927352,0.15444848,0.13520682,52.6,39.35799,26.0,-0.8023714,8.0,11.666667,0.0,0.0,0.0,9.839498,50.802513,105.92722,0.36761075,10.0,3.0,,-1.398,3.66,-0.687,-0.487125,-3.0,,-5.1,-1.0
P21817 4737 R Q,1.0,0.19098955,12.078774,0.0018809898,0.0017110638,0.0011918772,0.15819338,0.0011927352,0.15444848,0.13520682,52.6,39.35799,26.0,-0.8023714,8.0,11.666667,0.0,0.0,0.0,9.839498,50.802513,105.92722,0.36761075,5.0,-2.0,,-1.398,1.787,-0.687,-0.487125,1.0,,0.0,-1.0
P21817 4824 L P,1.0,0.04215842,10.954079,2.821492e-05,0.00056568976,0.0011918772,0.006468452,0.0011927352,0.09367907,0.16041195,37.6,39.35799,13.0,-0.7752115,8.4,11.0,0.0,1.0,0.0,9.839498,50.802513,105.92722,0.36562914,3.0,-1.0,1.8045032,-1.366,2.619,-0.876,-0.833,-3.0,0.42162162,3.1,0.0
P21817 4826 T I,1.0,0.036257375,12.158442,8.371302e-05,0.00066142215,0.0011918772,0.018781208,0.0011927352,0.10394916,0.1759348,10.2,39.35799,21.0,-0.92837834,6.4,11.666667,0.0,4.0,-1.0,9.839498,50.802513,105.92722,0.36371234,4.0,1.0,2.3966665,-1.245,2.051,-0.896,-0.8488,-1.0,0.73513514,-3.4,0.0
P21817 4833 H Y,1.0,0.12698592,12.255718,0.00017240128,0.0005474516,0.0011918772,0.036938265,0.0011927352,0.09186337,0.15749706,60.3,39.35799,27.0,-1.0011044,7.2,9.0,0.0,1.0,1.0,9.839498,50.802513,105.92722,0.3714727,8.0,2.0,2.4977772,-1.433,1.565,-0.893,-0.8707143,2.0,0.6972973,-4.2,-1.0
P21817 4838 L V,1.0,0.016965501,12.556563,0.00028787003,0.0002904739,0.0011918772,0.06661371,0.0011927352,0.06820245,0.103624575,24.5,39.35799,14.0,-0.7373729,4.4,5.6666665,0.0,2.0,0.0,9.839498,50.802513,105.92722,0.37929633,3.0,-1.0,1.4335366,-1.208,1.381,-0.8,-0.7359,1.0,0.10810811,1.0,0.0
P21817 4849 V I,1.0,0.016000908,13.142534,0.00035058122,6.162034e-05,0.0011918772,0.07671357,0.0011927352,0.016057648,0.04156631,1.6,39.35799,28.0,-0.361304,5.0,8.666667,0.0,3.0,0.0,9.839498,50.802513,105.92722,0.32958984,4.0,1.0,2.001993,-1.304,1.092,-0.853,-0.80939996,3.0,0.46486485,-0.7,0.0
P21817 4861 R H,1.0,0.057875626,12.189273,0.00034441167,2.0804046e-05,0.0011918772,0.07597594,0.0011927352,0.0059010442,0.016674967,40.7,39.35799,21.0,0.10082137,6.2,6.6666665,0.0,1.0,0.0,9.839498,50.802513,105.92722,0.3630137,6.0,-1.0,1.8986992,-1.398,2.568,-0.789,-0.8083,0.0,0.56216216,-0.1,0.0
P21817 4876 K R,1.0,0.03370404,11.645498,0.00033011162,2.8431048e-05,0.0011918772,0.07427372,0.0011927352,0.008000454,0.018903945,29.4,39.35799,16.0,0.05136933,1.4,3.0,0.0,2.0,0.0,9.839498,50.802513,105.92722,0.542721,7.0,2.0,2.495856,-1.265,1.503,-0.773,-0.71163636,2.0,0.4864865,-0.8,0.0
P21817 4938 I T,1.0,0.005333636,13.155108,8.906045e-05,0.00052028295,0.0011918772,0.020086246,0.0011927352,0.0898207,0.1348996,56.5,39.35799,13.0,-0.8599787,3.4,6.0,0.0,2.0,1.0,9.839498,50.802513,105.92722,0.40892407,3.0,-1.0,2.362787,-1.436,1.721,-0.854,-0.837625,-1.0,0.96756756,3.4,0.0
P21817 4973 P L,1.0,0.79108036,10.625956,0.00018471738,0.0031886525,0.0011918772,0.04153427,0.0011927352,0.20534499,0.074732594,78.7,39.35799,17.0,-1.7416658,9.2,9.666667,0.0,0.0,0.0,9.839498,50.802513,105.92722,0.4097789,4.0,1.0,,-1.115,2.204,-0.738,-0.666,-3.0,,-3.1,0.0
P21817 933 A T,0.0,0.8950862,13.203048,0.006983787,0.011948259,0.0011918772,0.51378804,0.0011927352,0.98587155,0.14784147,49.2,39.35799,12.0,1.4368228,12.6,12.666667,0.0,1.0,1.0,9.839498,50.802513,105.92722,0.46341792,3.0,2.0,2.0713363,-1.358,1.858,-0.756,-0.382875,0.0,0.84782606,0.5,0.0
P21817 1667 R C,0.0,0.118985474,15.709601,0.005224746,0.009882646,0.0011918772,0.29522243,0.0011927352,0.7904562,0.5962721,41.7,39.35799,23.0,-0.23270835,13.2,13.666667,0.0,2.0,1.0,9.839498,50.802513,105.92722,0.34392044,2.0,-5.0,1.9410796,-1.905,0.964,0.653,-0.26666668,-3.0,0.9827957,-5.0,-1.0
P21817 1773 P S,0.0,0.26719245,14.884235,0.00326979,0.009306158,0.0011918772,0.20767136,0.0011927352,0.69558555,0.48978066,3.5,39.35799,31.0,0.06068723,8.8,12.333333,0.0,0.0,0.0,9.839498,50.802513,105.92722,0.57690626,2.0,-1.0,0.16763188,-1.589,0.298,-0.74,-0.19428572,-1.0,0.08172043,1.2,0.0
P21817 2321 I V,0.0,0.72100544,14.070163,0.0038377168,0.00871994,0.0011918772,0.22770086,0.0011927352,0.63339764,0.32982802,33.2,39.35799,22.0,-0.42392883,7.4,11.0,0.0,0.0,0.0,9.839498,50.802513,105.92722,0.26444474,3.0,-1.0,1.3717752,-1.436,0.703,-0.441,-0.6896,3.0,0.2,0.7,0.0
P21817 2787 T S,0.0,0.98161596,11.191282,0.009967871,0.009767976,0.0011918772,0.8073082,0.0011927352,0.7636178,0.06124713,10.7,39.35799,31.0,0.85842764,11.8,14.666667,0.0,3.0,-1.0,9.839498,50.802513,105.92722,0.52727956,2.0,-1.0,2.3603761,-1.398,0.517,0.345,0.43969232,1.0,0.5543478,0.6,0.0
P21817 3583 E Q,0.0,0.8891852,11.357657,0.011253337,0.00799417,0.0011918772,0.95960057,0.0011927352,0.57557875,0.05858162,79.6,39.35799,42.0,0.57178366,8.0,13.0,0.0,1.0,0.0,9.839498,50.802513,105.92722,0.4903414,5.0,0.0,,-1.912,1.522,1.67,0.7448,2.0,,-1.8,-1.0
P21817 1832 G A,0.0,0.24358828,15.603199,0.0051760646,0.009984961,0.0011918772,0.29210168,0.0011927352,0.8089537,0.49800205,79.8,39.35799,45.0,-0.06859872,11.0,20.333334,0.0,0.0,0.0,9.839498,50.802513,105.92722,0.454493,1.0,1.0,0.13329422,-0.763,1.945,-0.787,-0.328125,0.0,0.068817206,-0.9,0.0
P21817 2550 L V,0.0,0.4154562,15.898907,0.005245651,0.009092457,0.0011918772,0.29760554,0.0011927352,0.6721516,0.48632944,7.3,39.35799,28.0,0.09162774,2.2,7.0,0.0,2.0,0.0,9.839498,50.802513,105.92722,0.3754449,3.0,-1.0,,-1.318,1.347,-0.245,-0.6991,1.0,,1.0,0.0
P21817 140 A T,0.0,0.5127099,13.6062975,0.0071285777,0.00517948,0.0011918772,0.5464707,0.0011927352,0.29232866,0.15673032,35.8,39.35799,22.0,-1.1316196,15.6,17.666666,0.0,1.0,0.0,9.839498,50.802513,105.92722,0.4254506,3.0,2.0,1.9691777,-1.634,0.464,0.358,-0.18816666,0.0,0.6911765,0.5,0.0
P21817 816 P L,0.0,0.6824784,13.852452,0.0066708457,0.011469523,0.0011918772,0.46504766,0.0011927352,0.9774739,0.30239138,35.8,39.35799,27.0,1.3887877,13.4,17.666666,0.0,0.0,0.0,9.839498,50.802513,105.92722,0.49945033,4.0,1.0,,-1.066,2.058,-0.861,-0.321875,-3.0,,-3.1,0.0
P21817 1075 R Q,0.0,0.3104857,17.051226,0.006715478,0.011026473,0.0011918772,0.4694167,0.0011927352,0.90660465,0.68941516,1.1,39.35799,14.0,0.24579465,8.6,9.666667,0.0,5.0,-3.0,9.839498,50.802513,105.92722,0.4075141,5.0,-2.0,,-1.101,2.204,-0.724,-0.28745455,1.0,,0.0,-1.0
P21817 1571 I V,0.0,0.52774626,15.006138,0.006453058,0.0107159,0.0011918772,0.42459145,0.0011927352,0.862517,0.2850408,17.8,39.35799,23.0,0.43183434,11.0,11.666667,0.0,2.0,0.0,9.839498,50.802513,105.92722,0.48212823,3.0,-1.0,,-1.842,0.026,0.276,0.2250909,3.0,,0.7,0.0
P21817 1679 R H,0.0,0.29664093,16.047625,0.005016551,0.009933434,0.0011918772,0.28149116,0.0011927352,0.79913753,0.65721565,44.3,39.35799,30.0,0.08912366,14.2,18.666666,0.0,0.0,0.0,9.839498,50.802513,105.92722,0.29290086,6.0,-1.0,0.5068605,-1.101,2.985,-0.63,-0.35285714,0.0,0.24301076,-0.1,0.0
P21817 2224 R C,0.0,0.91693145,12.291832,0.00089905993,0.009100774,0.0011918772,0.11733999,0.0011927352,0.6731162,0.30017135,25.7,39.35799,17.0,-0.3544011,4.4,5.3333335,0.0,0.0,0.0,9.839498,50.802513,105.92722,0.31935927,2.0,-5.0,2.653917,-1.797,2.708,0.18,-0.63566667,-3.0,0.49333334,-5.0,-1.0
P21817 2342 N S,0.0,0.5887426,13.455611,0.0027390157,0.00864925,0.0011918772,0.18503177,0.0011927352,0.6202338,0.40580943,61.3,39.35799,24.0,-0.3283111,6.0,12.0,0.0,1.0,0.0,9.839498,50.802513,105.92722,0.22428386,2.0,-2.0,1.8818266,-2.238,1.022,-0.864,-0.6832,1.0,0.4488889,-2.4,0.0
P21817 2606 C S,0.0,0.42623696,15.648367,0.0061213933,0.009297858,0.0011918772,0.3705742,0.0011927352,0.6945075,0.39258477,3.2,39.35799,38.0,0.14962642,6.6,14.333333,0.0,4.0,-1.0,9.839498,50.802513,105.92722,0.32878467,2.0,0.0,,-1.412,1.709,-0.646,-0.3930909,-1.0,,3.7,0.0
P21817 2776 S F,0.0,0.9728779,11.716711,0.009962645,0.009751026,0.0011918772,0.8059464,0.0011927352,0.7593055,0.066352874,50.8,39.35799,38.0,0.9212149,5.2,10.333333,0.0,1.0,0.0,9.839498,50.802513,105.92722,0.34071657,7.0,5.0,2.0927796,-1.667,2.211,0.262,-0.0648,-2.0,0.23913044,-4.0,0.0
P21817 3366 R H,0.0,0.7406378,14.180068,0.011238143,0.008649195,0.0011918772,0.9557422,0.0011927352,0.62017703,0.122207224,25.5,39.35799,15.0,0.55219156,4.6,3.6666667,0.0,2.0,1.0,9.839498,50.802513,105.92722,0.42083865,6.0,-1.0,,-1.926,2.414,0.162,-0.2911,0.0,,-0.1,0.0
P21817 3367 K R,0.0,0.8144008,13.1550255,0.011239914,0.008690933,0.0011918772,0.95630956,0.0011927352,0.6272129,0.10610993,65.2,39.35799,13.0,0.6033333,4.2,5.6666665,0.0,1.0,0.0,9.839498,50.802513,105.92722,0.43557078,7.0,2.0,,-1.394,0.576,-0.481,-0.09774999,2.0,,-0.8,0.0
P21817 3539 R H,0.0,0.820926,12.844735,0.01130856,0.00814737,0.0011918772,0.9720835,0.0011927352,0.5849977,0.06705424,3.3,39.35799,37.0,-0.07966159,10.6,17.666666,0.0,2.0,0.0,9.839498,50.802513,105.92722,0.39379317,6.0,-1.0,,-1.565,2.605,-0.478,0.12079999,0.0,,-0.1,0.0
P21817 4104 G R,0.0,0.6625057,11.98204,0.00074454834,0.0036766846,0.0011918772,0.10894235,0.0011927352,0.22134589,0.16214731,40.1,39.35799,35.0,-1.062478,11.4,16.0,0.0,1.0,1.0,9.839498,50.802513,105.92722,0.406204,7.0,7.0,,-1.919,1.771,0.285,-0.21883333,-2.0,,1.5,1.0
P21817 4136 R S,0.0,0.18151385,15.49327,0.00012618359,0.0044851196,0.0011918772,0.027859736,0.0011927352,0.25453925,0.4780367,23.6,39.35799,27.0,-1.2051661,9.0,13.0,0.0,2.0,1.0,9.839498,50.802513,105.92722,0.32336876,2.0,-5.0,,-1.77,1.321,-0.558,-0.794125,-1.0,,-1.3,-1.0
P21817 4723 R H,0.0,0.296187,14.888974,0.001708856,0.0016990058,0.0011918772,0.15450522,0.0011927352,0.15427826,0.30275983,25.9,39.35799,22.0,-0.9587813,9.2,9.0,0.0,1.0,0.0,9.839498,50.802513,105.92722,0.4234416,6.0,-1.0,,-1.398,2.568,-0.125,-0.2935714,0.0,,-0.1,0.0
P21817 893 G S,0.0,0.9920563,11.797864,0.007106037,0.012162009,0.0011918772,0.54266906,0.0011927352,0.99954605,0.04492594,21.2,39.35799,17.0,2.330865,12.8,14.666667,0.0,1.0,0.0,9.839498,50.802513,105.92722,0.36428607,2.0,2.0,0.57281077,-0.763,2.253,-0.397,0.5143333,0.0,0.04347826,0.2,0.0
P21817 1109 R K,0.0,0.71215385,14.804594,0.0067705074,0.011065231,0.0011918772,0.47809803,0.0011927352,0.9122787,0.47440666,48.7,39.35799,14.0,0.20718937,5.4,2.0,0.0,0.0,0.0,9.839498,50.802513,105.92722,0.43288168,5.0,-2.0,2.4233708,-1.933,0.244,1.145,0.4826,2.0,0.5597484,0.8,0.0
P21817 3647 H Q,0.0,0.17686109,15.682949,0.002741154,0.008857622,0.0011918772,0.18531547,0.0011927352,0.65121424,0.4228112,15.0,39.35799,18.0,0.07446606,8.6,11.0,0.0,1.0,1.0,9.839498,50.802513,105.92722,0.36754522,5.0,-1.0,,-1.6,0.568,-0.692,-0.3045,0.0,,0.1,-1.0
P21817 3981 H Y,0.0,0.38481617,13.773711,0.00014989289,0.0052100527,0.0011918772,0.032001816,0.0011927352,0.2943713,0.345991,82.0,39.35799,29.0,-1.9115188,6.8,9.0,0.0,2.0,-1.0,9.839498,50.802513,105.92722,0.40001824,8.0,2.0,2.1181824,-1.433,1.565,-0.853,-0.826,2.0,0.7647059,-4.2,-1.0
P21817 851 V M,0.0,0.6040626,15.713031,0.0066941055,0.011482286,0.0011918772,0.4674875,0.0011927352,0.97764415,0.37470412,17.4,39.35799,28.0,1.291489,16.6,18.0,0.0,1.0,0.0,9.839498,50.802513,105.92722,0.550589,4.0,1.0,2.3420813,-2.215,2.102,0.034,-0.2771,1.0,0.9347826,-0.2,0.0
P21817 27 V M,0.0,0.74580115,12.757711,0.007117267,0.00557834,0.0011918772,0.5442578,0.0011927352,0.32319564,0.07649344,17.0,39.35799,6.0,-1.1962705,5.8,3.3333333,0.0,1.0,0.0,9.839498,50.802513,105.92722,0.34891877,4.0,1.0,2.396365,-1.878,2.274,1.76,0.033714283,1.0,0.46078432,-0.2,0.0
P21817 114 R H,0.0,0.33102587,15.326829,0.0070503834,0.0055109696,0.0011918772,0.5275193,0.0011927352,0.31695417,0.31430072,38.9,39.35799,9.0,-1.3160635,6.6,5.3333335,0.0,1.0,1.0,9.839498,50.802513,105.92722,0.41924703,6.0,-1.0,1.8480068,-2.483,1.982,1.144,-0.17157143,0.0,0.2990196,-0.1,0.0
P21817 370 V L,0.0,0.86682934,12.429233,0.006763395,0.006487161,0.0011918772,0.47645256,0.0011927352,0.43667725,0.12385023,65.5,39.35799,29.0,-1.1299787,17.4,19.0,0.0,0.0,0.0,9.839498,50.802513,105.92722,0.43317476,4.0,1.0,1.569452,-2.617,-0.287,1.298,0.299,1.0,0.18888889,-1.0,0.0
P21817 440 V I,0.0,0.3078189,16.003021,0.006400858,0.0069298795,0.0011918772,0.4098956,0.0011927352,0.50788695,0.3712991,0.9,39.35799,25.0,-0.7957403,6.6,9.666667,0.0,3.0,0.0,9.839498,50.802513,105.92722,0.4575521,4.0,1.0,,-1.514,0.674,-0.102,0.18533333,3.0,,-0.7,0.0
P21817 751 V M,0.0,0.6286314,13.401682,0.0064800163,0.011175172,0.0011918772,0.43344304,0.0011927352,0.9460395,0.2999881,57.5,39.35799,34.0,1.2963834,14.6,18.333334,0.0,1.0,0.0,9.839498,50.802513,105.92722,0.4244855,4.0,1.0,2.3713086,-1.615,2.598,0.197,-0.39171427,1.0,0.6415094,-0.2,0.0
P21817 1061 Q R,0.0,0.95381296,12.004419,0.006805678,0.011400883,0.0011918772,0.48547435,0.0011927352,0.9750908,0.052462794,67.3,39.35799,8.0,0.7744535,2.0,2.3333333,0.0,0.0,1.0,9.839498,50.802513,105.92722,0.6844454,7.0,2.0,,-2.924,0.926,2.973,2.47975,1.0,,0.0,1.0
P21817 2252 D E,0.0,0.54505223,14.855139,0.0009476596,0.008860972,0.0011918772,0.119723104,0.0011927352,0.6515547,0.53279024,79.1,39.35799,13.0,-0.6521744,5.8,9.333333,0.0,0.0,0.0,9.839498,50.802513,105.92722,0.48131,5.0,1.0,2.0160937,-1.306,0.507,-0.591,-0.6983333,2.0,0.45333335,-0.7,0.0
P21817 2558 V M,0.0,0.31445757,16.369926,0.0053976635,0.009117948,0.0011918772,0.3098048,0.0011927352,0.6758965,0.57364553,0.9,39.35799,27.0,-0.03347317,5.6,10.666667,0.0,1.0,0.0,9.839498,50.802513,105.92722,0.41552383,4.0,1.0,,-1.429,2.331,-0.558,-0.54236364,1.0,,-0.2,0.0
P21817 3028 G S,0.0,0.91097367,12.591123,0.009673436,0.00984405,0.0011918772,0.7440422,0.0011927352,0.78483886,0.2740533,47.2,39.35799,27.0,0.8463405,6.0,11.333333,0.0,0.0,0.0,9.839498,50.802513,105.92722,0.5442496,2.0,2.0,,-1.15,0.826,0.036,0.054999996,0.0,,0.2,0.0
P21817 3234 N S,0.0,0.97548795,11.812404,0.010813521,0.009525743,0.0011918772,0.8810145,0.0011927352,0.72253746,0.111779705,88.8,39.35799,21.0,1.9462837,4.6,4.3333335,0.0,1.0,0.0,9.839498,50.802513,105.92722,0.42285198,2.0,-2.0,,-2.034,0.228,1.624,0.2845,1.0,,-2.4,0.0
P21817 3342 A V,0.0,0.7042669,15.443943,0.010982935,0.009050573,0.0011918772,0.8995688,0.0011927352,0.66880393,0.24764541,0.1,39.35799,13.0,0.9162453,3.6,5.6666665,0.0,1.0,0.0,9.839498,50.802513,105.92722,0.49172068,3.0,2.0,,-1.337,1.553,-0.279,-0.56622225,0.0,,-2.2,0.0
P21817 3815 M L,0.0,0.0741035,15.91904,0.0011432793,0.005653947,0.0011918772,0.13073082,0.0011927352,0.33165002,0.5652193,4.0,39.35799,14.0,-1.320233,6.0,7.6666665,0.0,2.0,0.0,9.839498,50.802513,105.92722,0.3556432,4.0,0.0,,-1.71,0.484,-0.856,-0.5535,2.0,,-0.8,0.0
P21817 4034 V M,0.0,0.45171356,15.272611,5.6891397e-05,0.004781906,0.0011918772,0.013163867,0.0011927352,0.26577395,0.3682272,49.5,39.35799,26.0,-2.0755033,8.0,14.0,0.0,1.0,0.0,9.839498,50.802513,105.92722,0.34831175,4.0,1.0,,-1.376,2.465,-0.381,-0.84650004,1.0,,-0.2,0.0
P21817 4063 M V,0.0,0.2493191,15.836421,0.00029302354,0.0043500406,0.0011918772,0.0675783,0.0011927352,0.25073764,0.34283128,5.4,39.35799,28.0,-1.1843647,9.0,11.0,0.0,2.0,0.0,9.839498,50.802513,105.92722,0.35899216,3.0,-1.0,,-1.71,0.879,-0.774,-0.763375,1.0,,0.2,0.0
P21817 4084 R H,0.0,0.8199614,10.828282,0.0006117123,0.0038441303,0.0011918772,0.09992056,0.0011927352,0.22787109,0.1150881,54.5,39.35799,28.0,-0.49761403,9.4,11.666667,0.0,4.0,-2.0,9.839498,50.802513,105.92722,0.47617835,6.0,-1.0,,-1.715,2.432,-0.271,0.36975002,0.0,,-0.1,0.0
P21817 4753 A T,0.0,0.2594757,13.579583,0.0014745508,0.0035282641,0.0011918772,0.14389469,0.0011927352,0.216069,0.255875,32.7,39.35799,21.0,-0.8728606,5.0,6.3333335,0.0,1.0,1.0,9.839498,50.802513,105.92722,0.5657961,3.0,2.0,,-1.829,1.323,0.435,-0.10474999,0.0,,0.5,0.0
P21817 4868 E K,0.0,0.66681796,9.171433,0.00031356644,8.663023e-06,0.0011918772,0.070982754,0.0011927352,0.0023831138,0.012589157,93.2,39.35799,4.0,0.2510019,0.6,1.0,0.0,0.0,0.0,9.839498,50.802513,105.92722,0.52222,5.0,0.0,2.7130246,-1.255,1.487,-0.388,-0.3368,1.0,0.1891892,-1.0,0.0
P21817 160 E G,,0.5018157,12.772951,0.0071389917,0.0051184413,0.0011918772,0.5472651,0.0011927352,0.28761914,0.07874454,35.0,39.35799,19.0,-1.5499572,7.6,9.0,0.0,2.0,-1.0,9.839498,50.802513,105.92722,0.50671035,0.0,-5.0,1.0083153,-1.141,2.006,-0.872,-0.7465714,-2.0,0.32843137,-3.3,-1.0
P21817 214 T M,,0.3777803,16.180387,0.0068827393,0.006131221,0.0011918772,0.49994326,0.0011927352,0.37176576,0.30670828,0.0,39.35799,20.0,-1.7947457,16.6,17.0,0.0,3.0,0.0,9.839498,50.802513,105.92722,0.23673667,4.0,1.0,1.714082,-1.961,2.272,0.113,-0.279,-1.0,0.2888889,-2.9,0.0
P21817 539 F V,,0.39695868,15.603992,0.005774893,0.008475626,0.0011918772,0.34475714,0.0011927352,0.6007149,0.4919829,1.7,39.35799,1.0,-0.6526004,2.2,0.33333334,0.0,1.0,0.0,9.839498,50.802513,105.92722,0.23842809,3.0,-4.0,1.6105226,-1.07,2.089,-0.854,-0.417,-1.0,0.7511111,0.7,0.0
P21817 1056 D H,,0.95358604,12.406982,0.006930609,0.011782647,0.0011918772,0.50675213,0.0011927352,0.9824671,0.0796219,77.8,39.35799,11.0,1.1461204,5.8,6.3333335,0.0,0.0,0.0,9.839498,50.802513,105.92722,0.61380744,6.0,2.0,,-1.363,2.963,-0.422,-0.285,-1.0,,-2.6,0.0
P21817 1588 P L,,0.44916025,15.8583145,0.0064164866,0.010657962,0.0011918772,0.41347027,0.0011927352,0.85922605,0.35129613,33.3,39.35799,27.0,0.110063635,12.2,14.333333,0.0,0.0,0.0,9.839498,50.802513,105.92722,0.6728025,4.0,1.0,,-1.059,2.374,-0.672,0.060000002,-3.0,,-3.1,0.0
P21817 1675 L P,,0.12993646,16.363941,0.0045772777,0.009680803,0.0011918772,0.25794372,0.0011927352,0.74381524,0.72147846,14.7,39.35799,19.0,-0.2243453,8.8,8.0,0.0,0.0,0.0,9.839498,50.802513,105.92722,0.30228844,3.0,-1.0,0.92534536,-0.972,2.988,0.048,-0.491125,-3.0,0.59569895,3.1,0.0
P21817 2237 C Y,,0.1361212,15.5424,0.00023703082,0.0089493925,0.0011918772,0.05623014,0.0011927352,0.6615411,0.5681065,20.4,39.35799,35.0,-0.26125956,8.6,14.333333,0.0,3.0,0.0,9.839498,50.802513,105.92722,0.2508563,8.0,6.0,2.0750804,-1.412,2.486,-0.8,-0.8081818,-2.0,0.9688889,0.7,0.0
P21817 2362 E K,,0.29851338,14.567255,0.0038179439,0.008497497,0.0011918772,0.2269065,0.0011927352,0.60264415,0.42593062,26.2,39.35799,28.0,-0.794953,11.4,15.333333,0.0,1.0,0.0,9.839498,50.802513,105.92722,0.30979365,5.0,0.0,1.1046256,-2.096,1.04,-0.846,-0.750125,1.0,0.13333334,-1.0,0.0
P21817 2363 C W,,0.22741716,16.162537,0.0036240807,0.008543445,0.0011918772,0.21998411,0.0011927352,0.6074671,0.5230008,1.3,39.35799,41.0,-0.71476793,8.6,16.666666,0.0,2.0,-1.0,9.839498,50.802513,105.92722,0.3146845,10.0,8.0,1.5576295,-2.401,2.668,-0.801,-0.75633335,-2.0,0.8088889,-0.1,0.0
P21817 2627 V M,,0.66619384,15.847755,0.0079091815,0.009691954,0.0011918772,0.57393324,0.0011927352,0.7466523,0.51262057,12.0,39.35799,22.0,0.7312356,8.4,10.666667,0.0,2.0,0.0,9.839498,50.802513,105.92722,0.341801,4.0,1.0,,-1.304,2.461,-0.681,-0.6396667,1.0,,-0.2,0.0
P21817 3051 R H,,0.8378348,14.545776,0.010123151,0.009765415,0.0011918772,0.8254085,0.0011927352,0.76276666,0.23304577,52.0,39.35799,44.0,1.4022917,12.6,18.333334,0.0,0.0,0.0,9.839498,50.802513,105.92722,0.3044492,6.0,-1.0,,-1.398,2.568,-0.244,0.12457143,0.0,,-0.1,0.0
P21817 3418 N D,,0.7211189,13.133589,0.011186386,0.00838293,0.0011918772,0.9464367,0.0011927352,0.5947004,0.19048244,49.6,39.35799,26.0,0.74892765,9.4,10.666667,0.0,1.0,0.0,9.839498,50.802513,105.92722,0.23596749,4.0,0.0,,-1.468,1.582,0.082,-0.48628572,1.0,,1.4,1.0
P21817 3986 D E,,0.22860871,15.227381,0.000103447106,0.005251491,0.0011918772,0.024058102,0.0011927352,0.29794598,0.42954642,40.0,39.35799,27.0,-1.6008531,6.6,9.666667,0.0,2.0,0.0,9.839498,50.802513,105.92722,0.33348882,5.0,1.0,1.5780394,-1.139,1.361,-0.893,-0.8264286,2.0,0.42857143,-0.7,0.0
P21817 4050 S Y,,0.1660236,13.684492,0.00013560515,0.0048682415,0.0011918772,0.029391738,0.0011927352,0.27161825,0.31597486,8.9,39.35799,22.0,-1.5928417,4.4,9.666667,0.0,2.0,0.0,9.839498,50.802513,105.92722,0.38744625,8.0,6.0,,-1.348,2.55,-0.867,-0.7224444,-2.0,,-3.0,0.0
P21817 4893 R Q,,0.025022697,11.70408,0.00014215194,7.206808e-05,0.0011918772,0.030640036,0.0011927352,0.018667726,0.049838923,62.1,39.35799,13.0,-0.29222295,3.0,7.0,0.0,0.0,0.0,9.839498,50.802513,105.92722,0.4160704,5.0,-2.0,2.2504094,-1.398,1.787,-0.89,-0.8523333,1.0,0.84864867,0.0,-1.0
