SAV_coords,PDB_coords,labels,GNM_Ventropy_full,GNM_rmsf_overall_full,GNM_Eigval1_full,GNM_Eigval2_full,GNM_SEall_full,GNM_SE20_full,GNM_Eigval5_1_full,GNM_rankV1_full,GNM_rankV2_full,GNM_V1_full,GNM_V2_full,GNM_displacement_full,GNM_co_rank_full,GNM_MC1_full,GNM_MC2_full,chain_length,Rg,SF1,SF2,SF3,loop_percent,helix_percent,sheet_percent,Lside,IDRs,dssp,Dcom,philic_percent,phobic_percent,ACR,polarity,charge,charge_pH7,SASA,SSbond,Hbond,AG1,AG3,AG5,consurf,ACNR,DELTA_Rg,deltaLside,DELTA_SASA,delta_phobic_percent,delta_philic_percent,DELTA_ACR,deltaPolarity,deltaCharge,DELTA_charge_pH7,DELTA_SSBond,DELTA_Hbond,wtPSIC,deltaPSIC,BLOSUM,entropy,ranked_MI,ANM_effectiveness_chain,ANM_sensitivity_chain,ANM_stiffness_chain
P21817 933 A T,7M6L A 934 A,0.0,7991.661029586723,0.729786787750042,0.001178748476959,0.001179463024628,0.8981564509735841,0.8866820420969501,0.6438603825976951,0.8340331366318651,0.8661484339536991,0.009618221345371,0.00988731338207,0.7790133162478701,0.892305946436677,8.159689308937264,8.382893889517662,17624,105.92879566947371,0.472924148696196,0.999930534933758,0.472957002685717,39.74126191556968,49.95460735360872,10.304130730821608,3,0.449813083904207,0.5,1.446184477322475,49.59714026327735,50.40285973672265,22.40609396277803,8.6,0,0.0,44.4,0,2.0,17,8.333333333333332,5.6,-0.88,-0.52825,0.0005312143425015,2,-4.800000000000004,-0.0056740807989115,0.0056740807989115,-0.000453926463912,0.5,0,0.0,0,1.0,-1.358,1.858,0.0,2.0951042,0.8369565,0.14784147,0.30863446,13.203048
P21817 1667 R C,7M6L A 1668 R,0.0,7991.661029586723,0.729786787750042,0.001178748476959,0.001179463024628,0.8981564509735841,0.8866820420969501,0.6438603825976951,0.5314911484339531,0.46192691783931,0.008125328518051,0.007668947589858,0.355685614021465,0.10848842487517,6.89318262281922,6.50206698279016,17624,105.9288753574156,0.472924148696196,0.999930534933758,0.472957002685717,39.74126191556968,49.95460735360872,10.304130730821608,2,0.334583887893451,0.5,-0.176922628691139,49.59146618247844,50.40853381752156,22.40501588742624,5.5,0,0.0,33.2,0,3.0,24,11.666666666666666,7.6,0.811,-0.1753333333333333,0.0006109022843929,-5,-8.5,0.0,0.0,-0.0015320018157041,-5.0,-1,-1.0,0,1.0,-1.905,0.964,-3.0,,,0.5962721,0.051817074,15.709601
P21817 1773 P S,7M6L A 1773 P,0.0,7991.661029586723,0.729786787750042,0.001178748476959,0.001179463024628,0.8981564509735841,0.8866820420969501,0.6438603825976951,0.529732183386291,0.35848842487517,0.008111820352362,0.005644649899945,0.405570777537244,0.25947571493418,6.88172287041875,4.78577944545868,17624,105.92879305245188,0.472924148696196,0.999930534933758,0.472957002685717,39.74126191556968,49.95460735360872,10.304130730821608,2,0.6030110810910441,0.5,0.070184178728968,49.59714026327735,50.40285973672265,22.40581025873809,9.2,0,0.0,4.0,0,0.0,19,11.0,9.8,-0.873,-0.0324285714285714,0.0005285973206667,-1,0.5,-0.0056740807989115,0.0056740807989115,-0.0007376305038562,1.1999999999999993,0,0.0,0,0.0,-1.589,0.298,-1.0,,,0.48978066,0.18848234,14.884235
P21817 2321 I V,7M6L A 2321 I,0.0,7991.661029586723,0.729786787750042,0.001178748476959,0.001179463024628,0.8981564509735841,0.8866820420969501,0.6438603825976951,0.8110531093962771,0.111495687698592,0.009443017177113,0.001344348056493,0.5945531791605071,0.7166364049024051,8.011053555268829,1.139796694277242,17624,105.92876002948908,0.472924148696196,0.999930534933758,0.472957002685717,39.74126191556968,49.95460735360872,10.304130730821608,3,0.290599346338081,1.0,-0.42725196446032,49.59146618247844,50.40853381752156,22.40552655469813,5.9,0,0.0,38.4,0,0.0,13,5.0,8.2,-0.465,-0.5982000000000001,0.0004955743578705,-1,5.199999999999996,0.0,0.0,-0.0010213345438039,0.7000000000000002,0,0.0,0,0.0,-1.436,0.703,3.0,1.2914354,0.16964285,0.32982802,0.26430896,14.070163
P21817 2787 T S,7M6L A 2787 T,0.0,7991.661029586723,0.729786787750042,0.001178748476959,0.001179463024628,0.8981564509735841,0.8866820420969501,0.6438603825976951,0.969984112573763,0.421697684975034,0.012039380495446,0.006948896676416,1.039296024102403,0.9812755333635952,10.21369760451546,5.891576532130405,17624,105.92877451812542,0.472924148696196,0.999930534933758,0.472957002685717,39.74126191556968,49.95460735360872,10.304130730821608,2,0.5335042288703541,0.0,0.8636522800891361,49.59146618247844,50.40853381752156,22.40512936904221,9.2,0,0.0,8.0,0,2.0,25,17.666666666666668,9.2,0.353,0.3806923076923076,0.0005100629942091,-1,-2.7,0.0,0.0,-0.0014185201997278,0.5999999999999996,0,0.0,0,-1.0,-1.398,0.517,1.0,2.338658,0.5869565,0.06124713,0.48989093,11.191282
P21817 3583 E Q,7M6L A 3583 E,0.0,7991.661029586723,0.729786787750042,0.001178748476959,0.001179463024628,0.8981564509735841,0.8866820420969501,0.6438603825976951,0.8969586926917841,0.6677258284157961,0.010683566216696,0.008677893503632,0.7664085599754971,0.8857240127099401,9.06348252025338,7.357495167231613,17624,105.92877784701894,0.472924148696196,0.999930534933758,0.472957002685717,39.74126191556968,49.95460735360872,10.304130730821608,5,0.479261927709398,1.0,0.569631677209372,49.59146618247844,50.40853381752156,22.405583295506126,10.5,0,0.0,78.2,0,1.0,7,5.0,2.2,1.097,0.5462,0.000513391887722,0,-1.3999999999999917,0.0,0.0,-0.0009645937358158,-1.8000000000000007,-1,1.0,0,0.0,-1.912,1.522,2.0,,,0.05858162,1.2108705,11.357657
P21817 1832 G A,7M6L A 1832 G,0.0,7991.661029586723,0.729786787750042,0.001178748476959,0.001179463024628,0.8981564509735841,0.8866820420969501,0.6438603825976951,0.553449841125737,0.458522469359963,0.008240489568119,0.007648765367587,0.398154637909706,0.236552428506581,6.990880352503808,6.484955617830118,17624,105.92878674996898,0.472924148696196,0.999930534933758,0.472957002685717,39.74126191556968,49.95460735360872,10.304130730821608,1,0.462849898319184,1.0,-0.062640526034608,49.59146618247844,50.40853381752156,22.40564003631412,8.1,0,0.0,73.7,0,0.0,6,5.666666666666667,4.8,-0.864,-0.51225,0.000522294837765,1,-6.099999999999994,0.0,0.0,-0.0009078529278241,-0.9000000000000004,0,0.0,0,0.0,-0.763,1.945,0.0,,,0.49800205,0.05328272,15.603199
P21817 2550 L V,7M6L A 2550 L,0.0,7991.661029586723,0.729786787750042,0.001178748476959,0.001179463024628,0.8981564509735841,0.8866820420969501,0.6438603825976951,0.8845891965501581,0.176520653654108,0.010165672135137,0.00259519270066,0.450553770853021,0.408193372673626,8.624123240744495,2.200317132856116,17624,105.92879217767788,0.472924148696196,0.999930534933758,0.472957002685717,39.74126191556968,49.95460735360872,10.304130730821608,3,0.353016906551026,0.5,0.104367261702014,49.59146618247844,50.40853381752156,22.40552655469813,5.9,0,0.0,10.6,0,2.0,27,7.666666666666667,3.4,-0.42,-0.692,0.0005277225466784,-1,3.3,0.0,0.0,-0.0010213345438039,1.0,0,0.0,0,0.0,-1.318,1.347,1.0,,,0.48632944,0.12081493,15.898907
P21817 140 A T,7M6L A 141 A,0.0,7991.661029586723,0.729786787750042,0.001178748476959,0.001179463024628,0.8981564509735841,0.8866820420969501,0.6438603825976951,0.20171357240127,0.569053563322741,0.003070505080905,0.008286464679205,0.478361913994133,0.507660009078529,2.604885724922268,7.025624802282797,17624,105.92875178286636,0.472924148696196,0.999930534933758,0.472957002685717,39.74126191556968,49.95460735360872,10.304130730821608,3,0.470607520763445,1.0,-1.147477617448911,49.59714026327735,50.40285973672265,22.40603722197004,8.6,0,0.0,29.8,0,1.0,17,5.0,4.4,0.188,-0.3648333333333333,0.0004873277351578,2,-5.9999999999999964,-0.0056740807989115,0.0056740807989115,-0.0005106672719001,0.5,0,0.0,0,0.0,-1.634,0.464,0.0,1.9841799,0.6502463,0.15673032,0.09801917,13.6062975
P21817 816 P L,7M6L A 817 P,0.0,7991.661029586723,0.729786787750042,0.001178748476959,0.001179463024628,0.8981564509735841,0.8866820420969501,0.6438603825976951,0.7919314571039491,0.812982296867907,0.009246234648047,0.009463858929649,0.569670050403549,0.6779959146618241,7.844111639404085,8.023870805640282,17624,105.92880848756155,0.472924148696196,0.999930534933758,0.472957002685717,39.74126191556968,49.95460735360872,10.304130730821608,4,0.4036577792813,1.0,1.399667827654717,49.59146618247844,50.40853381752156,22.405923740354066,4.9,0,0.0,30.5,0,0.0,21,11.333333333333334,7.6,-0.838,-0.24025,0.0005440324303549,1,-5.299999999999997,0.0,0.0,-0.0006241488878799,-3.1,0,0.0,0,0.0,-1.066,2.058,-3.0,,,0.30239138,0.2556096,13.852452
P21817 1075 R Q,7M6L A 1076 R,0.0,7991.661029586723,0.729786787750042,0.001178748476959,0.001179463024628,0.8981564509735841,0.8866820420969501,0.6438603825976951,0.693088969586926,0.805662732637312,0.008809656101429,0.009390851731182,0.417957437079515,0.302825692237857,7.47373699616903,7.961972130614632,17624,105.92880749206262,0.472924148696196,0.999930534933758,0.472957002685717,39.74126191556968,49.95460735360872,10.304130730821608,5,0.422238150536748,0.0,0.26302676403286,49.59146618247844,50.40853381752156,22.404675442578306,10.5,0,0.0,2.0,0,2.0,31,16.666666666666668,15.2,-0.727,-0.2837272727272728,0.0005430369314041,-2,0.8999999999999999,0.0,0.0,-0.0018724466636399,0.0,-1,-1.0,0,-3.0,-1.101,2.204,1.0,,,0.68941516,0.077530734,17.051226
P21817 1571 I V,7M6L A 1572 I,0.0,7991.661029586723,0.729786787750042,0.001178748476959,0.001179463024628,0.8981564509735841,0.8866820420969501,0.6438603825976951,0.6349863822060821,0.746652292328642,0.008583682241888,0.009060481084127,0.484463364660128,0.522866545619609,7.282030398910775,7.681869541421975,17624,105.92875295185928,0.472924148696196,0.999930534933758,0.472957002685717,39.74126191556968,49.95460735360872,10.304130730821608,3,0.510608559608282,0.0,0.424939042913326,49.59146618247844,50.40853381752156,22.40546981389015,5.9,0,0.0,12.4,0,2.0,30,18.0,12.4,0.451,0.1064545454545454,0.0004884967280531,-1,-5.4,0.0,0.0,-0.001078075351792,0.7000000000000002,0,0.0,0,0.0,-1.842,0.026,3.0,,,0.2850408,0.104694545,15.006138
P21817 1679 R H,7M6L A 1680 R,0.0,7991.661029586723,0.729786787750042,0.001178748476959,0.001179463024628,0.8981564509735841,0.8866820420969501,0.6438603825976951,0.5508397639582381,0.44728778937812,0.008231651353841,0.007482364262714,0.414562682513868,0.289151157512483,6.983382387967133,6.343873530983547,17624,105.92878672915585,0.472924148696196,0.999930534933758,0.472957002685717,39.74126191556968,49.95460735360872,10.304130730821608,6,0.299774261233495,0.5,0.099163952452799,49.59146618247844,50.40853381752156,22.405696777122103,10.4,1,0.0,52.0,0,0.0,14,11.333333333333334,9.0,-0.507,-0.3412857142857142,0.0005222740246182,-1,11.5,0.0,0.0,-0.000851112119836,-0.0999999999999996,0,-1.0,0,0.0,-1.101,2.985,0.0,,,0.65721565,0.12517424,16.047625
P21817 2224 R C,7M6L A 2224 R,0.0,7991.661029586723,0.729786787750042,0.001178748476959,0.001179463024628,0.8981564509735841,0.8866820420969501,0.6438603825976951,0.625737630503858,0.213231956423059,0.008546851411071,0.003310993564394,0.8249514165530021,0.9142646391284612,7.250784690826199,2.807204206708489,17624,105.9287152421169,0.472924148696196,0.999930534933758,0.472957002685717,39.74126191556968,49.95460735360872,10.304130730821608,2,0.317810235001574,1.0,-0.359418092774614,49.59146618247844,50.40853381752156,22.405583295506126,5.5,0,0.0,66.0,0,0.0,3,7.0,3.8,0.371,-0.887,0.0004507869856809,-5,1.7000000000000028,0.0,0.0,-0.0009645937358158,-5.0,-1,-1.0,0,0.0,-1.797,2.708,-3.0,2.6209104,0.5625,0.30017135,0.15545408,12.291832
P21817 2342 N S,7M6L A 2342 N,0.0,7991.661029586723,0.729786787750042,0.001178748476959,0.001179463024628,0.8981564509735841,0.8866820420969501,0.6438603825976951,0.755276895142986,0.025533363595097,0.00908674284472,0.000306023925403,0.5128872603082401,0.583522469359963,7.708805586888158,0.259460380709631,17624,105.92877486562088,0.472924148696196,0.999930534933758,0.472957002685717,39.74126191556968,49.95460735360872,10.304130730821608,2,0.250670696494096,1.0,-0.325616129294542,49.59146618247844,50.40853381752156,22.40501588742624,9.2,0,0.0,64.0,0,1.0,9,4.333333333333333,5.2,-0.841,-0.6824,0.0005104104896673,-2,2.700000000000003,0.0,0.0,-0.0015320018157041,-2.4000000000000004,0,0.0,0,0.0,-2.238,1.022,1.0,1.8099678,0.4107143,0.40580943,0.19013496,13.455611
P21817 2606 C S,7M6L A 2606 C,0.0,7991.661029586723,0.729786787750042,0.001178748476959,0.001179463024628,0.8981564509735841,0.8866820420969501,0.6438603825976951,0.894405356332274,0.216409441670449,0.01058964121853,0.003380402702021,0.453736825597543,0.418463458919655,8.983800552469527,2.866052289418999,17624,105.92877617920962,0.472924148696196,0.999930534933758,0.472957002685717,39.74126191556968,49.95460735360872,10.304130730821608,2,0.378380206340223,0.5,0.152568692889918,49.59146618247844,50.40853381752156,22.40541307308216,9.2,0,0.0,2.4,0,3.0,31,10.0,5.6,-0.716,-0.3586363636363636,0.0005117240784073,0,-0.8000000000000003,0.0,0.0,-0.0011348161597801,3.6999999999999993,0,0.0,0,0.0,-1.412,1.709,-1.0,,,0.39258477,0.051504176,15.648367
P21817 2776 S F,7M6L A 2776 S,0.0,7991.661029586723,0.729786787750042,0.001178748476959,0.001179463024628,0.8981564509735841,0.8866820420969501,0.6438603825976951,0.963969586926917,0.421584203359055,0.012021866212055,0.006948582730238,1.000270633826089,0.972934634589196,10.198839232493684,5.891310354919256,17624,105.92879521575348,0.472924148696196,0.999930534933758,0.472957002685717,39.74126191556968,49.95460735360872,10.304130730821608,7,0.298176188899067,0.0,0.9349443432160932,49.58579210167953,50.41420789832047,22.40586699954608,5.2,0,0.0,64.8,0,1.0,16,17.333333333333332,10.8,0.647,-0.2105999999999999,0.0005307606222686,5,14.0,0.0056740807989115,-0.0056740807989115,-0.0006808896958681,-3.999999999999999,0,0.0,0,0.0,-1.667,2.211,-2.0,2.0847695,0.25,0.066352874,0.52070814,11.716711
P21817 3366 R H,7M6L A 3366 R,0.0,7991.661029586723,0.729786787750042,0.001178748476959,0.001179463024628,0.8981564509735841,0.8866820420969501,0.6438603825976951,0.917328642759872,0.614105764866091,0.011304097078363,0.008480621037836,0.6078004155851361,0.7364956876985921,9.589914472273374,7.190238999232534,17624,105.92875649307402,0.472924148696196,0.999930534933758,0.472957002685717,39.74126191556968,49.95460735360872,10.304130730821608,6,0.423622658964782,0.5,0.540170603998213,49.59146618247844,50.40853381752156,22.40677485247389,10.4,1,0.0,7.6,0,3.0,36,10.333333333333334,8.6,-0.159,-0.3061,0.0004920379428057,-1,-17.9,0.0,0.0,0.000226963231956,-0.0999999999999996,0,-1.0,0,1.0,-1.926,2.414,0.0,,,0.122207224,0.96483856,14.180068
P21817 3367 K R,7M6L A 3367 K,0.0,7991.661029586723,0.729786787750042,0.001178748476959,0.001179463024628,0.8981564509735841,0.8866820420969501,0.6438603825976951,0.919881979119382,0.6122900590104401,0.011344348655059,0.008470688934336,0.66642847832664,0.810769405356332,9.624062195458484,7.181818130334746,17624,105.92880778642014,0.472924148696196,0.999930534933758,0.472957002685717,39.74126191556968,49.95460735360872,10.304130730821608,7,0.414267966390561,0.5,0.6132053632676631,49.59146618247844,50.40853381752156,22.405583295506126,10.5,1,1.0,76.3,0,1.0,13,11.0,6.6,-0.39,-0.0973749999999999,0.0005433312889238,2,11.099999999999994,0.0,0.0,-0.0009645937358158,-0.8000000000000007,0,0.0,0,0.0,-1.394,0.576,2.0,,,0.10610993,1.0742347,13.1550255
P21817 3539 R H,7M6L A 3539 R,0.0,7991.661029586723,0.729786787750042,0.001178748476959,0.001179463024628,0.8981564509735841,0.8866820420969501,0.6438603825976951,0.9052428506581932,0.671867907399001,0.010844045707066,0.008688229223569,0.6725192629910901,0.8170676350431231,9.199626484386505,7.366258239681841,17624,105.9287486261015,0.472924148696196,0.999930534933758,0.472957002685717,39.74126191556968,49.95460735360872,10.304130730821608,6,0.363234391296089,0.5,-0.055369286418098,49.59146618247844,50.40853381752156,22.40518610985021,10.4,1,0.0,5.4,0,2.0,48,18.666666666666668,10.4,-0.248,0.1502,0.0004841709702816,-1,-20.5,0.0,0.0,-0.0013617793917362,-0.0999999999999996,0,-1.0,0,0.0,-1.565,2.605,0.0,,,0.06705424,0.91369766,12.844735
P21817 4104 G R,7M6L A 4105 G,0.0,7991.661029586723,0.729786787750042,0.001178748476959,0.001179463024628,0.8981564509735841,0.8866820420969501,0.6438603825976951,0.240183840217884,0.016965501588742,0.003927566570057,0.000207778673794,0.5612248947452421,0.662846118928733,3.331980186467604,0.176163787635837,17624,105.92885665461716,0.472924148696196,0.999930534933758,0.472957002685717,39.74126191556968,49.95460735360872,10.304130730821608,7,0.445980371948618,0.5,-0.994641512243314,49.59714026327735,50.40285973672265,22.40598048116205,10.5,1,1.0,69.2,0,2.0,18,3.666666666666666,5.0,0.335,-0.1081666666666666,0.0005921994859363,7,29.1,-0.0056740807989115,0.0056740807989115,-0.0005674080798918,1.5,1,1.0,0,1.0,-1.919,1.771,-2.0,,,0.16214731,0.32045805,11.98204
P21817 4136 R S,7M6L A 4137 R,0.0,7991.661029586723,0.729786787750042,0.001178748476959,0.001179463024628,0.8981564509735841,0.8866820420969501,0.6438603825976951,0.275873808443032,0.080628688152519,0.004507097163381,0.001092559405458,0.379581929469101,0.179698138901498,3.82362925720002,0.926319335701212,17624,105.92876029350953,0.472924148696196,0.999930534933758,0.472957002685717,39.74126191556968,49.95460735360872,10.304130730821608,2,0.351409787451441,0.5,-1.221948338767097,49.59146618247844,50.40853381752156,22.40484566500227,9.2,0,0.0,30.6,0,3.0,18,6.0,4.0,-0.683,-0.7823749999999999,0.0004958383783133,-5,7.0,0.0,0.0,-0.001702224239672,-1.3000000000000007,-1,-1.0,0,1.0,-1.77,1.321,-1.0,,,0.4780367,0.18868747,15.49327
P21817 4723 R H,7M6L A 4722 R,0.0,7991.661029586723,0.729786787750042,0.001178748476959,0.001179463024628,0.8981564509735841,0.8866820420969501,0.6438603825976951,0.112063095778483,0.166250567408079,0.00135475718296,0.002305099666934,0.421629305899566,0.316159782115297,1.14931828922075,1.954363654308684,17624,105.928761979472,0.472924148696196,0.999930534933758,0.472957002685717,39.74126191556968,49.95460735360872,10.304130730821608,6,0.387075435264656,0.5,-0.9750170105821512,49.59146618247844,50.40853381752156,22.4052428506582,10.4,1,0.0,33.3,0,1.0,27,12.333333333333334,6.8,-0.42,-0.4569999999999999,0.0004975243407727,-1,7.399999999999999,0.0,0.0,-0.001305038583748,-0.0999999999999996,0,-1.0,0,0.0,-1.398,2.568,0.0,,,0.30275983,0.11292354,14.888974
P21817 893 G S,7M6L A 894 G,0.0,7991.661029586723,0.729786787750042,0.001178748476959,0.001179463024628,0.8981564509735841,0.8866820420969501,0.6438603825976951,0.8593395369950061,0.8816386745347251,0.009789135455366,0.010059671582094,1.116200942462942,0.9918860644575572,8.304685559906446,8.529026660469034,17624,105.92882536368003,0.472924148696196,0.999930534933758,0.472957002685717,39.74126191556968,49.95460735360872,10.304130730821608,2,0.392646485770068,1.0,2.344805325767411,49.59714026327735,50.40285973672265,22.40564003631412,9.2,0,0.0,40.4,0,1.0,15,5.666666666666667,3.4,-0.196,0.3421666666666667,0.0005609085488345,2,19.2,-0.0056740807989115,0.0056740807989115,-0.0009078529278241,0.1999999999999993,0,0.0,0,0.0,-0.763,2.253,0.0,0.5961858,0.04347826,0.04492594,0.6030208,11.797864
P21817 1109 R K,7M6L A 1110 R,0.0,7991.661029586723,0.729786787750042,0.001178748476959,0.001179463024628,0.8981564509735841,0.8866820420969501,0.6438603825976951,0.698990013617793,0.811563776668179,0.008831473286189,0.009453549889032,0.589584501870239,0.7084657285519741,7.492245766433565,8.01513035307752,17624,105.92875048924712,0.472924148696196,0.999930534933758,0.472957002685717,39.74126191556968,49.95460735360872,10.304130730821608,5,0.429762812757512,1.0,0.199367563331976,49.59146618247844,50.40853381752156,22.40512936904221,11.3,1,1.0,64.0,0,0.0,7,8.333333333333332,6.8,0.845,0.8986000000000001,0.0007614947759151,-2,15.299999999999995,0.0,0.0,-0.0028370403994557,0.8000000000000007,0,0.0,0,0.0,-1.933,0.244,2.0,2.4806817,0.5272727,0.47440666,0.062828735,14.804594
P21817 3647 H Q,7M6L A 3647 H,0.0,7991.661029586723,0.729786787750042,0.001178748476959,0.001179463024628,0.8981564509735841,0.8866820420969501,0.6438603825976951,0.489105764866091,0.306173399909214,0.007836194329682,0.005023544294481,0.376888896296482,0.171413980935088,6.647893492847557,4.25917912608037,17624,105.92879312466822,0.472924148696196,0.999930534933758,0.472957002685717,39.74126191556968,49.95460735360872,10.304130730821608,5,0.37872304931437,0.5,0.08422247911882,49.59146618247844,50.40853381752156,22.405299591466186,10.5,0,0.0,19.0,0,2.0,27,9.333333333333332,4.2,-0.905,-0.3593,0.0008041301970109,-1,4.0,0.0,0.0,-0.0026668179754878,0.0999999999999996,-1,0.0,0,1.0,-1.6,0.568,0.0,,,0.4228112,0.27170375,15.682949
P21817 3981 H Y,7M6L A 3982 H,0.0,7991.661029586723,0.729786787750042,0.001178748476959,0.001179463024628,0.8981564509735841,0.8866820420969501,0.6438603825976951,0.314173853835678,0.130390376758965,0.005109120406541,0.001573126503763,0.443532100327866,0.383000453926463,4.334360133996192,1.333765002306015,17624,105.92876104051088,0.472924148696196,0.999930534933758,0.472957002685717,39.74126191556968,49.95460735360872,10.304130730821608,8,0.309504098512904,0.5,-1.92884902488247,49.59146618247844,50.40853381752156,22.405583295506126,6.2,0,0.0,80.8,0,1.0,9,7.333333333333333,3.8,-0.822,-0.8581666666666666,0.0007720460396853,2,-1.2000000000000028,0.0,0.0,-0.0023831139355436,-4.2,-1,-1.0,0,-1.0,-1.433,1.565,2.0,2.101361,0.73109245,0.345991,0.10864955,13.773711
P21817 851 V M,7M6L A 852 V,0.0,7991.661029586723,0.729786787750042,0.001178748476959,0.001179463024628,0.8981564509735841,0.8866820420969501,0.6438603825976951,0.792385383567862,0.8164434861552421,0.009252025275463,0.009489397418194,0.5210531100654651,0.5987857467090331,7.849024161056792,8.045523445877953,17624,105.92877903907888,0.472924148696196,0.999930534933758,0.472957002685717,39.74126191556968,49.95460735360872,10.304130730821608,4,0.537224233591154,1.0,1.292231404617767,49.59146618247844,50.40853381752156,22.40705855651385,5.7,0,0.0,12.0,0,1.0,34,18.33333333333333,10.6,-0.166,-0.1093,0.0007900446076831,1,-5.399999999999999,0.0,0.0,-0.0009078529278241,-0.2000000000000001,0,0.0,0,0.0,-2.215,2.102,1.0,2.310933,0.92391306,0.37470412,0.20147045,15.713031
P21817 27 V M,7M6L A 28 V,0.0,7991.661029586723,0.729786787750042,0.001178748476959,0.001179463024628,0.8981564509735841,0.8866820420969501,0.6438603825976951,0.220267816613708,0.599977303676804,0.003459478528131,0.008377546484066,0.6113234440335791,0.7417158420335901,2.934874229534862,7.102847913952457,17624,105.92878970393429,0.472924148696196,0.999930534933758,0.472957002685717,39.74126191556968,49.95460735360872,10.304130730821608,4,0.325075334710278,1.0,-1.169405735207436,49.59146618247844,50.40853381752156,22.406264185202,5.7,0,0.0,15.5,0,1.0,20,5.666666666666667,2.6,1.782,0.383,0.0008007094630642,1,-1.5,0.0,0.0,-0.001702224239672,-0.2000000000000001,0,0.0,0,0.0,-1.878,2.274,1.0,2.3286316,0.48768473,0.07649344,0.32485914,12.757711
P21817 114 R H,7M6L A 115 R,0.0,7991.661029586723,0.729786787750042,0.001178748476959,0.001179463024628,0.8981564509735841,0.8866820420969501,0.6438603825976951,0.218168406718111,0.5738765320018151,0.003412586795256,0.008296482082443,0.423653197318152,0.32359282796187,2.895093280679265,7.03411799200428,17624,105.9287990538556,0.472924148696196,0.999930534933758,0.472957002685717,39.74126191556968,49.95460735360872,10.304130730821608,6,0.460255511159295,1.0,-1.284551603778761,49.59146618247844,50.40853381752156,22.405583295506126,10.4,1,0.0,36.3,0,2.0,21,17.0,13.0,1.852,-0.54,0.0008100593844062,-1,-2.6000000000000014,0.0,0.0,-0.0023831139355436,-0.0999999999999996,0,-1.0,0,1.0,-2.483,1.982,0.0,1.8534558,0.3497537,0.31430072,0.07306405,15.326829
P21817 370 V L,7M6L A 371 V,0.0,7991.661029586723,0.729786787750042,0.001178748476959,0.001179463024628,0.8981564509735841,0.8866820420969501,0.6438603825976951,0.27088061733999,0.5618474807081251,0.004435545526441,0.00827342181719,0.733472637723644,0.8635383567862001,3.76292789610435,7.014566497153368,17624,105.9287700726764,0.472924148696196,0.999930534933758,0.472957002685717,39.74126191556968,49.95460735360872,10.304130730821608,4,0.437537317552081,1.0,-1.125404476969605,49.59146618247844,50.40853381752156,22.405696777122103,4.9,0,0.0,61.0,0,0.0,12,2.666666666666666,3.0,2.451,0.4791666666666667,0.0007810782051791,1,-4.5,0.0,0.0,-0.0022696323195638,-1.0,0,0.0,0,0.0,-2.617,-0.287,1.0,1.645709,0.21666667,0.12385023,0.16456649,12.429233
P21817 440 V I,7M6L A 441 V,0.0,7991.661029586723,0.729786787750042,0.001178748476959,0.001179463024628,0.8981564509735841,0.8866820420969501,0.6438603825976951,0.303506581933726,0.5167952791647751,0.004962088936572,0.008038775908171,0.417147326828549,0.300385837494325,4.20962489756284,6.815623500112094,17624,105.92878110778408,0.472924148696196,0.999930534933758,0.472957002685717,39.74126191556968,49.95460735360872,10.304130730821608,4,0.427536943580505,0.5,-0.784581160042751,49.59146618247844,50.40853381752156,22.40609396277803,5.2,0,0.0,0.8,0,3.0,42,13.666666666666666,6.2,-0.36,0.36,0.0007921133128689,1,-0.0999999999999999,0.0,0.0,-0.0018724466636399,-0.7000000000000002,0,0.0,0,0.0,-1.514,0.674,3.0,,,0.3712991,0.07527183,16.003021
P21817 751 V M,7M6L A 752 V,0.0,7991.661029586723,0.729786787750042,0.001178748476959,0.001179463024628,0.8981564509735841,0.8866820420969501,0.6438603825976951,0.7381411711302761,0.7816613708579211,0.009016989231786,0.00920507104383,0.535983484884999,0.623751702224239,7.649629592774156,7.804459191698087,17624,105.9287977315276,0.472924148696196,0.999930534933758,0.472957002685717,39.74126191556968,49.95460735360872,10.304130730821608,4,0.427326940483641,1.0,1.312667172576461,49.59146618247844,50.40853381752156,22.405583295506126,5.7,0,0.0,64.8,0,1.0,11,6.666666666666667,6.6,-0.262,-0.4407142857142856,0.0008087370564027,1,7.299999999999997,0.0,0.0,-0.0023831139355436,-0.2000000000000001,0,0.0,0,0.0,-1.615,2.598,1.0,2.3410926,0.6787879,0.2999881,0.18022656,13.401682
P21817 1061 Q R,7M6L A 1062 Q,0.0,7991.661029586723,0.729786787750042,0.001178748476959,0.001179463024628,0.8981564509735841,0.8866820420969501,0.6438603825976951,0.7661711302768951,0.8273944620971401,0.009143086047924,0.009574792867284,0.936463891096813,0.9539832047208352,7.75660476059212,8.117925418051856,17624,105.92873693102317,0.472924148696196,0.999930534933758,0.472957002685717,39.74126191556968,49.95460735360872,10.304130730821608,7,0.6478909146377511,1.0,0.7616501291653831,49.59146618247844,50.40853381752156,22.40666137085792,10.5,1,1.0,47.6,0,1.0,19,3.0,0.8,2.572,1.6865,0.0007479365519458,2,-19.7,0.0,0.0,-0.001305038583748,0.0,1,1.0,0,1.0,-2.924,0.926,1.0,,,0.052462794,0.14886688,12.004419
P21817 2252 D E,7M6L A 2252 D,0.0,7991.661029586723,0.729786787750042,0.001178748476959,0.001179463024628,0.8981564509735841,0.8866820420969501,0.6438603825976951,0.6936563776668181,0.123411257376304,0.008811563918286,0.001472347141326,0.491408514840558,0.539264639128461,7.475355506729033,1.248319879964578,17624,105.9287720746028,0.472924148696196,0.999930534933758,0.472957002685717,39.74126191556968,49.95460735360872,10.304130730821608,5,0.464999359885672,1.0,-0.651845836563512,49.59146618247844,50.40853381752156,22.40552655469813,12.3,1,-1.0,83.6,0,0.0,10,8.666666666666666,8.8,-0.816,-0.7404999999999999,0.0007830801315975,1,4.5,0.0,0.0,-0.0024398547435318,-0.6999999999999993,0,0.0,0,0.0,-1.306,0.507,2.0,1.9952787,0.4375,0.53279024,0.18346047,14.855139
P21817 2558 V M,7M6L A 2558 V,0.0,7991.661029586723,0.729786787750042,0.001178748476959,0.001179463024628,0.8981564509735841,0.8866820420969501,0.6438603825976951,0.88702905129369,0.183159328188833,0.010229570916899,0.002734233749471,0.419082727715418,0.306911030413073,8.678332245473271,2.318202175377644,17624,105.92878622143034,0.472924148696196,0.999930534933758,0.472957002685717,39.74126191556968,49.95460735360872,10.304130730821608,4,0.447111961706158,0.5,-0.021202167892986,49.59146618247844,50.40853381752156,22.405923740354066,5.7,0,0.0,0.1,0,1.0,36,15.666666666666666,6.0,-0.528,-0.5565454545454545,0.0007972269591363,1,-0.8,0.0,0.0,-0.0020426690876078,-0.2000000000000001,0,0.0,0,0.0,-1.429,2.331,1.0,,,0.57364553,0.0792275,16.369926
P21817 3028 G S,7M6L A 3028 G,0.0,7991.661029586723,0.729786787750042,0.001178748476959,0.001179463024628,0.8981564509735841,0.8866820420969501,0.6438603825976951,0.9682818883340892,0.403200181570585,0.012035345723225,0.006644195863334,0.8111053132689131,0.9080231502496592,10.210274675621296,5.633237943535689,17624,105.92877737636904,0.472924148696196,0.999930534933758,0.472957002685717,39.74126191556968,49.95460735360872,10.304130730821608,2,0.540095940684974,1.0,0.8476736365849421,49.59714026327735,50.40285973672265,22.40564003631412,9.2,0,0.0,62.6,0,0.0,5,4.0,4.8,-0.077,0.0233999999999999,0.00078838189782,2,15.4,-0.0056740807989115,0.0056740807989115,-0.002326373127552,0.1999999999999993,0,0.0,0,0.0,-1.15,0.826,0.0,,,0.2740533,0.22949263,12.591123
P21817 3234 N S,7M6L A 3234 N,0.0,7991.661029586723,0.729786787750042,0.001178748476959,0.001179463024628,0.8981564509735841,0.8866820420969501,0.6438603825976951,0.966466182478438,0.486779391738538,0.012028910189589,0.007828497544233,1.007521282827387,0.9754312301407172,10.20481504300051,6.637340366561701,17624,105.92871944793816,0.472924148696196,0.999930534933758,0.472957002685717,39.74126191556968,49.95460735360872,10.304130730821608,2,0.474020234401595,1.0,1.925936562328286,49.59146618247844,50.40853381752156,22.40546981389015,9.2,0,0.0,82.0,0,1.0,7,4.666666666666667,4.8,1.114,0.28175,0.0007304534669572,-2,-6.799999999999997,0.0,0.0,-0.0024965955515199,-2.4000000000000004,0,0.0,0,0.0,-2.034,0.228,1.0,,,0.111779705,1.5353876,11.812404
P21817 3342 A V,7M6L A 3342 A,0.0,7991.661029586723,0.729786787750042,0.001178748476959,0.001179463024628,0.8981564509735841,0.8866820420969501,0.6438603825976951,0.929187471629596,0.530299591466182,0.011620169299638,0.008123601565812,0.583126703375423,0.7003517930095321,9.858056681958598,6.887542378338888,17624,105.92880477633535,0.472924148696196,0.999930534933758,0.472957002685717,39.74126191556968,49.95460735360872,10.304130730821608,3,0.478452374135689,1.0,0.924232741889392,49.59146618247844,50.40853381752156,22.406320926009982,5.9,0,0.0,0.0,0,1.0,23,13.333333333333334,5.4,-0.136,-0.6776666666666666,0.000815781864162,2,-0.1,0.0,0.0,-0.0016454834316839,-2.2,0,0.0,0,0.0,-1.337,1.553,0.0,,,0.24764541,0.744981,15.443943
P21817 3815 M L,7M6L A 3816 M,0.0,7991.661029586723,0.729786787750042,0.001178748476959,0.001179463024628,0.8981564509735841,0.8866820420969501,0.6438603825976951,0.326883794825238,0.180208806173399,0.005259560210199,0.002670723357109,0.337876787979669,0.068088969586926,4.461986855556254,2.264355305204069,17624,105.92877865599732,0.472924148696196,0.999930534933758,0.472957002685717,39.74126191556968,49.95460735360872,10.304130730821608,4,0.341081664451262,0.5,-1.317929020215926,49.59146618247844,50.40853381752156,22.40586699954608,4.9,0,0.0,6.0,0,2.0,31,16.333333333333332,8.8,-0.905,-0.6718999999999999,0.0007896615261131,0,2.0,0.0,0.0,-0.0020994098955959,-0.7999999999999998,0,0.0,0,0.0,-1.71,0.484,2.0,,,0.5652193,0.0542957,15.91904
P21817 4034 V M,7M6L A 4035 V,0.0,7991.661029586723,0.729786787750042,0.001178748476959,0.001179463024628,0.8981564509735841,0.8866820420969501,0.6438603825976951,0.286654561960962,0.113935542442124,0.00473318453437,0.001365192247852,0.461947438554626,0.450862460281434,4.015432152735465,1.15746930539173,17624,105.92876632505158,0.472924148696196,0.999930534933758,0.472957002685717,39.74126191556968,49.95460735360872,10.304130730821608,4,0.355237627754344,1.0,-2.101371228168544,49.59146618247844,50.40853381752156,22.40546981389015,5.7,0,0.0,62.2,0,1.0,11,12.333333333333334,7.0,-0.207,-0.8321666666666667,0.0007773305803766,1,12.700000000000005,0.0,0.0,-0.0024965955515199,-0.2000000000000001,0,0.0,0,0.0,-1.376,2.465,1.0,,,0.3682272,0.11320544,15.272611
P21817 4063 M V,7M6L A 4064 M,0.0,7991.661029586723,0.729786787750042,0.001178748476959,0.001179463024628,0.8981564509735841,0.8866820420969501,0.6438603825976951,0.269802541988197,0.065705855651384,0.004427764243858,0.000880956230804,0.401764196323322,0.246255106672719,3.756326587398856,0.746912970062499,17624,105.92876015270724,0.472924148696196,0.999930534933758,0.472957002685717,39.74126191556968,49.95460735360872,10.304130730821608,3,0.330407476929591,0.5,-1.199384567524358,49.59146618247844,50.40853381752156,22.40541307308216,5.9,0,0.0,10.2,0,2.0,27,14.333333333333334,9.4,-0.667,-0.7975,0.0007711582360201,-1,4.799999999999999,0.0,0.0,-0.002553336359508,0.2000000000000001,0,0.0,0,0.0,-1.71,0.879,1.0,,,0.34283128,0.24535945,15.836421
P21817 4084 R H,7M6L A 4085 R,0.0,7991.661029586723,0.729786787750042,0.001178748476959,0.001179463024628,0.8981564509735841,0.8866820420969501,0.6438603825976951,0.245290512936904,0.032625964593735,0.004046984274638,0.000396242646831,0.674086450230837,0.8185996368588281,3.433289080531896,0.335951732744042,17624,105.92880511446556,0.472924148696196,0.999930534933758,0.472957002685717,39.74126191556968,49.95460735360872,10.304130730821608,6,0.44910320295439,1.0,-0.483939976396745,49.59146618247844,50.40853381752156,22.40456196096232,10.4,1,1.0,76.6,0,2.0,10,4.333333333333333,5.0,-0.396,0.4615,0.0008161199943401,-1,22.099999999999994,0.0,0.0,-0.0034044484793476,-0.0999999999999996,0,0.0,0,-2.0,-1.715,2.432,0.0,,,0.1150881,0.38796628,10.828282
P21817 4753 A T,7M6L A 4752 A,0.0,7991.661029586723,0.729786787750042,0.001178748476959,0.001179463024628,0.8981564509735841,0.8866820420969501,0.6438603825976951,0.206876985928279,0.174591466182478,0.00319019118295,0.002546162143054,0.41191399578606,0.278597367226509,2.706422315963115,2.158746895737769,17624,105.92875741543412,0.472924148696196,0.999930534933758,0.472957002685717,39.74126191556968,49.95460735360872,10.304130730821608,3,0.579852021092495,0.5,-0.889945003817689,49.59714026327735,50.40285973672265,22.40598048116205,8.6,0,0.0,36.9,0,2.0,19,6.333333333333333,3.6,0.815,0.077375,0.0007684209629132,2,4.199999999999996,-0.0056740807989115,0.0056740807989115,-0.0019859282796197,0.5,0,0.0,0,1.0,-1.829,1.323,0.0,,,0.255875,0.10980171,13.579583
P21817 4868 E K,7M6L A 4867 E,0.0,7991.661029586723,0.729786787750042,0.001178748476959,0.001179463024628,0.8981564509735841,0.8866820420969501,0.6438603825976951,0.008624602814344,0.036314117113027,7.2634586338592e-05,0.000436746221875,0.565543446733597,0.6699387199273711,0.061620089237318,0.370292423548647,17624,105.92876753312824,0.472924148696196,0.999930534933758,0.472957002685717,39.74126191556968,49.95460735360872,10.304130730821608,5,0.511992562136353,1.0,0.236674709659909,49.59146618247844,50.40853381752156,22.40552655469813,11.3,1,1.0,101.6,0,0.0,4,6.0,3.0,0.31,-0.364,0.0007785386570446,0,8.399999999999991,0.0,0.0,-0.0024398547435318,-1.0,0,2.0,0,0.0,-1.255,1.487,1.0,,,0.012589157,3.384115,9.171433
P21817 35 C R,7M6L A 36 C,1.0,7991.661029586723,0.729786787750042,0.001178748476959,0.001179463024628,0.8981564509735841,0.8866820420969501,0.6438603825976951,0.221629596005447,0.595665002269632,0.003480683444391,0.008356909045907,0.355529697117501,0.108034498411257,2.95286357728362,7.085350597183324,17624,105.92875937646367,0.472924148696196,0.999930534933758,0.472957002685717,39.74126191556968,49.95460735360872,10.304130730821608,7,0.318134952421365,0.0,-1.39459187628073,49.59146618247844,50.40853381752156,22.40739900136177,10.5,1,1.0,0.2,0,4.0,44,22.0,18.6,-0.805,-0.5498461538461539,0.0007703819924813,5,-0.3999999999999999,0.0,0.0,-0.0005674080798918,5.0,1,1.0,0,2.0,-1.111,2.903,-3.0,1.4441322,0.7093596,0.20689803,0.18665892,16.325214
P21817 44 R C,7M6L A 45 R,1.0,7991.661029586723,0.729786787750042,0.001178748476959,0.001179463024628,0.8981564509735841,0.8866820420969501,0.6438603825976951,0.231445755787562,0.572571493418066,0.003691872271623,0.008293344743044,0.361615243447579,0.12494325919201,3.132027182887007,7.031458019344829,17624,105.92875780194876,0.472924148696196,0.999930534933758,0.472957002685717,39.74126191556968,49.95460735360872,10.304130730821608,2,0.30994964529049,1.0,-1.025654140580698,49.59146618247844,50.40853381752156,22.403710848842486,5.5,0,0.0,21.4,0,0.0,19,10.0,8.6,-0.864,-0.7183999999999999,0.0007688074775415,-5,6.399999999999999,0.0,0.0,-0.0042555605991836,-5.0,-1,-1.0,0,-3.0,-1.101,3.842,-3.0,1.595461,0.9507389,0.27046046,0.10054177,15.61624
P21817 163 R C,7M6L A 164 R,1.0,7991.661029586723,0.729786787750042,0.001178748476959,0.001179463024628,0.8981564509735841,0.8866820420969501,0.6438603825976951,0.205628688152519,0.576940535633227,0.003160473004025,0.008301090133736,0.443773631802796,0.3838515660463,2.68121067878504,7.03802489811028,17624,105.92879400287586,0.472924148696196,0.999930534933758,0.472957002685717,39.74126191556968,49.95460735360872,10.304130730821608,2,0.446298015857939,0.0,-1.69321801185382,49.59146618247844,50.40853381752156,22.40546981389015,5.5,0,0.0,20.4,0,1.0,17,13.333333333333334,10.8,-0.862,-0.4456666666666666,0.0008050084046544,-5,-30.4,0.0,0.0,-0.0024965955515199,-5.0,-1,-1.0,0,0.0,-1.101,3.842,-3.0,1.6545274,0.92610836,0.113000736,0.24176168,14.072161
P21817 163 R L,7M6L A 164 R,1.0,7991.661029586723,0.729786787750042,0.001178748476959,0.001179463024628,0.8981564509735841,0.8866820420969501,0.6438603825976951,0.205628688152519,0.576940535633227,0.003160473004025,0.008301090133736,0.443773631802796,0.3838515660463,2.68121067878504,7.03802489811028,17624,105.92878742839476,0.472924148696196,0.999930534933758,0.472957002685717,39.74126191556968,49.95460735360872,10.304130730821608,4,0.457668619407646,0.0,-1.697620898917018,49.58579210167953,50.41420789832047,22.40581025873809,4.9,0,0.0,32.4,0,0.0,19,14.0,11.2,-0.862,-0.4456666666666666,0.0007984339235491,-3,-18.4,0.0056740807989115,-0.0056740807989115,-0.0021561507035841,-5.6,-1,-1.0,0,-1.0,-1.101,2.113,-2.0,1.6545274,0.92610836,0.113000736,0.24176168,14.072161
P21817 248 G R,7M6L A 249 G,1.0,7991.661029586723,0.729786787750042,0.001178748476959,0.001179463024628,0.8981564509735841,0.8866820420969501,0.6438603825976951,0.272355878347707,0.548910576486609,0.004451554221578,0.008231453646244,0.463659923962832,0.460735360871538,3.776508991181702,6.97898405830673,17624,105.9287523799953,0.472924148696196,0.999930534933758,0.472957002685717,39.74126191556968,49.95460735360872,10.304130730821608,7,0.382358457775703,0.0,-1.2999618272899691,49.59714026327735,50.40285973672265,22.406547889241946,10.5,1,1.0,52.0,0,0.0,17,12.0,12.8,0.696,-0.5229999999999999,0.0008115864424809,7,17.1,-0.0056740807989115,0.0056740807989115,0.0007943713118478,1.5,1,1.0,0,0.0,-1.521,2.239,-2.0,1.9998759,0.8111111,0.26571134,0.12566848,14.090603
P21817 328 R W,7M6L A 329 R,1.0,7991.661029586723,0.729786787750042,0.001178748476959,0.001179463024628,0.8981564509735841,0.8866820420969501,0.6438603825976951,0.245801180208806,0.586132546527462,0.004056729713783,0.008317948961413,0.7541943608333621,0.879028597367226,3.441556696003821,7.052318544732059,17624,105.92876548178704,0.472924148696196,0.999930534933758,0.472957002685717,39.74126191556968,49.95460735360872,10.304130730821608,10,0.479431259748917,0.5,-1.973994326965491,49.58579210167953,50.41420789832047,22.405923740354066,5.4,0,0.0,65.4,0,0.0,5,3.333333333333333,4.8,0.032,1.202,0.0008246882342319,3,-5.299999999999997,0.0056740807989115,-0.0056740807989115,0.0001702224239679,-5.1,-1,-1.0,0,0.0,-1.572,3.678,-3.0,2.4265757,0.23333333,0.11932722,0.25017416,13.004368
P21817 341 G R,7M6L A 342 G,1.0,7991.661029586723,0.729786787750042,0.001178748476959,0.001179463024628,0.8981564509735841,0.8866820420969501,0.6438603825976951,0.257262823422605,0.563039037675896,0.004256797409824,0.008276024273055,0.5008240987099281,0.5574784384929641,3.611285607600671,7.016772972312524,17624,105.92880366373782,0.472924148696196,0.999930534933758,0.472957002685717,39.74126191556968,49.95460735360872,10.304130730821608,7,0.423748654406346,1.0,-1.7063412992187792,49.59714026327735,50.40285973672265,22.40688833408988,10.5,1,1.0,38.8,0,2.0,23,17.0,11.4,-0.821,-0.5362857142857143,0.0008628701850028,7,-10.1,-0.0056740807989115,0.0056740807989115,0.0011348161597837,1.5,1,1.0,0,1.0,-0.927,1.453,-2.0,2.1018891,0.90555555,0.30681404,0.09470126,14.4434805
P21817 401 R C,7M6L A 402 R,1.0,7991.661029586723,0.729786787750042,0.001178748476959,0.001179463024628,0.8981564509735841,0.8866820420969501,0.6438603825976951,0.279675442578302,0.533363595097594,0.004593522232099,0.00814451600143,0.416630320122078,0.29817294598275,3.896948604292913,6.905274545588651,17624,105.92878841924448,0.472924148696196,0.999930534933758,0.472957002685717,39.74126191556968,49.95460735360872,10.304130730821608,2,0.44345101627823,0.5,-1.270529547551999,49.59146618247844,50.40853381752156,22.403824330458463,5.5,0,0.0,13.3,0,3.0,25,13.333333333333334,9.2,-0.247,-0.4450999999999999,0.000847625691648,-5,7.1000000000000005,0.0,0.0,-0.001929187471628,-5.0,-1,-1.0,0,0.0,-1.225,3.763,-3.0,,,0.4575822,0.083390124,16.498873
P21817 403 I M,7M6L A 404 I,1.0,7991.661029586723,0.729786787750042,0.001178748476959,0.001179463024628,0.8981564509735841,0.8866820420969501,0.6438603825976951,0.286370857921016,0.527349069450749,0.004729208750939,0.008099638159991,0.408629831419711,0.268100317748524,4.012059267417287,6.867225161672776,17624,105.9287667673532,0.472924148696196,0.999930534933758,0.472957002685717,39.74126191556968,49.95460735360872,10.304130730821608,4,0.5286012653146891,0.5,-1.131831869272517,49.59146618247844,50.40853381752156,22.40581025873809,5.7,0,0.0,1.0,0,2.0,37,19.666666666666668,13.0,-0.761,-0.2162,0.0008259738003744,0,-0.8999999999999999,0.0,0.0,5.674080799167314e-05,0.5,0,0.0,0,0.0,-1.257,2.752,1.0,,,0.4875711,0.07542706,16.72331
P21817 522 Y S,7M6L A 523 Y,1.0,7991.661029586723,0.729786787750042,0.001178748476959,0.001179463024628,0.8981564509735841,0.8866820420969501,0.6438603825976951,0.36609169314571,0.499205628688152,0.00587096278222,0.007911785028737,0.368679201073836,0.147355878347707,4.980674755452762,6.70795511476869,17624,105.92870399877928,0.472924148696196,0.999930534933758,0.472957002685717,39.74126191556968,49.95460735360872,10.304130730821608,2,0.426177788720256,0.5,-0.605286641099484,49.59146618247844,50.40853381752156,22.404334997730366,9.2,0,0.0,7.5,0,3.0,23,11.333333333333334,8.2,-0.817,-0.4335,0.0007632052264625,-6,5.3,0.0,0.0,-0.0014185201997278,2.999999999999999,0,0.0,0,1.0,-1.4,0.996,-2.0,1.5115117,0.76785713,0.44804004,0.04065802,16.48583
P21817 530 R H,7M6L A 531 R,1.0,7991.661029586723,0.729786787750042,0.001178748476959,0.001179463024628,0.8981564509735841,0.8866820420969501,0.6438603825976951,0.370801180208806,0.482296867907399,0.006123375999725,0.007805905086143,0.413917919427488,0.285463004993191,5.194811377844383,6.61818549894962,17624,105.92878268649086,0.472924148696196,0.999930534933758,0.472957002685717,39.74126191556968,49.95460735360872,10.304130730821608,6,0.25982709560831,1.0,-0.729086629333761,49.59146618247844,50.40853381752156,22.405583295506126,10.4,1,0.0,33.3,0,3.0,26,12.666666666666666,10.4,-0.726,-0.6714285714285715,0.0008418929380411,-1,2.4999999999999964,0.0,0.0,-0.0001702224239679,-0.0999999999999996,0,-1.0,0,-2.0,-1.331,2.91,0.0,2.089188,0.5535714,0.4479904,0.033692826,15.843364
P21817 533 R C,7M6L A 534 R,1.0,7991.661029586723,0.729786787750042,0.001178748476959,0.001179463024628,0.8981564509735841,0.8866820420969501,0.6438603825976951,0.391057648660916,0.476849750340444,0.006498802813812,0.007786409096093,0.417622337558504,0.30203132092601,5.513307495909463,6.601655951483381,17624,105.92872764082593,0.472924148696196,0.999930534933758,0.472957002685717,39.74126191556968,49.95460735360872,10.304130730821608,2,0.256536826594784,0.5,-0.804490477089232,49.59146618247844,50.40853381752156,22.405072628234223,5.5,0,0.0,63.8,0,1.0,17,10.666666666666666,6.0,-0.866,-0.4805,0.0007868472731047,-5,8.5,0.0,0.0,-0.0006808896958681,-5.0,-1,-1.0,0,0.0,-1.101,3.842,-3.0,1.7807255,0.2767857,0.36225575,0.052914582,14.454058
P21817 533 R H,7M6L A 534 R,1.0,7991.661029586723,0.729786787750042,0.001178748476959,0.001179463024628,0.8981564509735841,0.8866820420969501,0.6438603825976951,0.391057648660916,0.476849750340444,0.006498802813812,0.007786409096093,0.417622337558504,0.30203132092601,5.513307495909463,6.601655951483381,17624,105.92872805528025,0.472924148696196,0.999930534933758,0.472957002685717,39.74126191556968,49.95460735360872,10.304130730821608,6,0.255971373220882,0.5,-0.8074199549470561,49.59146618247844,50.40853381752156,22.40501588742624,10.4,1,0.0,75.3,0,1.0,16,10.333333333333334,6.0,-0.866,-0.4805,0.0007872617274244,-1,20.0,0.0,0.0,-0.0007376305038562,-0.0999999999999996,0,-1.0,0,0.0,-1.101,2.985,0.0,1.7807255,0.2767857,0.36225575,0.052914582,14.454058
P21817 552 R W,7M6L A 553 R,1.0,7991.661029586723,0.729786787750042,0.001178748476959,0.001179463024628,0.8981564509735841,0.8866820420969501,0.6438603825976951,0.390546981389015,0.5072628234226051,0.006492110453937,0.007965243074707,0.457291108166241,0.431797548797094,5.507629982847902,6.753279168896549,17624,105.92875222268992,0.472924148696196,0.999930534933758,0.472957002685717,39.74126191556968,49.95460735360872,10.304130730821608,10,0.204196749361152,1.0,-0.317175342427679,49.58579210167953,50.41420789832047,22.405696777122103,5.4,0,0.0,13.8,0,1.0,24,5.0,6.4,0.027,-0.7382857142857143,0.0008114291370873,3,-9.5,0.0056740807989115,-0.0056740807989115,-5.674080798812042e-05,-5.1,-1,-1.0,0,0.0,-1.237,1.238,-3.0,2.4827483,0.8214286,0.3682941,0.04805722,16.153126
P21817 614 R C,7M6L A 615 R,1.0,7991.661029586723,0.729786787750042,0.001178748476959,0.001179463024628,0.8981564509735841,0.8866820420969501,0.6438603825976951,0.512539718565592,0.428676804357694,0.007997240498219,0.007110465115258,0.359979548190927,0.119779845665002,6.784518202601062,6.02856127473616,17624,105.92872227227626,0.472924148696196,0.999930534933758,0.472957002685717,39.74126191556968,49.95460735360872,10.304130730821608,2,0.368994223169736,0.5,-0.175585347290974,49.59146618247844,50.40853381752156,22.40461870177032,5.5,0,0.0,35.3,0,1.0,20,7.666666666666667,8.0,-0.727,-0.7508888888888889,0.0007814787234394,-5,5.399999999999999,0.0,0.0,-0.0011348161597801,-5.0,-1,-1.0,0,0.0,-1.34,3.686,-3.0,1.9200963,0.89285713,0.65853673,0.10148911,16.227823
P21817 614 R L,7M6L A 615 R,1.0,7991.661029586723,0.729786787750042,0.001178748476959,0.001179463024628,0.8981564509735841,0.8866820420969501,0.6438603825976951,0.512539718565592,0.428676804357694,0.007997240498219,0.007110465115258,0.359979548190927,0.119779845665002,6.784518202601062,6.02856127473616,17624,105.9287576786938,0.472924148696196,0.999930534933758,0.472957002685717,39.74126191556968,49.95460735360872,10.304130730821608,4,0.390062486137089,0.5,-0.156267907310975,49.58579210167953,50.41420789832047,22.404959146618246,4.9,0,0.0,33.0,0,1.0,23,8.333333333333332,8.8,-0.727,-0.7508888888888889,0.0008168851409777,-3,3.1000000000000014,0.0056740807989115,-0.0056740807989115,-0.0007943713118478,-5.6,-1,-1.0,0,0.0,-1.34,2.029,-2.0,1.9200963,0.89285713,0.65853673,0.10148911,16.227823
P21817 2163 R C,7M6L A 2163 R,1.0,7991.661029586723,0.729786787750042,0.001178748476959,0.001179463024628,0.8981564509735841,0.8866820420969501,0.6438603825976951,0.5448252383113931,0.332898320472083,0.008202924788433,0.005334464829076,0.384769740524619,0.196152973218338,6.959011993459859,4.52279106482084,17624,105.92877098218004,0.472924148696196,0.999930534933758,0.472957002685717,39.74126191556968,49.95460735360872,10.304130730821608,2,0.350225796834569,0.5,-0.258742934456713,49.59146618247844,50.40853381752156,22.4041647753064,5.5,0,0.0,34.0,0,2.0,13,5.666666666666667,5.2,-0.9,-0.703625,0.000830188627205,-5,13.5,0.0,0.0,-0.0015887426236922,-5.0,-1,-1.0,0,0.0,-1.398,3.425,-3.0,1.8288076,0.67410713,0.6828979,0.14158973,16.247412
P21817 2163 R H,7M6L A 2163 R,1.0,7991.661029586723,0.729786787750042,0.001178748476959,0.001179463024628,0.8981564509735841,0.8866820420969501,0.6438603825976951,0.5448252383113931,0.332898320472083,0.008202924788433,0.005334464829076,0.384769740524619,0.196152973218338,6.959011993459859,4.52279106482084,17624,105.92881089711854,0.472924148696196,0.999930534933758,0.472957002685717,39.74126191556968,49.95460735360872,10.304130730821608,6,0.380189786014665,0.5,-0.229552682295854,49.59146618247844,50.40853381752156,22.40501588742624,10.4,1,0.0,24.0,0,1.0,19,6.666666666666667,5.2,-0.9,-0.703625,0.0008701035657168,-1,3.5,0.0,0.0,-0.0007376305038562,-0.0999999999999996,0,-1.0,0,-1.0,-1.398,2.568,0.0,1.8288076,0.67410713,0.6828979,0.14158973,16.247412
P21817 2168 V M,7M6L A 2168 V,1.0,7991.661029586723,0.729786787750042,0.001178748476959,0.001179463024628,0.8981564509735841,0.8866820420969501,0.6438603825976951,0.52468225147526,0.388788016341352,0.008072677655875,0.006470593830062,0.338120161273214,0.06848615524285,6.848515873970537,5.486050596711703,17624,105.9288131779219,0.472924148696196,0.999930534933758,0.472957002685717,39.74126191556968,49.95460735360872,10.304130730821608,4,0.369198074282351,0.0,-0.237325575644962,49.59146618247844,50.40853381752156,22.40637766681797,5.7,0,0.0,6.2,0,1.0,29,13.333333333333334,12.8,-0.764,-0.7447,0.0008723843690745,1,3.6,0.0,0.0,0.0006241488878799,-0.2000000000000001,0,0.0,0,0.0,-1.304,2.461,1.0,1.2622732,0.7723214,0.6204159,0.110911794,15.957166
P21817 2206 T R,7M6L A 2206 T,1.0,7991.661029586723,0.729786787750042,0.001178748476959,0.001179463024628,0.8981564509735841,0.8866820420969501,0.6438603825976951,0.597650930549251,0.251475261007716,0.008356415565768,0.0041623694339,0.412664014985214,0.281604630049931,7.089227031133716,3.529037661194176,17624,105.92880894342936,0.472924148696196,0.999930534933758,0.472957002685717,39.74126191556968,49.95460735360872,10.304130730821608,7,0.375391315970548,0.5,-0.333306535686187,49.59146618247844,50.40853381752156,22.40773944620972,10.5,1,1.0,9.5,0,4.0,46,15.666666666666666,11.4,-0.845,-0.7731111111111111,0.0008681498765241,4,-1.8000000000000007,0.0,0.0,0.0019859282796197,1.9000000000000004,1,1.0,0,1.0,-1.245,2.198,-1.0,2.1848838,0.96875,0.6551612,0.15306686,15.814609
P21817 2206 T M,7M6L A 2206 T,1.0,7991.661029586723,0.729786787750042,0.001178748476959,0.001179463024628,0.8981564509735841,0.8866820420969501,0.6438603825976951,0.597650930549251,0.251475261007716,0.008356415565768,0.0041623694339,0.412664014985214,0.281604630049931,7.089227031133716,3.529037661194176,17624,105.92879727131344,0.472924148696196,0.999930534933758,0.472957002685717,39.74126191556968,49.95460735360872,10.304130730821608,4,0.356595845223531,0.5,-0.335038578228754,49.58579210167953,50.41420789832047,22.40620744439401,5.7,0,0.0,11.4,0,3.0,35,11.666666666666666,8.8,-0.845,-0.7731111111111111,0.000856477760621,1,0.0999999999999996,0.0056740807989115,-0.0056740807989115,0.0004539264639156,-2.8999999999999995,0,0.0,0,0.0,-1.245,2.97,-1.0,2.1848838,0.96875,0.6551612,0.15306686,15.814609
P21817 2336 R H,7M6L A 2336 R,1.0,7991.661029586723,0.729786787750042,0.001178748476959,0.001179463024628,0.8981564509735841,0.8866820420969501,0.6438603825976951,0.7905696777122101,0.052882433045846,0.009237458225714,0.000672574831066,0.36487119396087,0.135326827054017,7.836666096522178,0.5702381651839481,17624,105.92870536233082,0.472924148696196,0.999930534933758,0.472957002685717,39.74126191556968,49.95460735360872,10.304130730821608,6,0.195854486746175,0.5,-0.463794736600511,49.59146618247844,50.40853381752156,22.40620744439401,10.4,1,0.0,3.2,0,5.0,48,14.333333333333334,8.6,-0.9,-0.7542,0.0007645687779955,-1,-16.2,0.0,0.0,0.0004539264639156,-0.0999999999999996,0,-1.0,0,0.0,-2.267,2.11,0.0,2.163174,0.9598214,0.6451344,0.18117383,16.698505
P21817 2350 A T,7M6L A 2350 A,1.0,7991.661029586723,0.729786787750042,0.001178748476959,0.001179463024628,0.8981564509735841,0.8866820420969501,0.6438603825976951,0.7562982296867901,0.058159328188833,0.009090864711844,0.000732637196264,0.367227508246342,0.142816613708579,7.712302403388256,0.621161648110914,17624,105.928795195706,0.472924148696196,0.999930534933758,0.472957002685717,39.74126191556968,49.95460735360872,10.304130730821608,3,0.320948944935529,1.0,-0.7135254887874971,49.59714026327735,50.40285973672265,22.40643440762597,8.6,0,0.0,3.2,0,4.0,28,13.0,7.8,-0.696,-0.7698,0.0008544021531662,2,-4.2,-0.0056740807989115,0.0056740807989115,0.0006808896958716,0.5,0,0.0,0,2.0,-2.001,1.167,0.0,0.5932631,0.15625,0.5881371,0.19114177,16.599825
P21817 2355 R W,7M6L A 2355 R,1.0,7991.661029586723,0.729786787750042,0.001178748476959,0.001179463024628,0.8981564509735841,0.8866820420969501,0.6438603825976951,0.7623127553336361,0.070301861098502,0.009123562108454,0.000977522728735,0.423909675547542,0.324614162505674,7.740041481953125,0.828786242827177,17624,105.92874038219956,0.472924148696196,0.999930534933758,0.472957002685717,39.74126191556968,49.95460735360872,10.304130730821608,10,0.210312258897588,0.5,-0.947070266726393,49.58579210167953,50.41420789832047,22.405583295506126,5.4,0,0.0,26.5,0,2.0,33,14.666666666666666,7.4,-0.629,-0.692125,0.0007995886467284,3,4.399999999999999,0.0056740807989115,-0.0056740807989115,-0.0001702224239679,-5.1,-1,-1.0,0,-1.0,-2.254,2.934,-3.0,2.2316942,0.83035713,0.46618253,0.2125003,15.129432
P21817 2375 G A,7M6L A 2375 G,1.0,7991.661029586723,0.729786787750042,0.001178748476959,0.001179463024628,0.8981564509735841,0.8866820420969501,0.6438603825976951,0.807875624148887,0.147923286427598,0.009412973227743,0.001840400719697,0.465539591526503,0.46697684975034,7.985565548321581,1.560371695651235,17624,105.92878361012428,0.472924148696196,0.999930534933758,0.472957002685717,39.74126191556968,49.95460735360872,10.304130730821608,1,0.361833872229598,1.0,-0.44331840406438,49.59146618247844,50.40853381752156,22.40575351793009,8.1,0,0.0,48.8,0,1.0,11,5.333333333333333,4.2,-0.872,-0.5655714285714286,0.0008428165714491,1,-0.7000000000000028,0.0,0.0,0.0,-0.9000000000000004,0,0.0,0,0.0,-1.804,-0.306,0.0,,,0.34505576,0.19441839,12.980923
P21817 2428 A T,7M6L A 2428 A,1.0,7991.661029586723,0.729786787750042,0.001178748476959,0.001179463024628,0.8981564509735841,0.8866820420969501,0.6438603825976951,0.8172378574670901,0.111552428506581,0.009489046018527,0.001344877796114,0.36429144784388,0.132376305038583,8.050102463762448,1.14024583054472,17624,105.9287838359392,0.472924148696196,0.999930534933758,0.472957002685717,39.74126191556968,49.95460735360872,10.304130730821608,3,0.311320450433624,0.5,-0.413855097402251,49.59714026327735,50.40285973672265,22.40660463004993,8.6,0,0.0,8.1,0,4.0,34,15.666666666666666,13.6,-0.909,-0.7807272727272728,0.0008430423863927,2,1.0,-0.0056740807989115,0.0056740807989115,0.000851112119836,0.5,0,0.0,0,2.0,-1.175,1.757,0.0,,,0.58721465,0.17362215,16.602365
P21817 2434 G R,7M6L A 2434 G,1.0,7991.661029586723,0.729786787750042,0.001178748476959,0.001179463024628,0.8981564509735841,0.8866820420969501,0.6438603825976951,0.820358601906491,0.123808443032228,0.009516034692175,0.001477196815358,0.360204743006833,0.120744439400817,8.072998504924236,1.252431644327113,17624,105.9288610886874,0.472924148696196,0.999930534933758,0.472957002685717,39.74126191556968,49.95460735360872,10.304130730821608,7,0.245821325525655,0.5,-0.426290568462098,49.59714026327735,50.40285973672265,22.40983885610531,10.5,1,1.0,0.1,0,4.0,60,27.0,18.8,-0.872,-0.8664545454545455,0.0009202951345912,7,-0.3,-0.0056740807989115,0.0056740807989115,0.0040853381752157,1.5,1,1.0,0,2.0,-0.921,2.747,-2.0,,,0.639756,0.15556486,16.673723
P21817 2435 R H,7M6L A 2435 R,1.0,7991.661029586723,0.729786787750042,0.001178748476959,0.001179463024628,0.8981564509735841,0.8866820420969501,0.6438603825976951,0.8016908760780751,0.07421697684975,0.009329181574508,0.001031093914506,0.362287540901474,0.126475261007716,7.914480278756048,0.874206221794497,17624,105.928770757512,0.472924148696196,0.999930534933758,0.472957002685717,39.74126191556968,49.95460735360872,10.304130730821608,6,0.274107973807,0.5,-0.443603873630019,49.59146618247844,50.40853381752156,22.40473218338629,10.4,1,0.0,10.9,0,4.0,34,13.0,8.4,-0.9,-0.8634000000000001,0.0008299639591911,-1,-2.799999999999999,0.0,0.0,-0.0010213345438039,-0.0999999999999996,0,-1.0,0,-2.0,-1.398,2.568,0.0,,,0.6214149,0.16150698,16.343117
P21817 2452 R W,7M6L A 2452 R,1.0,7991.661029586723,0.729786787750042,0.001178748476959,0.001179463024628,0.8981564509735841,0.8866820420969501,0.6438603825976951,0.78483885610531,0.14525646845211,0.009215283602379,0.001793029288444,0.434457657803435,0.355197458011802,7.817854090594861,1.5202081379440502,17624,105.92878879853173,0.472924148696196,0.999930534933758,0.472957002685717,39.74126191556968,49.95460735360872,10.304130730821608,10,0.241668897306426,0.5,-0.8428479071993911,49.58579210167953,50.41420789832047,22.40575351793009,5.4,0,0.0,10.8,0,2.0,35,12.0,6.6,-0.9,-0.801,0.0008480049788914,3,-12.7,0.0056740807989115,-0.0056740807989115,0.0,-5.1,-1,-1.0,0,0.0,-1.398,3.66,-3.0,,,0.35293412,0.19376892,13.090363
P21817 2454 R C,7M6L A 2454 R,1.0,7991.661029586723,0.729786787750042,0.001178748476959,0.001179463024628,0.8981564509735841,0.8866820420969501,0.6438603825976951,0.8028824330458461,0.138958238765319,0.00934676004417,0.001715523700691,0.408108674462839,0.266681797548797,7.929393103675964,1.454495533025599,17624,105.92871230175264,0.472924148696196,0.999930534933758,0.472957002685717,39.74126191556968,49.95460735360872,10.304130730821608,2,0.310485868554849,0.5,-0.6408789200971681,49.59146618247844,50.40853381752156,22.404448479346343,5.5,0,0.0,8.7,0,2.0,28,9.0,6.2,-0.815,-0.8232000000000002,0.0007715081998043,-5,-11.3,0.0,0.0,-0.001305038583748,-5.0,-1,-1.0,0,-1.0,-1.398,3.425,-3.0,,,0.48057428,0.16813822,14.806445
P21817 2454 R H,7M6L A 2454 R,1.0,7991.661029586723,0.729786787750042,0.001178748476959,0.001179463024628,0.8981564509735841,0.8866820420969501,0.6438603825976951,0.8028824330458461,0.138958238765319,0.00934676004417,0.001715523700691,0.408108674462839,0.266681797548797,7.929393103675964,1.454495533025599,17624,105.92873256803118,0.472924148696196,0.999930534933758,0.472957002685717,39.74126191556968,49.95460735360872,10.304130730821608,6,0.307017550513656,0.5,-0.635654634344035,49.59146618247844,50.40853381752156,22.40615070358601,10.4,1,0.0,5.5,0,2.0,42,11.666666666666666,7.6,-0.815,-0.8232000000000002,0.0007917744783583,-1,-14.5,0.0,0.0,0.0003971856559239,-0.0999999999999996,0,-1.0,0,-1.0,-1.398,2.568,0.0,,,0.48057428,0.16813822,14.806445
P21817 2458 R C,7M6L A 2458 R,1.0,7991.661029586723,0.729786787750042,0.001178748476959,0.001179463024628,0.8981564509735841,0.8866820420969501,0.6438603825976951,0.808045846572855,0.150703586019064,0.009414798726982,0.001910798896257,0.418576495658917,0.304698138901498,7.98711422412024,1.620058328542564,17624,105.92873199956712,0.472924148696196,0.999930534933758,0.472957002685717,39.74126191556968,49.95460735360872,10.304130730821608,2,0.371874558397658,0.5,-0.600907003228039,49.59146618247844,50.40853381752156,22.40388107126645,5.5,0,0.0,32.5,0,2.0,23,9.333333333333332,6.8,-0.9,-0.7232999999999999,0.0007912060143127,-5,5.800000000000001,0.0,0.0,-0.0018724466636399,-5.0,-1,-1.0,0,1.0,-1.398,3.425,-3.0,,,0.46957308,0.1662219,14.527016
P21817 2458 R H,7M6L A 2458 R,1.0,7991.661029586723,0.729786787750042,0.001178748476959,0.001179463024628,0.8981564509735841,0.8866820420969501,0.6438603825976951,0.808045846572855,0.150703586019064,0.009414798726982,0.001910798896257,0.418576495658917,0.304698138901498,7.98711422412024,1.620058328542564,17624,105.92874786566202,0.472924148696196,0.999930534933758,0.472957002685717,39.74126191556968,49.95460735360872,10.304130730821608,6,0.392480469022466,0.5,-0.596706605479158,49.59146618247844,50.40853381752156,22.405299591466186,10.4,1,0.0,26.9,0,2.0,35,12.0,7.8,-0.9,-0.7232999999999999,0.0008070721091968,-1,0.1999999999999993,0.0,0.0,-0.000453926463912,-0.0999999999999996,0,-1.0,0,1.0,-1.398,2.568,0.0,,,0.46957308,0.1662219,14.527016
P21817 2508 R C,7M6L A 2508 R,1.0,7991.661029586723,0.729786787750042,0.001178748476959,0.001179463024628,0.8981564509735841,0.8866820420969501,0.6438603825976951,0.841239219246482,0.147299137539718,0.009673360137166,0.001832063897359,0.403493630377794,0.252156150703586,8.206466711302687,1.553303375437735,17624,105.92880005127118,0.472924148696196,0.999930534933758,0.472957002685717,39.74126191556968,49.95460735360872,10.304130730821608,2,0.249424275547035,0.5,-0.389715767442926,49.59146618247844,50.40853381752156,22.40348388561053,5.5,0,0.0,25.7,0,2.0,18,10.666666666666666,11.4,-0.9,-0.854111111111111,0.0008592577183605,-5,10.6,0.0,0.0,-0.0022696323195638,-5.0,-1,-1.0,0,-1.0,-1.398,3.425,-3.0,,,0.5806394,0.12708,16.335958
P21817 2508 R G,7M6L A 2508 R,1.0,7991.661029586723,0.729786787750042,0.001178748476959,0.001179463024628,0.8981564509735841,0.8866820420969501,0.6438603825976951,0.841239219246482,0.147299137539718,0.009673360137166,0.001832063897359,0.403493630377794,0.252156150703586,8.206466711302687,1.553303375437735,17624,105.9287844252446,0.472924148696196,0.999930534933758,0.472957002685717,39.74126191556968,49.95460735360872,10.304130730821608,0,0.267285066667102,0.5,-0.407989027227407,49.58579210167953,50.41420789832047,22.40291647753064,9.0,0,0.0,27.4,0,1.0,13,10.0,11.2,-0.9,-0.854111111111111,0.0008436316917936,-7,12.3,0.0056740807989115,-0.0056740807989115,-0.0028370403994557,-1.5,-1,-1.0,0,-2.0,-1.398,1.696,-2.0,,,0.5806394,0.12708,16.335958
P21817 2508 R H,7M6L A 2508 R,1.0,7991.661029586723,0.729786787750042,0.001178748476959,0.001179463024628,0.8981564509735841,0.8866820420969501,0.6438603825976951,0.841239219246482,0.147299137539718,0.009673360137166,0.001832063897359,0.403493630377794,0.252156150703586,8.206466711302687,1.553303375437735,17624,105.92881664026592,0.472924148696196,0.999930534933758,0.472957002685717,39.74126191556968,49.95460735360872,10.304130730821608,6,0.26003621375156,0.5,-0.38718818453758,49.59146618247844,50.40853381752156,22.40422151611439,10.4,1,0.0,28.1,0,1.0,22,11.666666666666666,11.8,-0.9,-0.854111111111111,-0.0003438592314637,-1,13.000000000000002,0.0,0.0,-0.0038583749432596,-0.0999999999999996,0,-1.0,0,-2.0,-1.398,2.568,0.0,,,0.5806394,0.12708,16.335958
P21817 3104 E K,7M6L A 3104 E,1.0,7991.661029586723,0.729786787750042,0.001178748476959,0.001179463024628,0.8981564509735841,0.8866820420969501,0.6438603825976951,0.97906264185202,0.444961416250567,0.012070195318064,0.007431245275794,0.6648957319616661,0.8095778483885611,10.23983958749181,6.300532632750321,17624,105.92882327539832,0.472924148696196,0.999930534933758,0.472957002685717,39.74126191556968,49.95460735360872,10.304130730821608,5,0.411708163886184,0.5,1.5362469538339152,49.59146618247844,50.40853381752156,22.4052428506582,11.3,1,1.0,36.2,0,2.0,33,12.333333333333334,8.2,-0.616,-0.3864444444444444,-0.0003372240990699,0,12.700000000000005,0.0,0.0,-0.0028370403994557,-1.0,0,2.0,0,-1.0,-1.255,1.487,1.0,,,0.1678697,1.1138225,13.6214285
P21817 3990 G V,7M6L A 3991 G,1.0,7991.661029586723,0.729786787750042,0.001178748476959,0.001179463024628,0.8981564509735841,0.8866820420969501,0.6438603825976951,0.32608942351339,0.098445301861098,0.005242969112045,0.001218726894319,0.34389891506513,0.079096686336813,4.447911674566443,1.033289614740738,17624,105.92877780685276,0.472924148696196,0.999930534933758,0.472957002685717,39.74126191556968,49.95460735360872,10.304130730821608,3,0.283395925762886,0.5,-1.465586991618343,49.59146618247844,50.40853381752156,22.40643440762597,5.9,0,0.0,24.2,0,2.0,31,15.0,6.0,-0.869,-0.8456666666666668,-0.0003826926446208,3,9.3,0.0,0.0,-0.0016454834316839,-3.1,0,0.0,0,0.0,-0.921,2.568,-3.0,2.3043563,0.96638656,0.4478525,0.16475715,15.4991665
P21817 4796 Y C,7M6L A 4795 Y,1.0,7991.661029586723,0.729786787750042,0.001178748476959,0.001179463024628,0.8981564509735841,0.8866820420969501,0.6438603825976951,0.062414888788016,0.046811166591012,0.000821323137532,0.000576201005616,0.322163441484311,0.044655015887426,0.696775566277801,0.488528248520481,17624,105.92877777731714,0.472924148696196,0.999930534933758,0.472957002685717,39.74126191556968,49.95460735360872,10.304130730821608,2,0.304280134503926,0.5,-0.483331249837026,49.59146618247844,50.40853381752156,22.403710848842486,5.5,0,0.0,11.5,0,2.0,24,12.0,4.2,-0.861,-0.4636666666666666,-0.0003827221802481,-6,9.5,0.0,0.0,-0.0043690422151634,-0.7000000000000002,0,0.0,0,-1.0,-1.282,3.316,-2.0,,,0.17437498,0.29203627,15.238526
P21817 4826 T I,7M6L A 4825 T,1.0,7991.661029586723,0.729786787750042,0.001178748476959,0.001179463024628,0.8981564509735841,0.8866820420969501,0.6438603825976951,0.055605991829323,0.027519291874716,0.000717183623467,0.000329363772711,0.309700288249774,0.030526554698138,0.608428038284706,0.279248917375111,17624,105.9287600980504,0.472924148696196,0.999930534933758,0.472957002685717,39.74126191556968,49.95460735360872,10.304130730821608,4,0.300968685432775,0.5,-0.9474136508610612,49.58579210167953,50.41420789832047,22.40586699954608,5.2,0,0.0,13.8,0,3.0,29,9.666666666666666,6.0,-0.908,-0.8534,-0.0004004014469813,1,3.6000000000000014,0.0056740807989115,-0.0056740807989115,-0.0022128915115757,-3.3999999999999995,0,0.0,0,-1.0,-1.245,2.051,-1.0,,,0.1759348,0.22474363,12.158442
P21817 4833 H Y,7M6L A 4832 H,1.0,7991.661029586723,0.729786787750042,0.001178748476959,0.001179463024628,0.8981564509735841,0.8866820420969501,0.6438603825976951,0.045108942351339,0.03296640944167,0.00055434337098,0.000399557103598,0.361040786679829,0.122843849296414,0.470281304125564,0.338761873204061,17624,105.92875466121544,0.472924148696196,0.999930534933758,0.472957002685717,39.74126191556968,49.95460735360872,10.304130730821608,8,0.310981438677119,0.5,-1.027292597290569,49.59146618247844,50.40853381752156,22.40683159328189,6.2,0,0.0,54.2,0,2.0,24,12.666666666666666,6.4,-0.901,-0.8708571428571429,-0.0004058382819493,2,-6.099999999999994,0.0,0.0,-0.0012482977757599,-4.2,-1,0.0,0,1.0,-1.433,1.565,2.0,,,0.15749706,0.2575145,12.255718
P21817 4838 L V,7M6L A 4837 L,1.0,7991.661029586723,0.729786787750042,0.001178748476959,0.001179463024628,0.8981564509735841,0.8866820420969501,0.6438603825976951,0.01900817067635,0.039207898320472,0.000241482167944,0.000464482116967,0.292050785995162,0.013561053109396,0.204863185543559,0.393808120533002,17624,105.92875455655928,0.472924148696196,0.999930534933758,0.472957002685717,39.74126191556968,49.95460735360872,10.304130730821608,3,0.394990959747072,0.5,-0.7610318429367571,49.59146618247844,50.40853381752156,22.405923740354066,5.9,0,0.0,19.2,0,2.0,27,8.333333333333332,4.2,-0.869,-0.7426999999999999,-0.0004059429381157,-1,-5.300000000000001,0.0,0.0,-0.0021561507035876,1.0,0,0.0,0,0.0,-1.208,1.381,1.0,,,0.103624575,0.42839083,12.556563
P21817 4849 V I,7M6L A 4848 V,1.0,7991.661029586723,0.729786787750042,0.001178748476959,0.001179463024628,0.8981564509735841,0.8866820420969501,0.6438603825976951,0.002212891511575,0.041137085792101,2.592913829896588e-05,0.000490857680114,0.292586574269494,0.013731275533363,0.021997176501852,0.416170468988433,17624,105.9287621852436,0.472924148696196,0.999930534933758,0.472957002685717,39.74126191556968,49.95460735360872,10.304130730821608,4,0.333428958624165,0.5,-0.378310424256661,49.59146618247844,50.40853381752156,22.40586699954608,5.2,0,0.0,0.8,0,3.0,37,17.0,8.4,-0.905,-0.849,-0.0003983142537862,1,-0.8,0.0,0.0,-0.0022128915115757,-0.7000000000000002,0,0.0,0,0.0,-1.304,1.092,3.0,,,0.04156631,1.2907637,13.142534
P21817 4861 R H,7M6L A 4860 R,1.0,7991.661029586723,0.729786787750042,0.001178748476959,0.001179463024628,0.8981564509735841,0.8866820420969501,0.6438603825976951,0.007206082614616,0.040342714480254,6.757870929680091e-05,0.00047935548469,0.33285677046526,0.057421697684975,0.057330898506117,0.406418407937526,17624,105.92872295762528,0.472924148696196,0.999930534933758,0.472957002685717,39.74126191556968,49.95460735360872,10.304130730821608,6,0.399008289750119,1.0,0.061949447159872,49.59146618247844,50.40853381752156,22.40575351793009,10.4,1,0.0,18.6,0,1.0,35,14.666666666666666,8.6,-0.896,-0.8346,-0.0004375418721025,-1,-1.5,0.0,0.0,-0.0023263731275555,-0.0999999999999996,0,-1.0,0,0.0,-1.398,2.568,0.0,,,0.016674967,2.9925034,12.189273
P21817 4898 I T,7M6L A 4897 I,1.0,7991.661029586723,0.729786787750042,0.001178748476959,0.001179463024628,0.8981564509735841,0.8866820420969501,0.6438603825976951,0.008738084430322,0.025476622787108,7.412349458253261e-05,0.000305963480334,0.263248281459176,0.000794371311847,0.062883215572617,0.259409132754368,17624,105.92874889187308,0.472924148696196,0.999930534933758,0.472957002685717,39.74126191556968,49.95460735360872,10.304130730821608,3,0.528651190577635,1.0,-0.234827170801037,49.59714026327735,50.40285973672265,22.40518610985021,8.6,0,0.0,2.6,0,2.0,28,10.666666666666666,5.0,-0.906,-0.8580833333333334,-0.0004116076243008,-1,2.5,-0.0056740807989115,0.0056740807989115,-0.0028937812074438,3.3999999999999995,0,0.0,0,0.0,-1.436,1.721,-1.0,,,0.03213194,1.671524,13.655568
P21817 177 R C,7M6L A 178 R,,7991.661029586723,0.729786787750042,0.001178748476959,0.001179463024628,0.8981564509735841,0.8866820420969501,0.6438603825976951,0.187471629596005,0.614956876985928,0.002826415963651,0.008491311504672,0.377090947279784,0.172435315478892,2.397810914625882,7.199302841517458,17624,105.92869235843628,0.472924148696196,0.999930534933758,0.472957002685717,39.74126191556968,49.95460735360872,10.304130730821608,2,0.436066660123207,1.0,-1.028949802281272,49.59146618247844,50.40853381752156,22.40348388561053,5.5,0,0.0,1.0,0,5.0,24,12.666666666666666,10.2,-0.864,-0.6617777777777777,-0.0004681410611198,-5,0.8,0.0,0.0,-0.0045960054471194,-5.0,-1,-1.0,0,2.0,-1.234,3.754,-3.0,1.5825841,0.9162561,0.112613104,0.23352994,14.442023
P21817 214 T M,7M6L A 215 T,,7991.661029586723,0.729786787750042,0.001178748476959,0.001179463024628,0.8981564509735841,0.8866820420969501,0.6438603825976951,0.245914661824784,0.5737063095778481,0.00405848734657,0.008296034098693,0.439321201037319,0.370687698592827,3.443047796794665,7.033738171915886,17624,105.92876106525333,0.472924148696196,0.999930534933758,0.472957002685717,39.74126191556968,49.95460735360872,10.304130730821608,4,0.218750493108565,0.0,-1.807670224305143,49.58579210167953,50.41420789832047,22.40649114843396,5.7,0,0.0,0.0,0,3.0,38,18.0,13.0,0.296,0.0193333333333333,-0.0003994342440591,1,0.0,0.0056740807989115,-0.0056740807989115,-0.0015887426236957,-2.8999999999999995,0,0.0,0,0.0,-1.961,2.272,-1.0,1.7330227,0.2611111,0.30670828,0.12500566,16.180387
P21817 539 F V,7M6L A 540 F,,7991.661029586723,0.729786787750042,0.001178748476959,0.001179463024628,0.8981564509735841,0.8866820420969501,0.6438603825976951,0.399568769859282,0.488368134362233,0.006621929735653,0.007835735518639,0.445714744807162,0.390546981389015,5.617763131906214,6.643477035753337,17624,105.9288057376653,0.472924148696196,0.999930534933758,0.472957002685717,39.74126191556968,49.95460735360872,10.304130730821608,3,0.251806711623559,1.0,-0.623167307300413,49.59146618247844,50.40853381752156,22.40478892419428,5.9,0,0.0,7.2,0,1.0,20,6.333333333333333,3.2,-0.823,-0.31425,-0.0003547618320851,-4,5.5,0.0,0.0,-0.0032909668633678,0.7000000000000002,0,0.0,0,0.0,-1.07,2.089,-1.0,1.6318603,0.75,0.4919829,0.06603031,15.603992
P21817 1588 P L,7M6L A 1589 P,,7991.661029586723,0.729786787750042,0.001178748476959,0.001179463024628,0.8981564509735841,0.8866820420969501,0.6438603825976951,0.623581479800272,0.734679981842941,0.008538224829206,0.009010520877347,0.45999783193048,0.441727190195188,7.243466266214028,7.639511107341078,17624,105.92878616175705,0.472924148696196,0.999930534933758,0.472957002685717,39.74126191556968,49.95460735360872,10.304130730821608,4,0.5735015420920331,1.0,0.120149058198577,49.59146618247844,50.40853381752156,22.406320926009982,4.9,0,0.0,32.3,0,0.0,16,7.333333333333333,6.6,-0.355,0.1559,-0.0003743377403537,1,-1.0,0.0,0.0,-0.0017589650476637,-3.1,0,0.0,0,0.0,-1.059,2.374,-3.0,,,0.35129613,0.07359757,15.8583145
P21817 1675 L P,7M6L A 1676 L,,7991.661029586723,0.729786787750042,0.001178748476959,0.001179463024628,0.8981564509735841,0.8866820420969501,0.6438603825976951,0.528937812074443,0.424364502950521,0.008109053275866,0.006995528627416,0.359953077318288,0.119723104857013,6.879375400580494,5.931113126348441,17624,105.92880324482527,0.472924148696196,0.999930534933758,0.472957002685717,39.74126191556968,49.95460735360872,10.304130730821608,3,0.345851059524652,1.0,-0.202269927450553,49.59146618247844,50.40853381752156,22.40478892419428,8.0,0,0.0,16.0,0,0.0,13,6.0,6.4,-0.322,-0.41175,-0.0003572546721102,-1,1.3000000000000007,0.0,0.0,-0.0032909668633678,3.1,0,0.0,0,0.0,-0.972,2.988,-3.0,,,0.72147846,0.09750585,16.363941
P21817 1728 S F,7M6L A 1729 S,,7991.661029586723,0.729786787750042,0.001178748476959,0.001179463024628,0.8981564509735841,0.8866820420969501,0.6438603825976951,0.525873808443032,0.371992737176577,0.008081159460517,0.006167948787987,0.42713522706008,0.336075805719473,6.855711475753546,5.229454980099967,17624,105.92871476506842,0.472924148696196,0.999930534933758,0.472957002685717,39.74126191556968,49.95460735360872,10.304130730821608,7,0.342387193582889,0.5,-0.254621860073826,49.58579210167953,50.41420789832047,22.40609396277803,5.2,0,0.0,41.9,0,1.0,24,11.333333333333334,7.2,0.305,-0.1128571428571428,-0.0004457344289647,5,8.199999999999996,0.0056740807989115,-0.0056740807989115,-0.0019859282796197,-3.999999999999999,0,0.0,0,-1.0,-2.027,1.801,-2.0,,,0.6309445,0.13195875,15.393728
P21817 2163 R L,7M6L A 2163 R,,7991.661029586723,0.729786787750042,0.001178748476959,0.001179463024628,0.8981564509735841,0.8866820420969501,0.6438603825976951,0.5448252383113931,0.332898320472083,0.008202924788433,0.005334464829076,0.384769740524619,0.196152973218338,6.959011993459859,4.52279106482084,17624,105.9287920221178,0.472924148696196,0.999930534933758,0.472957002685717,39.74126191556968,49.95460735360872,10.304130730821608,4,0.374433799866711,0.5,-0.240746898411845,49.58579210167953,50.41420789832047,22.404675442578306,4.9,0,0.0,26.9,0,1.0,17,6.333333333333333,5.4,-0.9,-0.703625,-0.0003684773795811,-3,6.399999999999999,0.0056740807989115,-0.0056740807989115,-0.0034044484793476,-5.6,-1,-1.0,0,-1.0,-1.398,1.696,-2.0,1.8288076,0.67410713,0.6828979,0.14158973,16.247412
P21817 2204 H Q,7M6L A 2204 H,,7991.661029586723,0.729786787750042,0.001178748476959,0.001179463024628,0.8981564509735841,0.8866820420969501,0.6438603825976951,0.604232864275987,0.237857467090331,0.008391826541671,0.003865530882105,0.417423274039511,0.301463912846118,7.119268194787344,3.277365039334474,17624,105.92877809178886,0.472924148696196,0.999930534933758,0.472957002685717,39.74126191556968,49.95460735360872,10.304130730821608,5,0.39022563676759,0.5,-0.394714063588461,49.59146618247844,50.40853381752156,22.40546981389015,10.5,0,0.0,5.4,0,0.0,26,12.0,6.6,-0.828,-0.8126249999999999,-0.0003824077085283,-1,-0.3999999999999994,0.0,0.0,-0.0026100771674997,0.0999999999999996,-1,0.0,0,0.0,-1.433,1.977,0.0,1.4434394,0.3169643,0.6478666,0.1743288,16.363855
P21817 2237 C Y,7M6L A 2237 C,,7991.661029586723,0.729786787750042,0.001178748476959,0.001179463024628,0.8981564509735841,0.8866820420969501,0.6438603825976951,0.678563322741715,0.16176804357694,0.008706100174319,0.002178920136351,0.36230063415461,0.126645483431684,7.385884558491096,1.847383165773522,17624,105.92870784668138,0.472924148696196,0.999930534933758,0.472957002685717,39.74126191556968,49.95460735360872,10.304130730821608,8,0.252216903888035,0.5,-0.298381122018487,49.59146618247844,50.40853381752156,22.40927144802542,6.2,0,0.0,8.4,0,3.0,53,22.0,15.2,-0.862,-0.8648181818181818,0.0006896236885722,6,-11.999999999999998,0.0,0.0,-0.000851112119836,0.7000000000000002,0,0.0,0,0.0,-1.412,2.486,-2.0,2.0333564,0.97321427,0.5681065,0.20516573,15.5424
P21817 2362 E K,7M6L A 2362 E,,7991.661029586723,0.729786787750042,0.001178748476959,0.001179463024628,0.8981564509735841,0.8866820420969501,0.6438603825976951,0.7881298229686791,0.116318656377666,0.009226945894584,0.00138658179418,0.414745896185378,0.290059010440308,7.827747882555812,1.175604292145367,17624,105.92877193800165,0.472924148696196,0.999930534933758,0.472957002685717,39.74126191556968,49.95460735360872,10.304130730821608,5,0.312174019264196,1.0,-0.7877366495351391,49.59146618247844,50.40853381752156,22.405583295506126,11.3,1,1.0,35.3,0,1.0,16,7.333333333333333,7.4,-0.896,-0.80925,0.0007537150088268,0,9.099999999999998,0.0,0.0,-0.0045392646391313,-1.0,0,2.0,0,0.0,-2.096,1.04,1.0,1.060619,0.1875,0.42593062,0.23416367,14.567255
P21817 2363 C W,7M6L A 2363 C,,7991.661029586723,0.729786787750042,0.001178748476959,0.001179463024628,0.8981564509735841,0.8866820420969501,0.6438603825976951,0.7859169314571041,0.094076259645937,0.009219413482303,0.001187371762611,0.393081211267894,0.219700408533817,7.821357704813759,1.006705371697257,17624,105.92881555204004,0.472924148696196,0.999930534933758,0.472957002685717,39.74126191556968,49.95460735360872,10.304130730821608,10,0.299890790263938,1.0,-0.6797217911265561,49.58579210167953,50.41420789832047,22.40790966863368,5.4,0,0.0,0.4,0,1.0,32,16.0,9.4,-0.862,-0.8175555555555555,0.0007973290472449,8,-0.9,0.0056740807989115,-0.0056740807989115,-0.0022128915115757,-0.0999999999999996,0,0.0,0,0.0,-2.401,2.668,-2.0,1.5248377,0.84821427,0.5230008,0.22033522,16.162537
P21817 2364 F V,7M6L A 2364 F,,7991.661029586723,0.729786787750042,0.001178748476959,0.001179463024628,0.8981564509735841,0.8866820420969501,0.6438603825976951,0.7934634589196551,0.126191556967771,0.009259517236623,0.001508279635919,0.396929446806221,0.231729459827507,7.855380021791077,1.278785010148356,17624,105.92881470176631,0.472924148696196,0.999930534933758,0.472957002685717,39.74126191556968,49.95460735360872,10.304130730821608,3,0.334657781777376,1.0,-0.6462352828524891,49.59146618247844,50.40853381752156,22.40427825692237,5.9,0,0.0,6.4,0,0.0,21,12.333333333333334,5.2,-0.871,-0.8558888888888888,0.000796478773509,-4,4.0,0.0,0.0,-0.0058443032228794,0.7000000000000002,0,0.0,0,0.0,-2.229,0.69,-1.0,0.64856213,0.026785715,0.5559781,0.20672385,16.603466
P21817 2431 D Y,7M6L A 2431 D,,7991.661029586723,0.729786787750042,0.001178748476959,0.001179463024628,0.8981564509735841,0.8866820420969501,0.6438603825976951,0.826373127553336,0.127780299591466,0.00955933682973,0.001532194611311,0.354200400222489,0.103495233772128,8.109734194006167,1.299061165392862,17624,105.92884888833204,0.472924148696196,0.999930534933758,0.472957002685717,39.74126191556968,49.95460735360872,10.304130730821608,8,0.295818698733429,0.5,-0.352571884690403,49.59146618247844,50.40853381752156,22.40688833408988,6.2,0,0.0,17.3,0,2.0,40,18.33333333333333,11.4,-0.901,-0.7940833333333335,0.0008306653392367,4,6.4,0.0,0.0,-0.0032342260553797,-6.8,-1,1.0,0,-1.0,-1.139,2.984,-3.0,,,0.6031938,0.1598362,16.59436
P21817 2627 V M,7M6L A 2627 V,,7991.661029586723,0.729786787750042,0.001178748476959,0.001179463024628,0.8981564509735841,0.8866820420969501,0.6438603825976951,0.9237403540626412,0.304925102133454,0.011430924173287,0.004990255580699,0.560378543189024,0.661370857921016,9.697509177507715,4.230955508140388,17624,105.92876062432988,0.472924148696196,0.999930534933758,0.472957002685717,39.74126191556968,49.95460735360872,10.304130730821608,4,0.347327026771577,0.5,0.729588257609406,49.59146618247844,50.40853381752156,22.406547889241946,5.7,0,0.0,9.6,0,2.0,38,12.666666666666666,7.6,-0.909,-0.6807777777777777,0.000742401337078,1,-2.4000000000000004,0.0,0.0,-0.0035746709033155,-0.2000000000000001,0,0.0,0,0.0,-1.304,2.461,1.0,,,0.51262057,0.119780466,15.847755
P21817 2676 R W,7M6L A 2676 R,,7991.661029586723,0.729786787750042,0.001178748476959,0.001179463024628,0.8981564509735841,0.8866820420969501,0.6438603825976951,0.9345778483885612,0.352984566500226,0.011709560888851,0.005559231787902,0.6122836511237281,0.7442691783931,9.933892698683662,4.713358258647605,17624,105.92877275057934,0.472924148696196,0.999930534933758,0.472957002685717,39.74126191556968,49.95460735360872,10.304130730821608,10,0.295273824337103,0.5,0.920661510506647,49.58579210167953,50.41420789832047,22.406320926009982,5.4,0,0.0,11.9,0,2.0,47,16.0,10.6,-0.345,-0.703125,0.0007545275865368,3,-0.5999999999999996,0.0056740807989115,-0.0056740807989115,-0.0038016341352715,-5.1,-1,-1.0,0,0.0,-1.511,3.622,-3.0,,,0.53446984,0.15882371,16.35236
P21817 3051 R H,7M6L A 3051 R,,7991.661029586723,0.729786787750042,0.001178748476959,0.001179463024628,0.8981564509735841,0.8866820420969501,0.6438603825976951,0.9804811620517472,0.427995914661824,0.01207752490637,0.00709832114665,0.6928743638332521,0.8343168406718111,10.24605769801258,6.018265090493837,17624,105.92871047050976,0.472924148696196,0.999930534933758,0.472957002685717,39.74126191556968,49.95460735360872,10.304130730821608,6,0.358475538230587,1.0,1.375833945617512,49.59146618247844,50.40853381752156,22.40603722197004,10.4,1,0.0,41.6,0,0.0,17,10.0,8.2,-0.25,-0.1071428571428571,0.0006922475169517,-1,-10.4,0.0,0.0,-0.0040853381752157,-0.0999999999999996,0,-1.0,0,0.0,-1.398,2.568,0.0,,,0.23304577,0.7751401,14.545776
P21817 3418 N D,7M6L A 3418 N,,7991.661029586723,0.729786787750042,0.001178748476959,0.001179463024628,0.8981564509735841,0.8866820420969501,0.6438603825976951,0.910406264185202,0.6174534725374491,0.011036767916998,0.008505079470693,0.5947146510604421,0.71697684975034,9.363123798444516,7.210975921328503,17624,105.9287723512727,0.472924148696196,0.999930534933758,0.472957002685717,39.74126191556968,49.95460735360872,10.304130730821608,4,0.244433719762588,0.5,0.746324498618248,49.59146618247844,50.40853381752156,22.40552655469813,13.0,1,-1.0,51.4,0,1.0,15,10.666666666666666,5.2,-0.074,-0.616,0.0007541282798939,0,1.7999999999999972,0.0,0.0,-0.0045960054471194,1.4000000000000004,1,-1.0,0,0.0,-1.468,1.582,1.0,,,0.19048244,0.67268795,13.133589
P21817 3903 R Q,7M6L A 3904 R,,7991.661029586723,0.729786787750042,0.001178748476959,0.001179463024628,0.8981564509735841,0.8866820420969501,0.6438603825976951,0.324500680889695,0.152576032682705,0.005225368856585,0.001956834342213,0.321828672618428,0.04437131184748,4.43298036750322,1.6590891798661782,17624,105.92878591268293,0.472924148696196,0.999930534933758,0.472957002685717,39.74126191556968,49.95460735360872,10.304130730821608,5,0.380925340862722,0.5,-1.73397923998665,49.59146618247844,50.40853381752156,22.40478892419428,10.5,0,0.0,22.0,0,0.0,27,12.666666666666666,10.0,-0.898,-0.7338181818181819,0.0007676896901216,-2,-0.8999999999999986,0.0,0.0,-0.0053336359509756,0.0,-1,-1.0,0,-1.0,-1.398,1.787,1.0,0.88344187,0.11764706,0.4809748,0.07211695,15.670812
P21817 3772 R Q,7M6L A 3773 R,,7991.661029586723,0.729786787750042,0.001178748476959,0.001179463024628,0.8981564509735841,0.8866820420969501,0.6438603825976951,0.335054471175669,0.212380844303222,0.00536413858675,0.003300609900662,0.324843431309328,0.049364502950521,4.5507066957895,2.798400485426407,17624,105.92875477017274,0.472924148696196,0.999930534933758,0.472957002685717,39.74126191556968,49.95460735360872,10.304130730821608,5,0.525608382457305,1.0,-0.9275556130489632,49.59146618247844,50.40853381752156,22.4052428506582,10.5,0,0.0,7.8,0,0.0,31,12.333333333333334,9.2,-0.809,-0.549,0.0007365471799403,-2,-8.0,0.0,0.0,-0.0048797094870636,0.0,-1,-1.0,0,-3.0,-1.398,1.787,1.0,,,0.5005432,0.05951136,15.368676
P21817 3986 D E,7M6L A 3987 D,,7991.661029586723,0.729786787750042,0.001178748476959,0.001179463024628,0.8981564509735841,0.8866820420969501,0.6438603825976951,0.323763050385837,0.110133908306854,0.005215527274008,0.001332929016515,0.395029009388511,0.22582841579664,4.424631188039557,1.13011513602591,17624,105.92876867112616,0.472924148696196,0.999930534933758,0.472957002685717,39.74126191556968,49.95460735360872,10.304130730821608,5,0.34837117246426,0.5,-1.604420223829369,49.59146618247844,50.40853381752156,22.40598048116205,12.3,1,-1.0,23.5,0,2.0,31,13.333333333333334,8.6,-0.898,-0.8360000000000001,0.0007504481333597,1,-7.0,0.0,0.0,-0.0041420789832073,-0.6999999999999993,0,0.0,0,0.0,-1.139,1.361,2.0,1.5719955,0.4369748,0.42954642,0.14446113,15.227381
P21817 4050 S Y,7M6L A 4051 S,,7991.661029586723,0.729786787750042,0.001178748476959,0.001179463024628,0.8981564509735841,0.8866820420969501,0.6438603825976951,0.297321833862914,0.094927371765773,0.004866658758296,0.001193866544023,0.374650915325584,0.163583749432591,4.128665999085518,1.012211929576935,17624,105.92877440366388,0.472924148696196,0.999930534933758,0.472957002685717,39.74126191556968,49.95460735360872,10.304130730821608,8,0.277805046098153,1.0,-1.591622883813416,49.59146618247844,50.40853381752156,22.405923740354066,6.2,0,0.0,27.0,0,2.0,27,9.0,4.6,-0.913,-0.7602222222222221,0.0007561806710612,6,18.1,0.0,0.0,-0.0041988197911955,-2.999999999999999,0,0.0,0,0.0,-1.348,2.55,-2.0,,,0.31597486,0.18325292,13.684492
P21817 4234 V L,7M6L A 4235 V,,7991.661029586723,0.729786787750042,0.001178748476959,0.001179463024628,0.8981564509735841,0.8866820420969501,0.6438603825976951,0.188549704947798,0.082898320472083,0.002855596017538,0.001109130932908,0.403505743685678,0.252269632319564,2.422566029441812,0.9403693967069232,17624,105.92875935666808,0.472924148696196,0.999930534933758,0.472957002685717,39.74126191556968,49.95460735360872,10.304130730821608,4,0.258009688420483,0.5,-1.362536652063075,49.59146618247844,50.40853381752156,22.405923740354066,4.9,0,0.0,2.0,0,3.0,32,14.333333333333334,8.6,-0.831,-0.6264444444444446,0.0007411336752625,1,-0.7000000000000002,0.0,0.0,-0.0041988197911955,-1.0,0,0.0,0,0.0,-1.376,1.037,1.0,,,0.49689153,0.1359511,15.881647
P21817 4973 P L,7M6L A 4972 P,,7991.661029586723,0.729786787750042,0.001178748476959,0.001179463024628,0.8981564509735841,0.8866820420969501,0.6438603825976951,0.206423059464366,0.080969133000453,0.003175826305828,0.001096082956055,0.648221060104186,0.7903427144802541,2.694235766073555,0.929306754996434,17624,105.92877866508849,0.472924148696196,0.999930534933758,0.472957002685717,39.74126191556968,49.95460735360872,10.304130730821608,4,0.333060276891571,1.0,-1.743079624092209,49.59146618247844,50.40853381752156,22.405583295506126,4.9,0,0.0,78.2,0,0.0,5,3.666666666666666,1.6,-0.749,-0.5518,0.0007604420956681,1,-0.5,0.0,0.0,-0.0045392646391313,-3.1,0,0.0,0,0.0,-1.115,2.204,-3.0,,,0.074732594,0.18586223,10.625956
P21817 160 E G,7M6L A 161 E,,7991.661029586723,0.729786787750042,0.001178748476959,0.001179463024628,0.8981564509735841,0.8866820420969501,0.6438603825976951,0.198422605537902,0.5662165229232861,0.003008536365075,0.008281386892329,0.474860902084386,0.496198365864729,2.552314105920073,7.021319633938809,17624,105.9284274860718,0.472924148696196,0.999930534933758,0.472957002685717,39.74126191556968,49.95460735360872,10.304130730821608,0,0.49856317167435,1.0,-1.550008660477868,49.58579210167953,50.41420789832047,22.40796640944167,9.0,0,0.0,47.6,0,1.0,16,11.0,11.6,-0.855,-0.8235714285714285,-4.041905100393706e-06,-5,12.6,0.0056740807989115,-0.0056740807989115,-0.0015887426236957,-3.3000000000000007,-1,1.0,0,-1.0,-1.141,2.006,-2.0,0.99198097,0.32512316,0.07874454,0.27271584,12.772951
P21817 401 R H,7M6L A 402 R,,7991.661029586723,0.729786787750042,0.001178748476959,0.001179463024628,0.8981564509735841,0.8866820420969501,0.6438603825976951,0.279675442578302,0.533363595097594,0.004593522232099,0.00814451600143,0.416630320122078,0.29817294598275,3.896948604292913,6.905274545588651,17624,105.92841451883038,0.472924148696196,0.999930534933758,0.472957002685717,39.74126191556968,49.95460735360872,10.304130730821608,6,0.487443073551196,0.5,-1.287357520638162,49.59146618247844,50.40853381752156,22.40853381752156,10.4,1,0.0,13.4,0,3.0,30,15.0,10.0,-0.247,-0.4450999999999999,-1.7009146532132036e-05,-1,7.2,0.0,0.0,-0.0010213345438039,-0.0999999999999996,0,-1.0,0,0.0,-1.225,1.221,0.0,,,0.4575822,0.083390124,16.498873
P21817 522 Y C,7M6L A 523 Y,,7991.661029586723,0.729786787750042,0.001178748476959,0.001179463024628,0.8981564509735841,0.8866820420969501,0.6438603825976951,0.36609169314571,0.499205628688152,0.00587096278222,0.007911785028737,0.368679201073836,0.147355878347707,4.980674755452762,6.70795511476869,17624,105.92836301977805,0.472924148696196,0.999930534933758,0.472957002685717,39.74126191556968,49.95460735360872,10.304130730821608,2,0.334874783710099,0.5,-0.594613890260555,49.59146618247844,50.40853381752156,22.408250113481618,5.5,0,0.0,6.3,0,2.0,22,11.0,8.0,-0.817,-0.4335,-6.850819886494719e-05,-6,4.1,0.0,0.0,-0.001305038583748,-0.7000000000000002,0,0.0,0,0.0,-1.4,3.39,-2.0,1.5115117,0.76785713,0.44804004,0.04065802,16.48583
P21817 1056 D H,7M6L A 1057 D,,7991.661029586723,0.729786787750042,0.001178748476959,0.001179463024628,0.8981564509735841,0.8866820420969501,0.6438603825976951,0.8150249659555151,0.8578075351793011,0.009474274194186,0.009793441117902,0.936027575164178,0.953812982296868,8.03757067718558,8.303304905202062,17624,105.92842926220624,0.472924148696196,0.999930534933758,0.472957002685717,39.74126191556968,49.95460735360872,10.304130730821608,6,0.6132379336989551,0.5,1.146586893932364,49.59146618247844,50.40853381752156,22.40961189287336,10.4,1,0.0,75.2,0,0.0,7,4.333333333333333,4.8,-0.185,-0.355,-2.265770660869748e-06,2,-2.5999999999999943,0.0,0.0,5.674080798812042e-05,-2.6,0,1.0,0,0.0,-1.363,2.963,-1.0,,,0.0796219,0.28432837,12.406982
P21817 4737 R Q,7M6L A 4736 R,,7991.661029586723,0.729786787750042,0.001178748476959,0.001179463024628,0.8981564509735841,0.8866820420969501,0.6438603825976951,0.108318202451202,0.171130276895143,0.001312495831902,0.002478942181401,0.388513627798425,0.205515206536541,1.113465559071872,2.101754891537966,17624,105.92845725685034,0.472924148696196,0.999930534933758,0.472957002685717,39.74126191556968,49.95460735360872,10.304130730821608,5,0.363561906597139,0.5,-0.7894370981831751,49.59146618247844,50.40853381752156,22.409044484793466,10.5,0,0.0,47.0,0,0.0,25,10.0,6.8,-0.801,-0.561375,2.5728873424668564e-05,-2,9.700000000000005,0.0,0.0,-0.0005106672719037,0.0,-1,-1.0,0,0.0,-1.398,1.787,1.0,,,0.13520682,0.14053456,12.078774
P21817 4824 L P,7M6L A 4823 L,,7991.661029586723,0.729786787750042,0.001178748476959,0.001179463024628,0.8981564509735841,0.8866820420969501,0.6438603825976951,0.051407172038129,0.019235133908306,0.000655207134613,0.000243182066719,0.314824163347178,0.037165229232864,0.5558498249798081,0.206180322435858,17624,105.92841389786813,0.472924148696196,0.999930534933758,0.472957002685717,39.74126191556968,49.95460735360872,10.304130730821608,3,0.399711224192707,0.5,-0.8005172837541931,49.59146618247844,50.40853381752156,22.40915796640944,8.0,0,0.0,3.0,0,1.0,32,8.0,4.2,-0.869,-0.8323,-1.7630108800403832e-05,-1,0.7000000000000002,0.0,0.0,-0.0003971856559239,3.1,0,0.0,0,0.0,-1.366,2.619,-3.0,,,0.16041195,0.2513109,10.954079
P21817 4893 R Q,7M6L A 4892 R,,7991.661029586723,0.729786787750042,0.001178748476959,0.001179463024628,0.8981564509735841,0.8866820420969501,0.6438603825976951,0.005957784838856,0.018894689060372,6.011710580464291e-05,0.000239097807227,0.299960810926839,0.019859282796186,0.051000791924427,0.202717509777614,17624,105.92838422215254,0.472924148696196,0.999930534933758,0.472957002685717,39.74126191556968,49.95460735360872,10.304130730821608,5,0.409947664110291,1.0,-0.332743361912477,49.59146618247844,50.40853381752156,22.40927144802542,10.5,0,0.0,6.2,0,0.0,32,12.333333333333334,6.6,-0.896,-0.8603749999999999,-4.730582436707209e-05,-2,-0.5999999999999996,0.0,0.0,-0.0002837040399441,0.0,-1,-1.0,0,0.0,-1.398,1.787,1.0,,,0.049838923,1.0822384,11.70408
