SAV_coords,PDB_coords,labels,GNM_Ventropy_full,GNM_rmsf_overall_full,GNM_Eigval1_full,GNM_Eigval2_full,GNM_SEall_full,GNM_SE20_full,GNM_Eigval5_1_full,GNM_rankV1_full,GNM_rankV2_full,GNM_V1_full,GNM_V2_full,GNM_displacement_full,GNM_co_rank_full,GNM_MC1_full,GNM_MC2_full,chain_length,Rg,SF1,SF2,SF3,loop_percent,helix_percent,sheet_percent,Lside,IDRs,dssp,Dcom,philic_percent,phobic_percent,ACR,polarity,charge,charge_pH7,SASA,SSbond,Hbond,AG1,AG3,AG5,consurf,ACNR,DELTA_Rg,deltaLside,DELTA_SASA,delta_phobic_percent,delta_philic_percent,DELTA_ACR,deltaPolarity,deltaCharge,DELTA_charge_pH7,DELTA_DSS,DELTA_Hbond,wtPSIC,deltaPSIC,BLOSUM,entropy,ranked_MI,ANM_effectiveness_chain,ANM_sensitivity_chain,ANM_stiffness_chain,DELTA_Dcom,wtBJCE,deltaBJCE,protein_length
P21817 933 A T,7M6L A 934 A,0.0,7991.661029586723,0.729786787750042,0.001178748476959,0.001179463024628,0.8981564509735841,0.8866820420969501,0.6438603825976951,0.8340331366318651,0.8661484339536991,0.009618221345371,0.00988731338207,0.7790133162478701,0.892305946436677,8.159689308937264,8.382893889517662,4299,105.92722,0.47292414,0.99993056,0.47295702,39.35799,50.802513,9.839498,3,0.46341792,0.5,1.4368228,49.59714026327735,49.841207,22.463596,8.1,0,0.0,49.2,0,1.0,12,7.3333335,5.0,-0.756,-0.382875,2.5686599e-05,2,-4.8,-0.019849147,0.0056740807989115,-0.18957901,0.5,0,0.0,0,1.0,-1.358,1.858,0.0,2.1108453,0.84782606,0.14784147,0.30863446,13.203048,0.002597287,-15.52,1.18,17624.0
P21817 1667 R C,7M6L A 1668 R,0.0,7991.661029586723,0.729786787750042,0.001178748476959,0.001179463024628,0.8981564509735841,0.8866820420969501,0.6438603825976951,0.5314911484339531,0.46192691783931,0.008125328518051,0.007668947589858,0.355685614021465,0.10848842487517,6.89318262281922,6.50206698279016,4299,105.92722,0.47292414,0.99993056,0.47295702,39.35799,50.802513,9.839498,2,0.34392044,0.5,-0.23270835,49.59146618247844,49.841207,22.463596,10.5,1,1.0,41.7,0,2.0,28,12.666667,8.2,0.653,-0.26666668,8.0103426e-05,-5,-8.5,0.0,0.0,-0.19399834,-5.0,-1,-1.0,0,1.0,-1.905,0.964,-3.0,1.8925241,0.9763441,0.5962721,0.051817074,15.709601,0.025037054,-22.22,-9.78,17624.0
P21817 1773 P S,7M6L A 1773 P,0.0,7991.661029586723,0.729786787750042,0.001178748476959,0.001179463024628,0.8981564509735841,0.8866820420969501,0.6438603825976951,0.529732183386291,0.35848842487517,0.008111820352362,0.005644649899945,0.405570777537244,0.25947571493418,6.88172287041875,4.78577944545868,4299,105.92722,0.47292414,0.99993056,0.47295702,39.35799,50.802513,9.839498,2,0.57690626,0.5,0.06068723,49.59714026327735,49.841207,22.463596,8.0,0,0.0,3.5,0,0.0,14,9.333333,8.8,-0.74,-0.19428572,2.7512013e-05,-1,0.5,-0.019849147,0.0056740807989115,-0.1907425,1.2,0,0.0,0,0.0,-1.589,0.298,-1.0,0.17231593,0.086021505,0.48978066,0.18848234,14.884235,0.011691673,-8.89,-6.43,17624.0
P21817 2321 I V,7M6L A 2321 I,0.0,7991.661029586723,0.729786787750042,0.001178748476959,0.001179463024628,0.8981564509735841,0.8866820420969501,0.6438603825976951,0.8110531093962771,0.111495687698592,0.009443017177113,0.001344348056493,0.5945531791605071,0.7166364049024051,8.011053555268829,1.139796694277242,4299,105.92722,0.47292414,0.99993056,0.47295702,39.35799,50.802513,9.839498,3,0.26444474,1.0,-0.42392883,49.59146618247844,49.841207,22.463596,5.2,0,0.0,33.2,0,0.0,13,5.0,8.2,-0.441,-0.6896,0.0029033392,-1,5.2,0.0,0.0,-0.16422462,0.7,0,0.0,0,0.0,-1.436,0.703,3.0,1.4258193,0.20444444,0.32982802,0.26430896,14.070163,-0.011856533,-12.4,-2.42,17624.0
P21817 2787 T S,7M6L A 2787 T,0.0,7991.661029586723,0.729786787750042,0.001178748476959,0.001179463024628,0.8981564509735841,0.8866820420969501,0.6438603825976951,0.969984112573763,0.421697684975034,0.012039380495446,0.006948896676416,1.039296024102403,0.9812755333635952,10.21369760451546,5.891576532130405,4299,105.92722,0.47292414,0.99993056,0.47295702,39.35799,50.802513,9.839498,2,0.52727956,0.0,0.85842764,49.59146618247844,49.841207,22.463596,8.6,0,0.0,10.7,0,3.0,29,19.0,9.2,0.345,0.43969232,-1.5041696e-05,-1,-2.7,0.0,0.0,-0.19353294,0.6,0,0.0,0,-1.0,-1.398,0.517,1.0,2.3585064,0.5652174,0.06124713,0.48989093,11.191282,-0.0017141736,-28.01,0.58,17624.0
P21817 3583 E Q,7M6L A 3583 E,0.0,7991.661029586723,0.729786787750042,0.001178748476959,0.001179463024628,0.8981564509735841,0.8866820420969501,0.6438603825976951,0.8969586926917841,0.6677258284157961,0.010683566216696,0.008677893503632,0.7664085599754971,0.8857240127099401,9.06348252025338,7.357495167231613,4299,105.92722,0.47292414,0.99993056,0.47295702,39.35799,50.802513,9.839498,5,0.4903414,1.0,0.57178366,49.59146618247844,49.841207,22.463596,12.3,1,-1.0,79.6,0,1.0,7,5.0,2.2,1.67,0.7448,6.808324e-06,0,-1.4,0.0,0.0,-0.19167328,-1.8,-1,1.0,0,0.0,-1.912,1.522,2.0,,,0.05858162,1.2108705,11.357657,0.00071668014,-13.53,2.02,17624.0
P21817 1832 G A,7M6L A 1832 G,0.0,7991.661029586723,0.729786787750042,0.001178748476959,0.001179463024628,0.8981564509735841,0.8866820420969501,0.6438603825976951,0.553449841125737,0.458522469359963,0.008240489568119,0.007648765367587,0.398154637909706,0.236552428506581,6.990880352503808,6.484955617830118,4299,105.92722,0.47292414,0.99993056,0.47295702,39.35799,50.802513,9.839498,1,0.454493,1.0,-0.06859872,49.59146618247844,49.841207,22.463596,9.0,0,0.0,79.8,0,0.0,6,5.6666665,4.8,-0.787,-0.328125,5.455964e-05,1,-6.1,0.0,0.0,-0.19144058,-0.9,0,0.0,0,0.0,-0.763,1.945,0.0,0.13502951,0.07096774,0.49800205,0.05328272,15.603199,0.013372437,-14.8,-2.87,17624.0
P21817 2550 L V,7M6L A 2550 L,0.0,7991.661029586723,0.729786787750042,0.001178748476959,0.001179463024628,0.8981564509735841,0.8866820420969501,0.6438603825976951,0.8845891965501581,0.176520653654108,0.010165672135137,0.00259519270066,0.450553770853021,0.408193372673626,8.624123240744495,2.200317132856116,4299,105.92722,0.47292414,0.99993056,0.47295702,39.35799,50.802513,9.839498,3,0.3754449,0.5,0.09162774,49.59146618247844,49.841207,22.463596,4.9,0,0.0,7.3,0,2.0,28,7.6666665,3.2,-0.245,-0.6991,5.3124236e-06,-1,3.3,0.0,0.0,-0.19190598,1.0,0,0.0,0,0.0,-1.318,1.347,1.0,,,0.48632944,0.12081493,15.898907,0.0011664897,-34.88,3.44,17624.0
P21817 140 A T,7M6L A 141 A,0.0,7991.661029586723,0.729786787750042,0.001178748476959,0.001179463024628,0.8981564509735841,0.8866820420969501,0.6438603825976951,0.20171357240127,0.569053563322741,0.003070505080905,0.008286464679205,0.478361913994133,0.507660009078529,2.604885724922268,7.025624802282797,4299,105.92722,0.47292414,0.99993056,0.47295702,39.35799,50.802513,9.839498,3,0.4254506,1.0,-1.1316196,49.59714026327735,49.841207,22.463596,8.1,0,0.0,35.8,0,1.0,13,3.6666667,3.6,0.358,-0.18816666,-5.3361255e-05,2,-6.0,-0.019849147,0.0056740807989115,-0.1898117,0.5,0,0.0,0,0.0,-1.634,0.464,0.0,1.97691,0.71568626,0.15673032,0.09801917,13.6062975,-0.010398145,-11.53,-2.17,17624.0
P21817 816 P L,7M6L A 817 P,0.0,7991.661029586723,0.729786787750042,0.001178748476959,0.001179463024628,0.8981564509735841,0.8866820420969501,0.6438603825976951,0.7919314571039491,0.812982296867907,0.009246234648047,0.009463858929649,0.569670050403549,0.6779959146618241,7.844111639404085,8.023870805640282,4299,105.92722,0.47292414,0.99993056,0.47295702,39.35799,50.802513,9.839498,4,0.49945033,1.0,1.3887877,49.59146618247844,49.841207,22.463596,8.0,0,0.0,35.8,0,0.0,17,10.0,6.8,-0.861,-0.321875,0.00019490713,1,-5.3,0.0,0.0,-0.1902771,-3.1,0,0.0,0,0.0,-1.066,2.058,-3.0,,,0.30239138,0.2556096,13.852452,0.022679644,-5.08,-5.74,17624.0
P21817 1075 R Q,7M6L A 1076 R,0.0,7991.661029586723,0.729786787750042,0.001178748476959,0.001179463024628,0.8981564509735841,0.8866820420969501,0.6438603825976951,0.693088969586926,0.805662732637312,0.008809656101429,0.009390851731182,0.417957437079515,0.302825692237857,7.47373699616903,7.961972130614632,4299,105.92722,0.47292414,0.99993056,0.47295702,39.35799,50.802513,9.839498,5,0.4075141,0.0,0.24579465,49.59146618247844,49.841207,22.463596,10.5,1,1.0,1.1,0,5.0,41,18.0,16.0,-0.724,-0.28745455,0.00016708807,-2,0.9,0.0,0.0,-0.19539452,0.0,-1,-1.0,0,-3.0,-1.101,2.204,1.0,,,0.68941516,0.077530734,17.051226,0.029855032,-28.4,7.13,17624.0
P21817 1571 I V,7M6L A 1572 I,0.0,7991.661029586723,0.729786787750042,0.001178748476959,0.001179463024628,0.8981564509735841,0.8866820420969501,0.6438603825976951,0.6349863822060821,0.746652292328642,0.008583682241888,0.009060481084127,0.484463364660128,0.522866545619609,7.282030398910775,7.681869541421975,4299,105.92722,0.47292414,0.99993056,0.47295702,39.35799,50.802513,9.839498,3,0.48212823,0.0,0.43183434,49.59146618247844,49.841207,22.463596,5.2,0,0.0,17.8,0,2.0,30,18.0,12.4,0.276,0.2250909,0.0021270113,-1,-5.4,0.0,0.0,-0.16678238,0.7,0,0.0,0,0.0,-1.842,0.026,3.0,,,0.2850408,0.104694545,15.006138,-0.013943872,-21.26,2.94,17624.0
P21817 1679 R H,7M6L A 1680 R,0.0,7991.661029586723,0.729786787750042,0.001178748476959,0.001179463024628,0.8981564509735841,0.8866820420969501,0.6438603825976951,0.5508397639582381,0.44728778937812,0.008231651353841,0.007482364262714,0.414562682513868,0.289151157512483,6.983382387967133,6.343873530983547,4299,105.92722,0.47292414,0.99993056,0.47295702,39.35799,50.802513,9.839498,6,0.29290086,0.5,0.08912366,49.59146618247844,49.841207,22.463596,10.5,1,1.0,44.3,0,0.0,13,11.0,8.8,-0.63,-0.35285714,-1.0166557e-05,-1,10.3,0.0,0.0,-0.19120789,-0.1,0,-1.0,0,0.0,-1.101,2.985,0.0,0.4726426,0.22365591,0.65721565,0.12517424,16.047625,-0.0031366048,-18.65,1.72,17624.0
P21817 2224 R C,7M6L A 2224 R,0.0,7991.661029586723,0.729786787750042,0.001178748476959,0.001179463024628,0.8981564509735841,0.8866820420969501,0.6438603825976951,0.625737630503858,0.213231956423059,0.008546851411071,0.003310993564394,0.8249514165530021,0.9142646391284612,7.250784690826199,2.807204206708489,4299,105.92722,0.47292414,0.99993056,0.47295702,39.35799,50.802513,9.839498,2,0.31935927,1.0,-0.3544011,49.59146618247844,49.841207,22.463596,10.5,1,0.0,25.7,0,0.0,3,7.0,3.8,0.18,-0.63566667,1.2032611e-05,-5,40.3,0.0,0.0,-0.19167328,-5.0,-1,0.0,0,0.0,-1.797,2.708,-3.0,2.6463282,0.52444446,0.30017135,0.15545408,12.291832,0.004684796,-11.63,-1.74,17624.0
P21817 2342 N S,7M6L A 2342 N,0.0,7991.661029586723,0.729786787750042,0.001178748476959,0.001179463024628,0.8981564509735841,0.8866820420969501,0.6438603825976951,0.755276895142986,0.025533363595097,0.00908674284472,0.000306023925403,0.5128872603082401,0.583522469359963,7.708805586888158,0.259460380709631,4299,105.92722,0.47292414,0.99993056,0.47295702,39.35799,50.802513,9.839498,2,0.22428386,1.0,-0.3283111,49.59146618247844,49.841207,22.463596,11.6,0,0.0,61.3,0,1.0,14,5.3333335,5.8,-0.864,-0.6832,6.109043e-05,-2,2.7,0.0,0.0,-0.19399834,-2.4,0,0.0,0,0.0,-2.238,1.022,1.0,1.8544381,0.4488889,0.40580943,0.19013496,13.455611,0.021523423,-8.64,-1.88,17624.0
P21817 2606 C S,7M6L A 2606 C,0.0,7991.661029586723,0.729786787750042,0.001178748476959,0.001179463024628,0.8981564509735841,0.8866820420969501,0.6438603825976951,0.894405356332274,0.216409441670449,0.01058964121853,0.003380402702021,0.453736825597543,0.418463458919655,8.983800552469527,2.866052289418999,4299,105.92722,0.47292414,0.99993056,0.47295702,39.35799,50.802513,9.839498,2,0.32878467,0.5,0.14962642,49.59146618247844,49.841207,22.463596,5.5,0,0.0,3.2,0,4.0,33,10.333333,5.8,-0.646,-0.3930909,1.2051791e-05,0,-0.8,0.0,0.0,-0.19237137,3.7,0,0.0,0,-1.0,-1.412,1.709,-1.0,,,0.39258477,0.051504176,15.648367,0.0024663082,-46.58,15.88,17624.0
P21817 2776 S F,7M6L A 2776 S,0.0,7991.661029586723,0.729786787750042,0.001178748476959,0.001179463024628,0.8981564509735841,0.8866820420969501,0.6438603825976951,0.963969586926917,0.421584203359055,0.012021866212055,0.006948582730238,1.000270633826089,0.972934634589196,10.198839232493684,5.891310354919256,4299,105.92722,0.47292414,0.99993056,0.47295702,39.35799,50.802513,9.839498,7,0.34071657,0.0,0.9212149,49.58579210167953,49.841207,22.463596,9.2,0,0.0,50.8,0,1.0,15,17.333334,10.8,0.262,-0.0648,0.00028032923,5,14.0,0.019849147,-0.0056740807989115,-0.1905098,-4.0,0,0.0,0,0.0,-1.667,2.211,-2.0,2.095308,0.2173913,0.066352874,0.52070814,11.716711,0.030687597,-5.46,0.07,17624.0
P21817 3366 R H,7M6L A 3366 R,0.0,7991.661029586723,0.729786787750042,0.001178748476959,0.001179463024628,0.8981564509735841,0.8866820420969501,0.6438603825976951,0.917328642759872,0.614105764866091,0.011304097078363,0.008480621037836,0.6078004155851361,0.7364956876985921,9.589914472273374,7.190238999232534,4299,105.92722,0.47292414,0.99993056,0.47295702,39.35799,50.802513,9.839498,6,0.42083865,0.5,0.55219156,49.59146618247844,49.841207,22.463596,10.5,1,1.0,25.5,0,2.0,25,7.0,6.6,0.162,-0.2911,-0.00028125028,-1,-17.9,0.0,0.0,-0.18678856,-0.1,0,-1.0,0,1.0,-1.926,2.414,0.0,,,0.122207224,0.96483856,14.180068,-0.036350977,-25.11,3.17,17624.0
P21817 3367 K R,7M6L A 3367 K,0.0,7991.661029586723,0.729786787750042,0.001178748476959,0.001179463024628,0.8981564509735841,0.8866820420969501,0.6438603825976951,0.919881979119382,0.6122900590104401,0.011344348655059,0.008470688934336,0.66642847832664,0.810769405356332,9.624062195458484,7.181818130334746,4299,105.92722,0.47292414,0.99993056,0.47295702,39.35799,50.802513,9.839498,7,0.43557078,0.5,0.6033333,49.59146618247844,49.841207,22.463596,11.3,1,1.0,65.2,0,1.0,13,11.0,6.6,-0.481,-0.09775,0.00025743915,2,11.1,0.0,0.0,-0.19167328,-0.8,0,0.0,0,0.0,-1.394,0.576,2.0,,,0.10610993,1.0742347,13.1550255,0.032658894,-21.22,-6.5,17624.0
P21817 3539 R H,7M6L A 3539 R,0.0,7991.661029586723,0.729786787750042,0.001178748476959,0.001179463024628,0.8981564509735841,0.8866820420969501,0.6438603825976951,0.9052428506581932,0.671867907399001,0.010844045707066,0.008688229223569,0.6725192629910901,0.8170676350431231,9.199626484386505,7.366258239681841,4299,105.92722,0.47292414,0.99993056,0.47295702,39.35799,50.802513,9.839498,6,0.39379317,0.5,-0.07966159,49.59146618247844,49.841207,22.463596,10.5,1,0.0,3.3,0,2.0,28,13.0,7.0,-0.478,0.1208,0.00040627117,-1,6.2,0.0,0.0,-0.18492699,-0.1,0,0.0,0,0.0,-1.565,2.605,0.0,,,0.06705424,0.91369766,12.844735,0.057754625,-27.9,0.35,17624.0
P21817 4104 G R,7M6L A 4105 G,0.0,7991.661029586723,0.729786787750042,0.001178748476959,0.001179463024628,0.8981564509735841,0.8866820420969501,0.6438603825976951,0.240183840217884,0.016965501588742,0.003927566570057,0.000207778673794,0.5612248947452421,0.662846118928733,3.331980186467604,0.176163787635837,4299,105.92722,0.47292414,0.99993056,0.47295702,39.35799,50.802513,9.839498,7,0.406204,0.5,-1.062478,49.59714026327735,49.841207,22.463596,9.0,0,0.0,40.1,0,1.0,18,3.6666667,5.0,0.285,-0.21883333,0.00029599175,7,29.1,-0.019849147,0.0056740807989115,-0.1900444,1.5,1,1.0,0,1.0,-1.919,1.771,-2.0,,,0.16214731,0.32045805,11.98204,0.053848002,-10.92,-7.05,17624.0
P21817 4136 R S,7M6L A 4137 R,0.0,7991.661029586723,0.729786787750042,0.001178748476959,0.001179463024628,0.8981564509735841,0.8866820420969501,0.6438603825976951,0.275873808443032,0.080628688152519,0.004507097163381,0.001092559405458,0.379581929469101,0.179698138901498,3.82362925720002,0.926319335701212,4299,105.92722,0.47292414,0.99993056,0.47295702,39.35799,50.802513,9.839498,2,0.32336876,0.5,-1.2051661,49.59146618247844,49.841207,22.463596,10.5,1,1.0,23.6,0,2.0,24,9.0,6.0,-0.558,-0.794125,-0.0002309965,-5,7.0,0.0,0.0,-0.19469643,-1.3,-1,-1.0,0,1.0,-1.77,1.321,-1.0,,,0.4780367,0.18868747,15.49327,-0.052599993,-25.36,4.97,17624.0
P21817 4723 R H,7M6L A 4722 R,0.0,7991.661029586723,0.729786787750042,0.001178748476959,0.001179463024628,0.8981564509735841,0.8866820420969501,0.6438603825976951,0.112063095778483,0.166250567408079,0.00135475718296,0.002305099666934,0.421629305899566,0.316159782115297,1.14931828922075,1.954363654308684,4299,105.92722,0.47292414,0.99993056,0.47295702,39.35799,50.802513,9.839498,6,0.4234416,0.5,-0.9587813,49.59146618247844,49.841207,22.463596,10.5,1,1.0,25.9,0,1.0,31,13.333333,7.4,-0.125,-0.29357144,0.00011606716,-1,7.4,0.0,0.0,-0.19306755,-0.1,0,-1.0,0,0.0,-1.398,2.568,0.0,,,0.30275983,0.11292354,14.888974,0.025831053,-29.75,3.8,17624.0
P21817 893 G S,7M6L A 894 G,0.0,7991.661029586723,0.729786787750042,0.001178748476959,0.001179463024628,0.8981564509735841,0.8866820420969501,0.6438603825976951,0.8593395369950061,0.8816386745347251,0.009789135455366,0.010059671582094,1.116200942462942,0.9918860644575572,8.304685559906446,8.529026660469034,4299,105.92722,0.47292414,0.99993056,0.47295702,39.35799,50.802513,9.839498,2,0.36428607,1.0,2.330865,49.59714026327735,49.841207,22.463596,9.0,0,0.0,21.2,0,1.0,15,5.6666665,3.4,-0.397,0.5143333,0.00012253805,2,19.2,-0.019849147,0.0056740807989115,-0.19144058,0.2,0,0.0,0,0.0,-0.763,2.253,0.0,0.58314097,0.04347826,0.04492594,0.6030208,11.797864,0.0105942665,-11.78,-1.01,17624.0
P21817 1109 R K,7M6L A 1110 R,0.0,7991.661029586723,0.729786787750042,0.001178748476959,0.001179463024628,0.8981564509735841,0.8866820420969501,0.6438603825976951,0.698990013617793,0.811563776668179,0.008831473286189,0.009453549889032,0.589584501870239,0.7084657285519741,7.492245766433565,8.01513035307752,4299,105.92722,0.47292414,0.99993056,0.47295702,39.35799,50.802513,9.839498,5,0.43288168,1.0,0.20718937,49.59146618247844,49.841207,22.463596,10.5,1,1.0,48.7,0,0.0,11,8.333333,6.8,1.145,0.4826,-1.2312555e-05,-2,15.3,0.0,0.0,-0.19353294,0.8,0,0.0,0,0.0,-1.933,0.244,2.0,2.398379,0.5534591,0.47440666,0.062828735,14.804594,-0.002054878,-15.09,7.05,17624.0
P21817 3647 H Q,7M6L A 3647 H,0.0,7991.661029586723,0.729786787750042,0.001178748476959,0.001179463024628,0.8981564509735841,0.8866820420969501,0.6438603825976951,0.489105764866091,0.306173399909214,0.007836194329682,0.005023544294481,0.376888896296482,0.171413980935088,6.647893492847557,4.25917912608037,4299,105.92722,0.47292414,0.99993056,0.47295702,39.35799,50.802513,9.839498,5,0.36754522,0.5,0.07446606,49.59146618247844,49.841207,22.463596,10.4,1,0.0,15.0,0,1.0,29,10.0,4.6,-0.692,-0.3045,2.9563986e-05,-1,4.0,0.0,0.0,-0.19283485,0.1,-1,0.0,0,1.0,-1.6,0.568,0.0,,,0.4228112,0.27170375,15.682949,0.01172515,-28.5,3.62,17624.0
P21817 3981 H Y,7M6L A 3982 H,0.0,7991.661029586723,0.729786787750042,0.001178748476959,0.001179463024628,0.8981564509735841,0.8866820420969501,0.6438603825976951,0.314173853835678,0.130390376758965,0.005109120406541,0.001573126503763,0.443532100327866,0.383000453926463,4.334360133996192,1.333765002306015,4299,105.92722,0.47292414,0.99993056,0.47295702,39.35799,50.802513,9.839498,8,0.40001824,0.5,-1.9115188,49.59146618247844,49.841207,22.463596,10.4,1,1.0,82.0,0,2.0,9,7.3333335,3.8,-0.853,-0.826,8.325164e-05,2,-1.2,0.0,0.0,-0.19167328,-4.2,-1,-1.0,0,-1.0,-1.433,1.565,2.0,2.0799336,0.7478992,0.345991,0.10864955,13.773711,0.021128083,-17.14,1.6,17624.0
P21817 851 V M,7M6L A 852 V,0.0,7991.661029586723,0.729786787750042,0.001178748476959,0.001179463024628,0.8981564509735841,0.8866820420969501,0.6438603825976951,0.792385383567862,0.8164434861552421,0.009252025275463,0.009489397418194,0.5210531100654651,0.5987857467090331,7.849024161056792,8.045523445877953,4299,105.92722,0.47292414,0.99993056,0.47295702,39.35799,50.802513,9.839498,4,0.550589,1.0,1.291489,49.59146618247844,49.841207,22.463596,5.9,0,0.0,17.4,0,1.0,17,13.0,7.4,0.034,-0.2771,-5.30706e-05,1,-5.4,0.0,0.0,-0.18562508,-0.2,0,0.0,0,0.0,-2.215,2.102,1.0,2.3319468,0.9347826,0.37470412,0.20147045,15.713031,-0.0061177094,-11.82,-1.87,17624.0
P21817 27 V M,7M6L A 28 V,0.0,7991.661029586723,0.729786787750042,0.001178748476959,0.001179463024628,0.8981564509735841,0.8866820420969501,0.6438603825976951,0.220267816613708,0.599977303676804,0.003459478528131,0.008377546484066,0.6113234440335791,0.7417158420335901,2.934874229534862,7.102847913952457,4299,105.92722,0.47292414,0.99993056,0.47295702,39.35799,50.802513,9.839498,4,0.34891877,1.0,-1.1962705,49.59146618247844,49.841207,22.463596,5.9,0,0.0,17.0,0,1.0,13,3.6666667,1.2,1.76,0.033714287,-8.267937e-05,1,-1.5,0.0,0.0,-0.18888092,-0.2,0,0.0,0,0.0,-1.878,2.274,1.0,2.3497794,0.46568626,0.07649344,0.32485914,12.757711,-0.011776992,-12.42,-3.58,17624.0
P21817 114 R H,7M6L A 115 R,0.0,7991.661029586723,0.729786787750042,0.001178748476959,0.001179463024628,0.8981564509735841,0.8866820420969501,0.6438603825976951,0.218168406718111,0.5738765320018151,0.003412586795256,0.008296482082443,0.423653197318152,0.32359282796187,2.895093280679265,7.03411799200428,4299,105.92722,0.47292414,0.99993056,0.47295702,39.35799,50.802513,9.839498,6,0.41924703,1.0,-1.3160635,49.59146618247844,49.841207,22.463596,10.5,1,1.0,38.9,0,1.0,23,17.0,13.0,1.144,-0.17157143,-2.6347352e-06,-1,-2.6,0.0,0.0,-0.19167328,-0.1,0,-1.0,0,1.0,-2.483,1.982,0.0,1.8464527,0.33333334,0.31430072,0.07306405,15.326829,-0.00059277,-21.41,1.67,17624.0
P21817 370 V L,7M6L A 371 V,0.0,7991.661029586723,0.729786787750042,0.001178748476959,0.001179463024628,0.8981564509735841,0.8866820420969501,0.6438603825976951,0.27088061733999,0.5618474807081251,0.004435545526441,0.00827342181719,0.733472637723644,0.8635383567862001,3.76292789610435,7.014566497153368,4299,105.92722,0.47292414,0.99993056,0.47295702,39.35799,50.802513,9.839498,4,0.43317476,1.0,-1.1299787,49.59146618247844,49.841207,22.463596,5.9,0,0.0,65.5,0,0.0,11,2.3333333,2.8,1.298,0.299,-2.282513e-05,1,-4.5,0.0,0.0,-0.19120789,-1.0,0,0.0,0,0.0,-2.617,-0.287,1.0,1.5431198,0.22777778,0.12385023,0.16456649,12.429233,-0.0068804966,-9.85,-1.11,17624.0
P21817 440 V I,7M6L A 441 V,0.0,7991.661029586723,0.729786787750042,0.001178748476959,0.001179463024628,0.8981564509735841,0.8866820420969501,0.6438603825976951,0.303506581933726,0.5167952791647751,0.004962088936572,0.008038775908171,0.417147326828549,0.300385837494325,4.20962489756284,6.815623500112094,4299,105.92722,0.47292414,0.99993056,0.47295702,39.35799,50.802513,9.839498,4,0.4575521,0.5,-0.7957403,49.59146618247844,49.841207,22.463596,5.9,0,0.0,0.9,0,3.0,36,12.0,5.8,-0.102,0.18533333,4.1994765e-05,1,-0.1,0.0,0.0,-0.18957901,-0.7,0,0.0,0,0.0,-1.514,0.674,3.0,,,0.3712991,0.07527183,16.003021,0.008470408,-28.82,-3.56,17624.0
P21817 751 V M,7M6L A 752 V,0.0,7991.661029586723,0.729786787750042,0.001178748476959,0.001179463024628,0.8981564509735841,0.8866820420969501,0.6438603825976951,0.7381411711302761,0.7816613708579211,0.009016989231786,0.00920507104383,0.535983484884999,0.623751702224239,7.649629592774156,7.804459191698087,4299,105.92722,0.47292414,0.99993056,0.47295702,39.35799,50.802513,9.839498,4,0.4244855,1.0,1.2963834,49.59146618247844,49.841207,22.463596,5.9,0,0.0,57.5,0,1.0,11,6.6666665,6.6,0.197,-0.39171427,5.4980952e-05,1,7.3,0.0,0.0,-0.19167328,-0.2,0,0.0,0,0.0,-1.615,2.598,1.0,2.3761802,0.6477987,0.2999881,0.18022656,13.401682,0.00675246,-10.28,-3.05,17624.0
P21817 1061 Q R,7M6L A 1062 Q,0.0,7991.661029586723,0.729786787750042,0.001178748476959,0.001179463024628,0.8981564509735841,0.8866820420969501,0.6438603825976951,0.7661711302768951,0.8273944620971401,0.009143086047924,0.009574792867284,0.936463891096813,0.9539832047208352,7.75660476059212,8.117925418051856,4299,105.92722,0.47292414,0.99993056,0.47295702,39.35799,50.802513,9.839498,7,0.6844454,1.0,0.7744535,49.59146618247844,49.841207,22.463596,10.5,0,0.0,67.3,0,0.0,9,0.6666667,0.0,2.973,2.47975,-0.00023385473,2,-19.7,0.0,0.0,-0.18725395,0.0,1,1.0,0,1.0,-2.924,0.926,1.0,,,0.052462794,0.14886688,12.004419,-0.030211398,-8.2,-4.92,17624.0
P21817 2252 D E,7M6L A 2252 D,0.0,7991.661029586723,0.729786787750042,0.001178748476959,0.001179463024628,0.8981564509735841,0.8866820420969501,0.6438603825976951,0.6936563776668181,0.123411257376304,0.008811563918286,0.001472347141326,0.491408514840558,0.539264639128461,7.475355506729033,1.248319879964578,4299,105.92722,0.47292414,0.99993056,0.47295702,39.35799,50.802513,9.839498,5,0.48131,1.0,-0.6521744,49.59146618247844,49.841207,22.463596,13.0,1,-1.0,79.1,0,0.0,10,8.666667,8.8,-0.591,-0.6983333,-2.6350597e-05,1,4.5,0.0,0.0,-0.19190598,-0.7,0,0.0,0,0.0,-1.306,0.507,2.0,1.9967827,0.44,0.53279024,0.18346047,14.855139,-0.028621383,-14.66,1.03,17624.0
P21817 2558 V M,7M6L A 2558 V,0.0,7991.661029586723,0.729786787750042,0.001178748476959,0.001179463024628,0.8981564509735841,0.8866820420969501,0.6438603825976951,0.88702905129369,0.183159328188833,0.010229570916899,0.002734233749471,0.419082727715418,0.306911030413073,8.678332245473271,2.318202175377644,4299,105.92722,0.47292414,0.99993056,0.47295702,39.35799,50.802513,9.839498,4,0.41552383,0.5,-0.03347317,49.59146618247844,49.841207,22.463596,5.9,0,0.0,0.9,0,1.0,35,15.0,5.6,-0.558,-0.54236364,2.9925073e-05,1,-0.8,0.0,0.0,-0.1902771,-0.2,0,0.0,0,0.0,-1.429,2.331,1.0,,,0.57364553,0.0792275,16.369926,0.006582605,-32.73,-4.48,17624.0
P21817 3028 G S,7M6L A 3028 G,0.0,7991.661029586723,0.729786787750042,0.001178748476959,0.001179463024628,0.8981564509735841,0.8866820420969501,0.6438603825976951,0.9682818883340892,0.403200181570585,0.012035345723225,0.006644195863334,0.8111053132689131,0.9080231502496592,10.210274675621296,5.633237943535689,4299,105.92722,0.47292414,0.99993056,0.47295702,39.35799,50.802513,9.839498,2,0.5442496,1.0,0.8463405,49.59714026327735,49.841207,22.463596,9.0,0,0.0,47.2,0,0.0,5,4.0,4.8,0.036,0.055,0.00015866278,2,15.4,-0.019849147,0.0056740807989115,-0.19144058,0.2,0,0.0,0,0.0,-1.15,0.826,0.0,,,0.2740533,0.22949263,12.591123,0.019916967,-8.16,-2.58,17624.0
P21817 3234 N S,7M6L A 3234 N,0.0,7991.661029586723,0.729786787750042,0.001178748476959,0.001179463024628,0.8981564509735841,0.8866820420969501,0.6438603825976951,0.966466182478438,0.486779391738538,0.012028910189589,0.007828497544233,1.007521282827387,0.9754312301407172,10.20481504300051,6.637340366561701,4299,105.92722,0.47292414,0.99993056,0.47295702,39.35799,50.802513,9.839498,2,0.42285198,1.0,1.9462837,49.59146618247844,49.841207,22.463596,11.6,0,0.0,88.8,0,1.0,8,4.6666665,4.8,1.624,0.2845,-0.00014803834,-2,-6.8,0.0,0.0,-0.19213867,-2.4,0,0.0,0,0.0,-2.034,0.228,1.0,,,0.111779705,1.5353876,11.812404,-0.0138754705,-5.3,-1.79,17624.0
P21817 3342 A V,7M6L A 3342 A,0.0,7991.661029586723,0.729786787750042,0.001178748476959,0.001179463024628,0.8981564509735841,0.8866820420969501,0.6438603825976951,0.929187471629596,0.530299591466182,0.011620169299638,0.008123601565812,0.583126703375423,0.7003517930095321,9.858056681958598,6.887542378338888,4299,105.92722,0.47292414,0.99993056,0.47295702,39.35799,50.802513,9.839498,3,0.49172068,1.0,0.9162453,49.59146618247844,49.841207,22.463596,8.1,0,0.0,0.1,0,1.0,17,11.333333,4.4,-0.279,-0.56622225,0.00011926397,2,-0.1,0.0,0.0,-0.18864822,-2.2,0,0.0,0,0.0,-1.337,1.553,0.0,,,0.24764541,0.744981,15.443943,0.014690905,-30.13,-3.45,17624.0
P21817 3815 M L,7M6L A 3816 M,0.0,7991.661029586723,0.729786787750042,0.001178748476959,0.001179463024628,0.8981564509735841,0.8866820420969501,0.6438603825976951,0.326883794825238,0.180208806173399,0.005259560210199,0.002670723357109,0.337876787979669,0.068088969586926,4.461986855556254,2.264355305204069,4299,105.92722,0.47292414,0.99993056,0.47295702,39.35799,50.802513,9.839498,4,0.3556432,0.5,-1.320233,49.59146618247844,49.841207,22.463596,5.7,0,0.0,4.0,0,2.0,25,14.333333,7.6,-0.856,-0.5535,3.1312256e-06,0,2.0,0.0,0.0,-0.1905098,-0.8,0,0.0,0,0.0,-1.71,0.484,2.0,,,0.5652193,0.0542957,15.91904,0.0011613184,-34.42,0.99,17624.0
P21817 4034 V M,7M6L A 4035 V,0.0,7991.661029586723,0.729786787750042,0.001178748476959,0.001179463024628,0.8981564509735841,0.8866820420969501,0.6438603825976951,0.286654561960962,0.113935542442124,0.00473318453437,0.001365192247852,0.461947438554626,0.450862460281434,4.015432152735465,1.15746930539173,4299,105.92722,0.47292414,0.99993056,0.47295702,39.35799,50.802513,9.839498,4,0.34831175,1.0,-2.0755033,49.59146618247844,49.841207,22.463596,5.9,0,0.0,49.5,0,1.0,11,12.333333,7.0,-0.381,-0.8465,1.8877086e-05,1,12.7,0.0,0.0,-0.19213867,-0.2,0,0.0,0,0.0,-1.376,2.465,1.0,,,0.3682272,0.11320544,15.272611,0.0037903371,-12.05,-2.56,17624.0
P21817 4063 M V,7M6L A 4064 M,0.0,7991.661029586723,0.729786787750042,0.001178748476959,0.001179463024628,0.8981564509735841,0.8866820420969501,0.6438603825976951,0.269802541988197,0.065705855651384,0.004427764243858,0.000880956230804,0.401764196323322,0.246255106672719,3.756326587398856,0.746912970062499,4299,105.92722,0.47292414,0.99993056,0.47295702,39.35799,50.802513,9.839498,3,0.35899216,0.5,-1.1843647,49.59146618247844,49.841207,22.463596,5.7,0,0.0,5.4,0,2.0,26,13.666667,9.2,-0.774,-0.763375,0.00014917795,-1,4.8,0.0,0.0,-0.19237137,0.2,0,0.0,0,0.0,-1.71,0.879,1.0,,,0.34283128,0.24535945,15.836421,0.030316811,-29.7,-2.57,17624.0
P21817 4084 R H,7M6L A 4085 R,0.0,7991.661029586723,0.729786787750042,0.001178748476959,0.001179463024628,0.8981564509735841,0.8866820420969501,0.6438603825976951,0.245290512936904,0.032625964593735,0.004046984274638,0.000396242646831,0.674086450230837,0.8185996368588281,3.433289080531896,0.335951732744042,4299,105.92722,0.47292414,0.99993056,0.47295702,39.35799,50.802513,9.839498,6,0.47617835,1.0,-0.49761403,49.59146618247844,49.841207,22.463596,10.5,1,1.0,54.5,0,4.0,19,6.6666665,5.4,-0.271,0.36975,0.00019110742,-1,22.1,0.0,0.0,-0.19585991,-0.1,0,0.0,0,-2.0,-1.715,2.432,0.0,,,0.1150881,0.38796628,10.828282,0.034073155,-14.13,2.87,17624.0
P21817 4753 A T,7M6L A 4752 A,0.0,7991.661029586723,0.729786787750042,0.001178748476959,0.001179463024628,0.8981564509735841,0.8866820420969501,0.6438603825976951,0.206876985928279,0.174591466182478,0.00319019118295,0.002546162143054,0.41191399578606,0.278597367226509,2.706422315963115,2.158746895737769,4299,105.92722,0.47292414,0.99993056,0.47295702,39.35799,50.802513,9.839498,3,0.5657961,0.5,-0.8728606,49.59714026327735,49.841207,22.463596,8.1,0,0.0,32.7,0,1.0,15,5.3333335,3.4,0.435,-0.10475,5.6401368e-05,2,4.2,-0.019849147,0.0056740807989115,-0.1900444,0.5,0,0.0,0,1.0,-1.829,1.323,0.0,,,0.255875,0.10980171,13.579583,0.014957948,-19.92,-0.86,17624.0
P21817 4868 E K,7M6L A 4867 E,0.0,7991.661029586723,0.729786787750042,0.001178748476959,0.001179463024628,0.8981564509735841,0.8866820420969501,0.6438603825976951,0.008624602814344,0.036314117113027,7.2634586338592e-05,0.000436746221875,0.565543446733597,0.6699387199273711,0.061620089237318,0.370292423548647,4299,105.92722,0.47292414,0.99993056,0.47295702,39.35799,50.802513,9.839498,5,0.52222,1.0,0.2510019,49.59146618247844,49.841207,22.463596,12.3,1,-1.0,93.2,0,0.0,4,6.0,3.0,-0.388,-0.3368,2.6270505e-05,0,8.4,0.0,0.0,-0.19190598,-1.0,0,2.0,0,0.0,-1.255,1.487,1.0,2.5600727,0.13513513,0.012589157,3.384115,9.171433,0.0022296372,-12.67,-0.24,17624.0
P21817 35 C R,7M6L A 36 C,1.0,7991.661029586723,0.729786787750042,0.001178748476959,0.001179463024628,0.8981564509735841,0.8866820420969501,0.6438603825976951,0.221629596005447,0.595665002269632,0.003480683444391,0.008356909045907,0.355529697117501,0.108034498411257,2.95286357728362,7.085350597183324,4299,105.92722,0.47292414,0.99993056,0.47295702,39.35799,50.802513,9.839498,7,0.2778766,0.0,-1.3893102,49.59146618247844,49.841207,22.463596,5.5,0,0.0,0.6,0,3.0,30,18.333334,16.8,-0.84,-0.59692305,-0.00043101737,5,-0.6,0.0,0.0,-0.18190384,5.0,1,1.0,0,-1.0,-1.111,2.903,-3.0,1.4383193,0.73039216,0.20689803,0.18665892,16.325214,-0.07523827,-33.65,9.48,17624.0
P21817 44 R C,7M6L A 45 R,1.0,7991.661029586723,0.729786787750042,0.001178748476959,0.001179463024628,0.8981564509735841,0.8866820420969501,0.6438603825976951,0.231445755787562,0.572571493418066,0.003691872271623,0.008293344743044,0.361615243447579,0.12494325919201,3.132027182887007,7.031458019344829,4299,105.92722,0.47292414,0.99993056,0.47295702,39.35799,50.802513,9.839498,2,0.3236332,1.0,-1.0241085,49.59146618247844,49.841207,22.463596,10.5,1,1.0,15.0,0,3.0,32,12.666667,9.8,-0.872,-0.7316,0.0003388672,-5,6.4,0.0,0.0,-0.19934845,-5.0,-1,-1.0,0,-3.0,-1.101,3.842,-3.0,1.5600563,0.92156863,0.27046046,0.10054177,15.61624,0.06525149,-19.21,-6.37,17624.0
P21817 163 R C,7M6L A 164 R,1.0,7991.661029586723,0.729786787750042,0.001178748476959,0.001179463024628,0.8981564509735841,0.8866820420969501,0.6438603825976951,0.205628688152519,0.576940535633227,0.003160473004025,0.008301090133736,0.443773631802796,0.3838515660463,2.68121067878504,7.03802489811028,4299,105.92722,0.47292414,0.99993056,0.47295702,39.35799,50.802513,9.839498,2,0.46049172,0.0,-1.6936486,49.59146618247844,49.841207,22.463596,10.5,1,0.0,7.2,0,0.0,15,12.666667,10.6,-0.722,-0.12111111,0.000102484315,-5,13.2,0.0,0.0,-0.1907425,-5.0,-1,0.0,0,1.0,-1.101,3.842,-3.0,1.6312313,0.9411765,0.113000736,0.24176168,14.072161,0.015887113,-20.24,-6.68,17624.0
P21817 163 R L,7M6L A 164 R,1.0,7991.661029586723,0.729786787750042,0.001178748476959,0.001179463024628,0.8981564509735841,0.8866820420969501,0.6438603825976951,0.205628688152519,0.576940535633227,0.003160473004025,0.008301090133736,0.443773631802796,0.3838515660463,2.68121067878504,7.03802489811028,4299,105.92722,0.47292414,0.99993056,0.47295702,39.35799,50.802513,9.839498,4,0.46049172,0.0,-1.6936486,49.58579210167953,49.841207,22.463596,10.5,1,0.0,7.2,0,0.0,15,12.666667,10.6,-0.722,-0.12111111,0.0002617487,-3,21.8,0.019849147,-0.0056740807989115,-0.18934631,-5.6,-1,0.0,0,0.0,-1.101,2.113,-2.0,1.6312313,0.9411765,0.113000736,0.24176168,14.072161,0.040386077,-20.24,-0.96,17624.0
P21817 248 G R,7M6L A 249 G,1.0,7991.661029586723,0.729786787750042,0.001178748476959,0.001179463024628,0.8981564509735841,0.8866820420969501,0.6438603825976951,0.272355878347707,0.548910576486609,0.004451554221578,0.008231453646244,0.463659923962832,0.460735360871538,3.776508991181702,6.97898405830673,4299,105.92722,0.47292414,0.99993056,0.47295702,39.35799,50.802513,9.839498,7,0.38391548,0.0,-1.2875284,49.59714026327735,49.841207,22.463596,9.0,0,0.0,34.9,0,0.0,9,10.333333,11.8,0.322,-0.4242,-0.00020626633,7,17.1,-0.019849147,0.0056740807989115,-0.18771744,1.5,1,1.0,0,0.0,-1.521,2.239,-2.0,2.0945823,0.85555553,0.26571134,0.12566848,14.090603,-0.06607531,-21.7,-7.33,17624.0
P21817 328 R W,7M6L A 329 R,1.0,7991.661029586723,0.729786787750042,0.001178748476959,0.001179463024628,0.8981564509735841,0.8866820420969501,0.6438603825976951,0.245801180208806,0.586132546527462,0.004056729713783,0.008317948961413,0.7541943608333621,0.879028597367226,3.441556696003821,7.052318544732059,4299,105.92722,0.47292414,0.99993056,0.47295702,39.35799,50.802513,9.839498,10,0.5359137,0.5,-1.9695228,49.58579210167953,49.841207,22.463596,10.5,1,1.0,70.7,0,0.0,3,3.3333333,4.8,-0.286,1.21425,5.950817e-05,3,-5.3,0.019849147,-0.0056740807989115,-0.1902771,-5.1,-1,-1.0,0,0.0,-1.572,3.678,-3.0,2.3835123,0.24444444,0.11932722,0.25017416,13.004368,0.009783795,-14.35,14.35,17624.0
P21817 341 G R,7M6L A 342 G,1.0,7991.661029586723,0.729786787750042,0.001178748476959,0.001179463024628,0.8981564509735841,0.8866820420969501,0.6438603825976951,0.257262823422605,0.563039037675896,0.004256797409824,0.008276024273055,0.5008240987099281,0.5574784384929641,3.611285607600671,7.016772972312524,4299,105.92722,0.47292414,0.99993056,0.47295702,39.35799,50.802513,9.839498,7,0.3908446,1.0,-1.7521856,49.59714026327735,49.841207,22.463596,9.0,0,0.0,48.9,0,1.0,10,12.666667,8.8,-0.854,-0.6502857,-0.00032705592,7,-10.1,-0.019849147,0.0056740807989115,-0.18632317,1.5,1,1.0,0,1.0,-0.927,1.453,-2.0,2.1321373,0.90555555,0.30681404,0.09470126,14.4434805,-0.09059038,-16.07,-6.28,17624.0
P21817 401 R C,7M6L A 402 R,1.0,7991.661029586723,0.729786787750042,0.001178748476959,0.001179463024628,0.8981564509735841,0.8866820420969501,0.6438603825976951,0.279675442578302,0.533363595097594,0.004593522232099,0.00814451600143,0.416630320122078,0.29817294598275,3.896948604292913,6.905274545588651,4299,105.92722,0.47292414,0.99993056,0.47295702,39.35799,50.802513,9.839498,2,0.51194245,0.5,-1.2793293,49.59146618247844,49.841207,22.463596,10.5,1,1.0,6.2,0,3.0,36,16.333334,11.0,-0.262,-0.5021,-0.00033679532,-5,7.1,0.0,0.0,-0.19888306,-5.0,-1,-1.0,0,0.0,-1.225,3.763,-3.0,,,0.4575822,0.083390124,16.498873,-0.07570156,-30.61,-12.29,17624.0
P21817 403 I M,7M6L A 404 I,1.0,7991.661029586723,0.729786787750042,0.001178748476959,0.001179463024628,0.8981564509735841,0.8866820420969501,0.6438603825976951,0.286370857921016,0.527349069450749,0.004729208750939,0.008099638159991,0.408629831419711,0.268100317748524,4.012059267417287,6.867225161672776,4299,105.92722,0.47292414,0.99993056,0.47295702,39.35799,50.802513,9.839498,4,0.49036622,0.5,-1.1346226,49.59146618247844,49.841207,22.463596,5.2,0,0.0,1.9,0,2.0,34,18.333334,12.2,-0.735,-0.3268,-6.0431474e-05,0,-0.9,0.0,0.0,-0.1907425,0.5,0,0.0,0,0.0,-1.257,2.752,1.0,,,0.4875711,0.07542706,16.72331,-0.014766961,-34.42,3.68,17624.0
P21817 522 Y S,7M6L A 523 Y,1.0,7991.661029586723,0.729786787750042,0.001178748476959,0.001179463024628,0.8981564509735841,0.8866820420969501,0.6438603825976951,0.36609169314571,0.499205628688152,0.00587096278222,0.007911785028737,0.368679201073836,0.147355878347707,4.980674755452762,6.70795511476869,4299,105.92722,0.47292414,0.99993056,0.47295702,39.35799,50.802513,9.839498,2,0.34774593,0.5,-0.5642617,49.59146618247844,49.841207,22.463596,6.2,0,0.0,2.2,0,2.0,33,14.333333,9.8,-0.851,-0.4763,-0.000127462,-6,5.3,0.0,0.0,-0.1967907,3.0,0,0.0,0,1.0,-1.4,0.996,-2.0,1.4815722,0.73777777,0.44804004,0.04065802,16.48583,-0.030422388,-37.11,6.61,17624.0
P21817 530 R H,7M6L A 531 R,1.0,7991.661029586723,0.729786787750042,0.001178748476959,0.001179463024628,0.8981564509735841,0.8866820420969501,0.6438603825976951,0.370801180208806,0.482296867907399,0.006123375999725,0.007805905086143,0.413917919427488,0.285463004993191,5.194811377844383,6.61818549894962,4299,105.92722,0.47292414,0.99993056,0.47295702,39.35799,50.802513,9.839498,6,0.27333188,1.0,-0.73869526,49.59146618247844,49.841207,22.463596,10.5,1,1.0,30.8,0,5.0,26,13.0,10.6,-0.648,-0.74685717,-7.781718e-05,-1,2.5,0.0,0.0,-0.19167328,-0.1,0,-1.0,0,-2.0,-1.331,2.91,0.0,2.1494126,0.5777778,0.4479904,0.033692826,15.843364,-0.02407475,-22.67,-1.07,17624.0
P21817 533 R C,7M6L A 534 R,1.0,7991.661029586723,0.729786787750042,0.001178748476959,0.001179463024628,0.8981564509735841,0.8866820420969501,0.6438603825976951,0.391057648660916,0.476849750340444,0.006498802813812,0.007786409096093,0.417622337558504,0.30203132092601,5.513307495909463,6.601655951483381,4299,105.92722,0.47292414,0.99993056,0.47295702,39.35799,50.802513,9.839498,2,0.25853378,0.5,-0.7781634,49.59146618247844,49.841207,22.463596,10.5,1,1.0,55.3,0,1.0,19,11.333333,6.8,-0.726,-0.5645,0.00012594345,-5,8.5,0.0,0.0,-0.19376564,-5.0,-1,-1.0,0,0.0,-1.101,3.842,-3.0,1.7818058,0.29333332,0.36225575,0.052914582,14.454058,0.050984003,-22.43,-7.46,17624.0
P21817 533 R H,7M6L A 534 R,1.0,7991.661029586723,0.729786787750042,0.001178748476959,0.001179463024628,0.8981564509735841,0.8866820420969501,0.6438603825976951,0.391057648660916,0.476849750340444,0.006498802813812,0.007786409096093,0.417622337558504,0.30203132092601,5.513307495909463,6.601655951483381,4299,105.92722,0.47292414,0.99993056,0.47295702,39.35799,50.802513,9.839498,6,0.25853378,0.5,-0.7781634,49.59146618247844,49.841207,22.463596,10.5,1,1.0,55.3,0,1.0,19,11.333333,6.8,-0.726,-0.5645,7.528735e-06,-1,20.0,0.0,0.0,-0.19399834,-0.1,0,-1.0,0,0.0,-1.101,2.985,0.0,1.7818058,0.29333332,0.36225575,0.052914582,14.454058,0.0031238783,-22.43,2.09,17624.0
P21817 552 R W,7M6L A 553 R,1.0,7991.661029586723,0.729786787750042,0.001178748476959,0.001179463024628,0.8981564509735841,0.8866820420969501,0.6438603825976951,0.390546981389015,0.5072628234226051,0.006492110453937,0.007965243074707,0.457291108166241,0.431797548797094,5.507629982847902,6.753279168896549,4299,105.92722,0.47292414,0.99993056,0.47295702,39.35799,50.802513,9.839498,10,0.28829518,1.0,-0.31093723,49.58579210167953,49.841207,22.463596,10.5,1,1.0,23.3,0,1.0,27,7.3333335,7.6,-0.214,-0.6272857,-3.0324856e-05,3,-9.5,0.019849147,-0.0056740807989115,-0.19190598,-5.1,-1,-1.0,0,1.0,-1.237,1.238,-3.0,2.485082,0.82666665,0.3682941,0.04805722,16.153126,-0.006381203,-23.03,4.23,17624.0
P21817 614 R C,7M6L A 615 R,1.0,7991.661029586723,0.729786787750042,0.001178748476959,0.001179463024628,0.8981564509735841,0.8866820420969501,0.6438603825976951,0.512539718565592,0.428676804357694,0.007997240498219,0.007110465115258,0.359979548190927,0.119779845665002,6.784518202601062,6.02856127473616,4299,105.92722,0.47292414,0.99993056,0.47295702,39.35799,50.802513,9.839498,2,0.36449075,0.5,-0.15009639,49.59146618247844,49.841207,22.463596,10.5,1,1.0,29.9,0,1.0,26,9.333333,9.0,-0.728,-0.6894444,4.9918373e-05,-5,5.4,0.0,0.0,-0.19562721,-5.0,-1,-1.0,0,0.0,-1.34,3.686,-3.0,1.9115955,0.9066667,0.65853673,0.10148911,16.227823,0.018260121,-19.5,-4.98,17624.0
P21817 614 R L,7M6L A 615 R,1.0,7991.661029586723,0.729786787750042,0.001178748476959,0.001179463024628,0.8981564509735841,0.8866820420969501,0.6438603825976951,0.512539718565592,0.428676804357694,0.007997240498219,0.007110465115258,0.359979548190927,0.119779845665002,6.784518202601062,6.02856127473616,4299,105.92722,0.47292414,0.99993056,0.47295702,39.35799,50.802513,9.839498,4,0.36449075,0.5,-0.15009639,49.58579210167953,49.841207,22.463596,10.5,1,1.0,29.9,0,1.0,26,9.333333,9.0,-0.728,-0.6894444,6.506374e-05,-3,3.1,0.019849147,-0.0056740807989115,-0.19423103,-5.6,-1,-1.0,0,0.0,-1.34,2.029,-2.0,1.9115955,0.9066667,0.65853673,0.10148911,16.227823,0.02373946,-19.5,1.64,17624.0
P21817 2163 R C,7M6L A 2163 R,1.0,7991.661029586723,0.729786787750042,0.001178748476959,0.001179463024628,0.8981564509735841,0.8866820420969501,0.6438603825976951,0.5448252383113931,0.332898320472083,0.008202924788433,0.005334464829076,0.384769740524619,0.196152973218338,6.959011993459859,4.52279106482084,4299,105.92722,0.47292414,0.99993056,0.47295702,39.35799,50.802513,9.839498,2,0.37050024,0.5,-0.2530945,49.59146618247844,49.841207,22.463596,10.5,1,1.0,20.5,0,2.0,23,8.666667,6.6,-0.894,-0.696375,5.867787e-05,-5,13.5,0.0,0.0,-0.19748878,-5.0,-1,-1.0,0,0.0,-1.398,3.425,-3.0,1.8748214,0.6577778,0.6828979,0.14158973,16.247412,0.03767449,-26.62,-7.55,17624.0
P21817 2163 R H,7M6L A 2163 R,1.0,7991.661029586723,0.729786787750042,0.001178748476959,0.001179463024628,0.8981564509735841,0.8866820420969501,0.6438603825976951,0.5448252383113931,0.332898320472083,0.008202924788433,0.005334464829076,0.384769740524619,0.196152973218338,6.959011993459859,4.52279106482084,4299,105.92722,0.47292414,0.99993056,0.47295702,39.35799,50.802513,9.839498,6,0.37050024,0.5,-0.2530945,49.59146618247844,49.841207,22.463596,10.5,1,1.0,20.5,0,2.0,23,8.666667,6.6,-0.894,-0.696375,5.9169368e-05,-1,3.5,0.0,0.0,-0.19399834,-0.1,0,-1.0,0,-1.0,-1.398,2.568,0.0,1.8748214,0.6577778,0.6828979,0.14158973,16.247412,0.037978288,-26.62,0.17,17624.0
P21817 2168 V M,7M6L A 2168 V,1.0,7991.661029586723,0.729786787750042,0.001178748476959,0.001179463024628,0.8981564509735841,0.8866820420969501,0.6438603825976951,0.52468225147526,0.388788016341352,0.008072677655875,0.006470593830062,0.338120161273214,0.06848615524285,6.848515873970537,5.486050596711703,4299,105.92722,0.47292414,0.99993056,0.47295702,39.35799,50.802513,9.839498,4,0.3420482,0.0,-0.27173322,49.59146618247844,49.841207,22.463596,5.9,0,0.0,2.6,0,1.0,20,10.666667,11.2,-0.826,-0.669,3.7981525e-05,1,0.3,0.0,0.0,-0.18934631,-0.2,0,0.0,0,0.0,-1.304,2.461,1.0,1.2477552,0.72888887,0.6204159,0.110911794,15.957166,0.017354434,-28.63,-2.47,17624.0
P21817 2206 T R,7M6L A 2206 T,1.0,7991.661029586723,0.729786787750042,0.001178748476959,0.001179463024628,0.8981564509735841,0.8866820420969501,0.6438603825976951,0.597650930549251,0.251475261007716,0.008356415565768,0.0041623694339,0.412664014985214,0.281604630049931,7.089227031133716,3.529037661194176,4299,105.92722,0.47292414,0.99993056,0.47295702,39.35799,50.802513,9.839498,7,0.37458557,0.5,-0.35698026,49.59146618247844,49.841207,22.463596,8.6,0,0.0,11.3,0,3.0,27,9.333333,7.6,-0.833,-0.7866667,5.283978e-05,4,1.1,0.0,0.0,-0.18306541,1.9,1,1.0,0,-1.0,-1.245,2.198,-1.0,2.1817484,0.9777778,0.6551612,0.15306686,15.814609,0.040587757,-24.41,-4.29,17624.0
P21817 2206 T M,7M6L A 2206 T,1.0,7991.661029586723,0.729786787750042,0.001178748476959,0.001179463024628,0.8981564509735841,0.8866820420969501,0.6438603825976951,0.597650930549251,0.251475261007716,0.008356415565768,0.0041623694339,0.412664014985214,0.281604630049931,7.089227031133716,3.529037661194176,4299,105.92722,0.47292414,0.99993056,0.47295702,39.35799,50.802513,9.839498,4,0.37458557,0.5,-0.35698026,49.58579210167953,49.841207,22.463596,8.6,0,0.0,11.3,0,3.0,27,9.333333,7.6,-0.833,-0.7866667,2.4226435e-06,1,0.1,0.019849147,-0.0056740807989115,-0.18911362,-2.9,0,0.0,0,0.0,-1.245,2.97,-1.0,2.1817484,0.9777778,0.6551612,0.15306686,15.814609,0.0019310277,-24.41,-6.91,17624.0
P21817 2336 R H,7M6L A 2336 R,1.0,7991.661029586723,0.729786787750042,0.001178748476959,0.001179463024628,0.8981564509735841,0.8866820420969501,0.6438603825976951,0.7905696777122101,0.052882433045846,0.009237458225714,0.000672574831066,0.36487119396087,0.135326827054017,7.836666096522178,0.5702381651839481,4299,105.92722,0.47292414,0.99993056,0.47295702,39.35799,50.802513,9.839498,6,0.17112052,0.5,-0.42355022,49.59146618247844,49.841207,22.463596,10.5,1,1.0,19.4,0,5.0,41,12.333333,8.0,-0.852,-0.7207,-2.2063341e-05,-1,-16.2,0.0,0.0,-0.18911362,-0.1,0,-1.0,0,0.0,-2.267,2.11,0.0,2.1335354,0.94222224,0.6451344,0.18117383,16.698505,-0.007606618,-31.24,0.9,17624.0
P21817 2350 A T,7M6L A 2350 A,1.0,7991.661029586723,0.729786787750042,0.001178748476959,0.001179463024628,0.8981564509735841,0.8866820420969501,0.6438603825976951,0.7562982296867901,0.058159328188833,0.009090864711844,0.000732637196264,0.367227508246342,0.142816613708579,7.712302403388256,0.621161648110914,4299,105.92722,0.47292414,0.99993056,0.47295702,39.35799,50.802513,9.839498,3,0.26325983,1.0,-0.7326209,49.59714026327735,49.841207,22.463596,8.1,0,0.0,7.4,0,2.0,20,11.333333,7.0,-0.759,-0.7738,4.423781e-05,2,-4.2,-0.019849147,0.0056740807989115,-0.18818283,0.5,0,0.0,0,2.0,-2.001,1.167,0.0,0.5939549,0.16444445,0.5881371,0.19114177,16.599825,0.01506403,-22.38,-0.03,17624.0
P21817 2355 R W,7M6L A 2355 R,1.0,7991.661029586723,0.729786787750042,0.001178748476959,0.001179463024628,0.8981564509735841,0.8866820420969501,0.6438603825976951,0.7623127553336361,0.070301861098502,0.009123562108454,0.000977522728735,0.423909675547542,0.324614162505674,7.740041481953125,0.828786242827177,4299,105.92722,0.47292414,0.99993056,0.47295702,39.35799,50.802513,9.839498,10,0.2447234,0.5,-0.92685044,49.58579210167953,49.841207,22.463596,10.5,1,1.0,29.8,0,3.0,37,14.666667,7.6,-0.76,-0.71825,4.904813e-05,3,6.3,0.019849147,-0.0056740807989115,-0.19260216,-5.1,-1,-1.0,0,-1.0,-2.254,2.934,-3.0,2.2152145,0.80444443,0.46618253,0.2125003,15.129432,0.016248733,-25.64,-2.61,17624.0
P21817 2375 G A,7M6L A 2375 G,1.0,7991.661029586723,0.729786787750042,0.001178748476959,0.001179463024628,0.8981564509735841,0.8866820420969501,0.6438603825976951,0.807875624148887,0.147923286427598,0.009412973227743,0.001840400719697,0.465539591526503,0.46697684975034,7.985565548321581,1.560371695651235,4299,105.92722,0.47292414,0.99993056,0.47295702,39.35799,50.802513,9.839498,1,0.38960335,1.0,-0.45620787,49.59146618247844,49.841207,22.463596,9.0,0,0.0,49.5,0,1.0,11,5.3333335,4.2,-0.815,-0.45857143,5.917809e-05,1,-0.7,0.0,0.0,-0.19097519,-0.9,0,0.0,0,0.0,-1.804,-0.306,0.0,,,0.34505576,0.19441839,12.980923,0.012672115,-13.97,-3.12,17624.0
P21817 2428 A T,7M6L A 2428 A,1.0,7991.661029586723,0.729786787750042,0.001178748476959,0.001179463024628,0.8981564509735841,0.8866820420969501,0.6438603825976951,0.8172378574670901,0.111552428506581,0.009489046018527,0.001344877796114,0.36429144784388,0.132376305038583,8.050102463762448,1.14024583054472,4299,105.92722,0.47292414,0.99993056,0.47295702,39.35799,50.802513,9.839498,3,0.30790427,0.5,-0.4255773,49.59714026327735,49.841207,22.463596,8.1,0,0.0,7.1,0,2.0,24,12.333333,11.6,-0.787,-0.77763635,-5.1409665e-05,2,1.0,-0.019849147,0.0056740807989115,-0.18748474,0.5,0,0.0,0,2.0,-1.175,1.757,0.0,,,0.58721465,0.17362215,16.602365,-0.015431701,-33.51,3.99,17624.0
P21817 2434 G R,7M6L A 2434 G,1.0,7991.661029586723,0.729786787750042,0.001178748476959,0.001179463024628,0.8981564509735841,0.8866820420969501,0.6438603825976951,0.820358601906491,0.123808443032228,0.009516034692175,0.001477196815358,0.360204743006833,0.120744439400817,8.072998504924236,1.252431644327113,4299,105.92722,0.47292414,0.99993056,0.47295702,39.35799,50.802513,9.839498,7,0.27333835,0.5,-0.485742,49.59714026327735,49.841207,22.463596,9.0,0,0.0,0.4,0,2.0,24,15.0,11.6,-0.881,-0.8677273,0.00031606556,7,-0.4,-0.019849147,0.0056740807989115,-0.17445946,1.5,1,0.0,0,1.0,-0.921,2.747,-2.0,,,0.639756,0.15556486,16.673723,0.087869786,-26.75,-5.64,17624.0
P21817 2435 R H,7M6L A 2435 R,1.0,7991.661029586723,0.729786787750042,0.001178748476959,0.001179463024628,0.8981564509735841,0.8866820420969501,0.6438603825976951,0.8016908760780751,0.07421697684975,0.009329181574508,0.001031093914506,0.362287540901474,0.126475261007716,7.914480278756048,0.874206221794497,4299,105.92722,0.47292414,0.99993056,0.47295702,39.35799,50.802513,9.839498,6,0.26990125,0.5,-0.4441771,49.59146618247844,49.841207,22.463596,10.5,1,1.0,13.7,0,6.0,42,15.666667,10.4,-0.894,-0.8506,0.00013453048,-1,-2.8,0.0,0.0,-0.19516182,-0.1,0,-1.0,0,-2.0,-1.398,2.568,0.0,,,0.6214149,0.16150698,16.343117,0.042289127,-30.11,-0.27,17624.0
P21817 2452 R W,7M6L A 2452 R,1.0,7991.661029586723,0.729786787750042,0.001178748476959,0.001179463024628,0.8981564509735841,0.8866820420969501,0.6438603825976951,0.78483885610531,0.14525646845211,0.009215283602379,0.001793029288444,0.434457657803435,0.355197458011802,7.817854090594861,1.5202081379440502,4299,105.92722,0.47292414,0.99993056,0.47295702,39.35799,50.802513,9.839498,10,0.3160984,0.5,-0.85999745,49.58579210167953,49.841207,22.463596,10.5,1,1.0,57.9,0,2.0,34,12.0,6.6,-0.894,-0.74366665,-0.00016485895,3,-21.2,0.019849147,-0.0056740807989115,-0.1898117,-5.1,-1,-1.0,0,0.0,-1.398,3.66,-3.0,,,0.35293412,0.19376892,13.090363,-0.044458482,-23.66,-0.51,17624.0
P21817 2454 R C,7M6L A 2454 R,1.0,7991.661029586723,0.729786787750042,0.001178748476959,0.001179463024628,0.8981564509735841,0.8866820420969501,0.6438603825976951,0.8028824330458461,0.138958238765319,0.00934676004417,0.001715523700691,0.408108674462839,0.266681797548797,7.929393103675964,1.454495533025599,4299,105.92722,0.47292414,0.99993056,0.47295702,39.35799,50.802513,9.839498,2,0.33438835,0.5,-0.61051047,49.59146618247844,49.841207,22.463596,10.5,1,1.0,20.0,0,3.0,33,10.333333,6.6,-0.852,-0.7891,-0.0001598921,-5,-11.3,0.0,0.0,-0.1963253,-5.0,-1,-1.0,0,0.0,-1.398,3.425,-3.0,,,0.48057428,0.16813822,14.806445,-0.04010028,-30.82,-10.89,17624.0
P21817 2454 R H,7M6L A 2454 R,1.0,7991.661029586723,0.729786787750042,0.001178748476959,0.001179463024628,0.8981564509735841,0.8866820420969501,0.6438603825976951,0.8028824330458461,0.138958238765319,0.00934676004417,0.001715523700691,0.408108674462839,0.266681797548797,7.929393103675964,1.454495533025599,4299,105.92722,0.47292414,0.99993056,0.47295702,39.35799,50.802513,9.839498,6,0.33438835,0.5,-0.61051047,49.59146618247844,49.841207,22.463596,10.5,1,1.0,20.0,0,3.0,33,10.333333,6.6,-0.852,-0.7891,-0.0002082564,-1,-14.5,0.0,0.0,-0.18934631,-0.1,0,-1.0,0,-1.0,-1.398,2.568,0.0,,,0.48057428,0.16813822,14.806445,-0.052432504,-30.82,-0.72,17624.0
P21817 2458 R C,7M6L A 2458 R,1.0,7991.661029586723,0.729786787750042,0.001178748476959,0.001179463024628,0.8981564509735841,0.8866820420969501,0.6438603825976951,0.808045846572855,0.150703586019064,0.009414798726982,0.001910798896257,0.418576495658917,0.304698138901498,7.98711422412024,1.620058328542564,4299,105.92722,0.47292414,0.99993056,0.47295702,39.35799,50.802513,9.839498,2,0.4060896,0.5,-0.58358836,49.59146618247844,49.841207,22.463596,10.5,1,1.0,26.7,0,1.0,39,14.0,8.4,-0.894,-0.7074,-5.9214795e-05,-5,5.8,0.0,0.0,-0.19865036,-5.0,-1,-1.0,0,1.0,-1.398,3.425,-3.0,,,0.46957308,0.1662219,14.527016,-0.013861078,-26.91,-10.17,17624.0
P21817 2458 R H,7M6L A 2458 R,1.0,7991.661029586723,0.729786787750042,0.001178748476959,0.001179463024628,0.8981564509735841,0.8866820420969501,0.6438603825976951,0.808045846572855,0.150703586019064,0.009414798726982,0.001910798896257,0.418576495658917,0.304698138901498,7.98711422412024,1.620058328542564,4299,105.92722,0.47292414,0.99993056,0.47295702,39.35799,50.802513,9.839498,6,0.4060896,0.5,-0.58358836,49.59146618247844,49.841207,22.463596,10.5,1,1.0,26.7,0,1.0,39,14.0,8.4,-0.894,-0.7074,-7.989376e-05,-1,0.2,0.0,0.0,-0.19283485,-0.1,0,-1.0,0,1.0,-1.398,2.568,0.0,,,0.46957308,0.1662219,14.527016,-0.018729715,-26.91,1.03,17624.0
P21817 2508 R C,7M6L A 2508 R,1.0,7991.661029586723,0.729786787750042,0.001178748476959,0.001179463024628,0.8981564509735841,0.8866820420969501,0.6438603825976951,0.841239219246482,0.147299137539718,0.009673360137166,0.001832063897359,0.403493630377794,0.252156150703586,8.206466711302687,1.553303375437735,4299,105.92722,0.47292414,0.99993056,0.47295702,39.35799,50.802513,9.839498,2,0.2768528,0.5,-0.41723344,49.59146618247844,49.841207,22.463596,10.5,1,1.0,15.1,0,3.0,33,16.0,14.8,-0.894,-0.78955555,0.0003055737,-5,10.6,0.0,0.0,-0.20027924,-5.0,-1,-1.0,0,-1.0,-1.398,3.425,-3.0,,,0.5806394,0.12708,16.335958,0.08032976,-30.38,-8.0,17624.0
P21817 2508 R G,7M6L A 2508 R,1.0,7991.661029586723,0.729786787750042,0.001178748476959,0.001179463024628,0.8981564509735841,0.8866820420969501,0.6438603825976951,0.841239219246482,0.147299137539718,0.009673360137166,0.001832063897359,0.403493630377794,0.252156150703586,8.206466711302687,1.553303375437735,4299,105.92722,0.47292414,0.99993056,0.47295702,39.35799,50.802513,9.839498,0,0.2768528,0.5,-0.41723344,49.58579210167953,49.841207,22.463596,10.5,1,1.0,15.1,0,3.0,33,16.0,14.8,-0.894,-0.78955555,0.004132335,-7,12.3,0.019849147,-0.0056740807989115,-0.17678452,-1.5,-1,-1.0,0,-2.0,-1.398,1.696,-2.0,,,0.5806394,0.12708,16.335958,0.10023334,-30.38,7.22,17624.0
P21817 2508 R H,7M6L A 2508 R,1.0,7991.661029586723,0.729786787750042,0.001178748476959,0.001179463024628,0.8981564509735841,0.8866820420969501,0.6438603825976951,0.841239219246482,0.147299137539718,0.009673360137166,0.001832063897359,0.403493630377794,0.252156150703586,8.206466711302687,1.553303375437735,4299,105.92722,0.47292414,0.99993056,0.47295702,39.35799,50.802513,9.839498,6,0.2768528,0.5,-0.41723344,49.59146618247844,49.841207,22.463596,10.5,1,1.0,15.1,0,3.0,33,16.0,14.8,-0.894,-0.78955555,0.0001717121,-1,13.0,0.0,0.0,-0.19725609,-0.1,0,-1.0,0,-2.0,-1.398,2.568,0.0,,,0.5806394,0.12708,16.335958,0.04565525,-30.38,1.01,17624.0
P21817 3104 E K,7M6L A 3104 E,1.0,7991.661029586723,0.729786787750042,0.001178748476959,0.001179463024628,0.8981564509735841,0.8866820420969501,0.6438603825976951,0.97906264185202,0.444961416250567,0.012070195318064,0.007431245275794,0.6648957319616661,0.8095778483885611,10.23983958749181,6.300532632750321,4299,105.92722,0.47292414,0.99993056,0.47295702,39.35799,50.802513,9.839498,5,0.43496025,0.5,1.522032,49.59146618247844,49.841207,22.463596,12.3,1,-1.0,23.5,0,3.0,36,13.0,8.2,-0.553,-0.34577778,0.0001837483,0,12.7,0.0,0.0,-0.19306755,-1.0,0,2.0,0,-1.0,-1.255,1.487,1.0,,,0.1678697,1.1138225,13.6214285,0.020707855,-20.02,2.8,17624.0
P21817 3990 G V,7M6L A 3991 G,1.0,7991.661029586723,0.729786787750042,0.001178748476959,0.001179463024628,0.8981564509735841,0.8866820420969501,0.6438603825976951,0.32608942351339,0.098445301861098,0.005242969112045,0.001218726894319,0.34389891506513,0.079096686336813,4.447911674566443,1.033289614740738,4299,105.92722,0.47292414,0.99993056,0.47295702,39.35799,50.802513,9.839498,3,0.32234383,0.5,-1.4711242,49.59146618247844,49.841207,22.463596,9.0,0,0.0,14.9,0,2.0,26,13.666667,5.6,-0.878,-0.8328889,-7.5367316e-05,3,8.0,0.0,0.0,-0.18911362,-3.1,0,0.0,0,0.0,-0.921,2.568,-3.0,2.317574,0.9831933,0.4478525,0.16475715,15.4991665,-0.021336976,-20.07,-7.44,17624.0
P21817 4796 Y C,7M6L A 4795 Y,1.0,7991.661029586723,0.729786787750042,0.001178748476959,0.001179463024628,0.8981564509735841,0.8866820420969501,0.6438603825976951,0.062414888788016,0.046811166591012,0.000821323137532,0.000576201005616,0.322163441484311,0.044655015887426,0.696775566277801,0.488528248520481,4299,105.92722,0.47292414,0.99993056,0.47295702,39.35799,50.802513,9.839498,2,0.2661809,0.5,-0.46564627,49.59146618247844,49.841207,22.463596,6.2,0,0.0,2.0,0,3.0,37,17.0,7.2,-0.872,-0.4441111,-8.268857e-05,-6,9.5,0.0,0.0,-0.19934845,-0.7,0,0.0,0,0.0,-1.282,3.316,-2.0,1.9661282,0.6864865,0.17437498,0.29203627,15.238526,-0.0108111575,-25.68,-6.3,17624.0
P21817 4826 T I,7M6L A 4825 T,1.0,7991.661029586723,0.729786787750042,0.001178748476959,0.001179463024628,0.8981564509735841,0.8866820420969501,0.6438603825976951,0.055605991829323,0.027519291874716,0.000717183623467,0.000329363772711,0.309700288249774,0.030526554698138,0.608428038284706,0.279248917375111,4299,105.92722,0.47292414,0.99993056,0.47295702,39.35799,50.802513,9.839498,4,0.36371234,0.5,-0.92837834,49.58579210167953,49.841207,22.463596,8.6,0,0.0,10.2,0,4.0,28,9.0,5.6,-0.896,-0.8488,-9.2056835e-05,1,3.6,0.019849147,-0.0056740807989115,-0.1905098,-3.4,0,0.0,0,-1.0,-1.245,2.051,-1.0,2.1647074,0.7945946,0.1759348,0.22474363,12.158442,-0.011692843,-24.4,-7.38,17624.0
P21817 4833 H Y,7M6L A 4832 H,1.0,7991.661029586723,0.729786787750042,0.001178748476959,0.001179463024628,0.8981564509735841,0.8866820420969501,0.6438603825976951,0.045108942351339,0.03296640944167,0.00055434337098,0.000399557103598,0.361040786679829,0.122843849296414,0.470281304125564,0.338761873204061,4299,105.92722,0.47292414,0.99993056,0.47295702,39.35799,50.802513,9.839498,8,0.3714727,0.5,-1.0011044,49.59146618247844,49.841207,22.463596,10.4,1,0.0,60.3,0,1.0,12,9.333333,4.4,-0.893,-0.8707143,-0.000101307254,2,-5.6,0.0,0.0,-0.18702126,-4.2,-1,0.0,0,1.0,-1.433,1.565,2.0,2.0268571,0.5837838,0.15749706,0.2575145,12.255718,-0.012708833,-18.74,1.55,17624.0
P21817 4838 L V,7M6L A 4837 L,1.0,7991.661029586723,0.729786787750042,0.001178748476959,0.001179463024628,0.8981564509735841,0.8866820420969501,0.6438603825976951,0.01900817067635,0.039207898320472,0.000241482167944,0.000464482116967,0.292050785995162,0.013561053109396,0.204863185543559,0.393808120533002,4299,105.92722,0.47292414,0.99993056,0.47295702,39.35799,50.802513,9.839498,3,0.37929633,0.5,-0.7373729,49.59146618247844,49.841207,22.463596,4.9,0,0.0,24.5,0,2.0,24,7.3333335,4.0,-0.8,-0.7359,-5.0525385e-05,-1,-5.3,0.0,0.0,-0.1902771,1.0,0,0.0,0,0.0,-1.208,1.381,1.0,1.1129947,0.12432432,0.103624575,0.42839083,12.556563,-0.0057433597,-24.25,2.67,17624.0
P21817 4849 V I,7M6L A 4848 V,1.0,7991.661029586723,0.729786787750042,0.001178748476959,0.001179463024628,0.8981564509735841,0.8866820420969501,0.6438603825976951,0.002212891511575,0.041137085792101,2.592913829896588e-05,0.000490857680114,0.292586574269494,0.013731275533363,0.021997176501852,0.416170468988433,4299,105.92722,0.47292414,0.99993056,0.47295702,39.35799,50.802513,9.839498,4,0.32958984,0.5,-0.361304,49.59146618247844,49.841207,22.463596,5.9,0,0.0,1.6,0,3.0,34,16.0,8.2,-0.853,-0.8094,-0.000110657646,1,-0.8,0.0,0.0,-0.1905098,-0.7,0,0.0,0,0.0,-1.304,1.092,3.0,1.856616,0.8108108,0.04156631,1.2907637,13.142534,-0.010866017,-30.23,-3.39,17624.0
P21817 4861 R H,7M6L A 4860 R,1.0,7991.661029586723,0.729786787750042,0.001178748476959,0.001179463024628,0.8981564509735841,0.8866820420969501,0.6438603825976951,0.007206082614616,0.040342714480254,6.757870929680091e-05,0.00047935548469,0.33285677046526,0.057421697684975,0.057330898506117,0.406418407937526,4299,105.92722,0.47292414,0.99993056,0.47295702,39.35799,50.802513,9.839498,6,0.3630137,1.0,0.10082137,49.59146618247844,49.841207,22.463596,10.5,1,1.0,40.7,0,1.0,32,15.0,9.4,-0.789,-0.8083,-0.0002683348,-1,-9.2,0.0,0.0,-0.18888092,-0.1,0,-1.0,0,0.0,-1.398,2.568,0.0,1.681468,0.53513515,0.016674967,2.9925034,12.189273,-0.023247855,-31.18,1.19,17624.0
P21817 4898 I T,7M6L A 4897 I,1.0,7991.661029586723,0.729786787750042,0.001178748476959,0.001179463024628,0.8981564509735841,0.8866820420969501,0.6438603825976951,0.008738084430322,0.025476622787108,7.412349458253261e-05,0.000305963480334,0.263248281459176,0.000794371311847,0.062883215572617,0.259409132754368,4299,105.92722,0.47292414,0.99993056,0.47295702,39.35799,50.802513,9.839498,3,0.47295067,1.0,-0.20839044,49.59714026327735,49.841207,22.463596,5.2,0,0.0,0.1,0,2.0,31,11.333333,5.4,-0.895,-0.8459167,-4.0992407e-05,-1,2.5,-0.019849147,0.0056740807989115,-0.19330025,3.4,0,0.0,0,0.0,-1.436,1.721,-1.0,1.0577719,0.37297297,0.03213194,1.671524,13.655568,-0.0037825485,-16.02,-0.15,17624.0
P21817 177 R C,7M6L A 178 R,,7991.661029586723,0.729786787750042,0.001178748476959,0.001179463024628,0.8981564509735841,0.8866820420969501,0.6438603825976951,0.187471629596005,0.614956876985928,0.002826415963651,0.008491311504672,0.377090947279784,0.172435315478892,2.397810914625882,7.199302841517458,4299,105.92722,0.47292414,0.99993056,0.47295702,39.35799,50.802513,9.839498,2,0.43414184,1.0,-0.97810984,49.59146618247844,49.841207,22.463596,10.5,1,1.0,12.9,0,3.0,38,17.333334,12.4,-0.875,-0.7421111,-0.00011395512,-5,-11.9,0.0,0.0,-0.19888306,-5.0,-1,-1.0,0,2.0,-1.234,3.754,-3.0,1.5494212,0.872549,0.112613104,0.23352994,14.442023,-0.017191855,-27.9,-6.86,17624.0
P21817 214 T M,7M6L A 215 T,,7991.661029586723,0.729786787750042,0.001178748476959,0.001179463024628,0.8981564509735841,0.8866820420969501,0.6438603825976951,0.245914661824784,0.5737063095778481,0.00405848734657,0.008296034098693,0.439321201037319,0.370687698592827,3.443047796794665,7.033738171915886,4299,105.92722,0.47292414,0.99993056,0.47295702,39.35799,50.802513,9.839498,4,0.23673667,0.0,-1.7947457,49.58579210167953,49.841207,22.463596,8.6,0,0.0,0.0,0,3.0,28,15.0,11.2,0.113,-0.279,0.00010007436,1,0.0,0.019849147,-0.0056740807989115,-0.18795013,-2.9,0,0.0,0,0.0,-1.961,2.272,-1.0,1.7003913,0.31666666,0.30670828,0.12500566,16.180387,0.021191066,-22.45,-8.28,17624.0
P21817 539 F V,7M6L A 540 F,,7991.661029586723,0.729786787750042,0.001178748476959,0.001179463024628,0.8981564509735841,0.8866820420969501,0.6438603825976951,0.399568769859282,0.488368134362233,0.006621929735653,0.007835735518639,0.445714744807162,0.390546981389015,5.617763131906214,6.643477035753337,4299,105.92722,0.47292414,0.99993056,0.47295702,39.35799,50.802513,9.839498,3,0.23842809,1.0,-0.6526004,49.59146618247844,49.841207,22.463596,5.2,0,0.0,1.7,0,1.0,26,8.333333,4.4,-0.854,-0.417,-0.00010935823,-4,5.5,0.0,0.0,-0.19492912,0.7,0,0.0,0,0.0,-1.07,2.089,-1.0,1.6078404,0.7777778,0.4919829,0.06603031,15.603992,-0.032728612,-26.72,3.06,17624.0
P21817 1588 P L,7M6L A 1589 P,,7991.661029586723,0.729786787750042,0.001178748476959,0.001179463024628,0.8981564509735841,0.8866820420969501,0.6438603825976951,0.623581479800272,0.734679981842941,0.008538224829206,0.009010520877347,0.45999783193048,0.441727190195188,7.243466266214028,7.639511107341078,4299,105.92722,0.47292414,0.99993056,0.47295702,39.35799,50.802513,9.839498,4,0.6728025,1.0,0.110063635,49.59146618247844,49.841207,22.463596,8.0,0,0.0,33.3,0,0.0,9,5.0,5.2,-0.672,0.06,0.0001203677,1,-1.0,0.0,0.0,-0.18864822,-3.1,0,0.0,0,0.0,-1.059,2.374,-3.0,,,0.35129613,0.07359757,15.8583145,0.020767229,-9.12,-9.31,17624.0
P21817 1675 L P,7M6L A 1676 L,,7991.661029586723,0.729786787750042,0.001178748476959,0.001179463024628,0.8981564509735841,0.8866820420969501,0.6438603825976951,0.528937812074443,0.424364502950521,0.008109053275866,0.006995528627416,0.359953077318288,0.119723104857013,6.879375400580494,5.931113126348441,4299,105.92722,0.47292414,0.99993056,0.47295702,39.35799,50.802513,9.839498,3,0.30228844,1.0,-0.2243453,49.59146618247844,49.841207,22.463596,4.9,0,0.0,14.7,0,0.0,23,9.333333,8.4,0.048,-0.491125,3.6560756e-05,-1,1.3,0.0,0.0,-0.19492912,3.1,0,0.0,0,0.0,-0.972,2.988,-3.0,0.8689931,0.5612903,0.72147846,0.09750585,16.363941,0.015727935,-11.47,6.48,17624.0
P21817 1728 S F,7M6L A 1729 S,,7991.661029586723,0.729786787750042,0.001178748476959,0.001179463024628,0.8981564509735841,0.8866820420969501,0.6438603825976951,0.525873808443032,0.371992737176577,0.008081159460517,0.006167948787987,0.42713522706008,0.336075805719473,6.855711475753546,5.229454980099967,4299,105.92722,0.47292414,0.99993056,0.47295702,39.35799,50.802513,9.839498,7,0.4468501,0.5,-0.22194034,49.58579210167953,49.841207,22.463596,9.2,0,0.0,33.7,0,2.0,18,9.333333,6.0,0.199,-0.13242857,-6.8791596e-05,5,5.9,0.019849147,-0.0056740807989115,-0.1898117,-4.0,0,0.0,0,-1.0,-2.027,1.801,-2.0,1.6255814,0.85376346,0.6309445,0.13195875,15.393728,-0.044810146,-18.97,-2.54,17624.0
P21817 2163 R L,7M6L A 2163 R,,7991.661029586723,0.729786787750042,0.001178748476959,0.001179463024628,0.8981564509735841,0.8866820420969501,0.6438603825976951,0.5448252383113931,0.332898320472083,0.008202924788433,0.005334464829076,0.384769740524619,0.196152973218338,6.959011993459859,4.52279106482084,4299,105.92722,0.47292414,0.99993056,0.47295702,39.35799,50.802513,9.839498,4,0.37050024,0.5,-0.2530945,49.58579210167953,49.841207,22.463596,10.5,1,1.0,20.5,0,2.0,23,8.666667,6.6,-0.894,-0.696375,5.9320686e-05,-3,6.4,0.019849147,-0.0056740807989115,-0.19539452,-5.6,-1,-1.0,0,-1.0,-1.398,1.696,-2.0,1.8748214,0.6577778,0.6828979,0.14158973,16.247412,0.038073983,-26.62,-2.66,17624.0
P21817 2204 H Q,7M6L A 2204 H,,7991.661029586723,0.729786787750042,0.001178748476959,0.001179463024628,0.8981564509735841,0.8866820420969501,0.6438603825976951,0.604232864275987,0.237857467090331,0.008391826541671,0.003865530882105,0.417423274039511,0.301463912846118,7.119268194787344,3.277365039334474,4299,105.92722,0.47292414,0.99993056,0.47295702,39.35799,50.802513,9.839498,5,0.3673306,0.5,-0.39842,49.59146618247844,49.841207,22.463596,10.4,1,0.0,5.8,0,0.0,26,11.666667,6.6,-0.858,-0.800375,5.049883e-06,-1,-0.4,0.0,0.0,-0.19213867,0.1,-1,0.0,0,0.0,-1.433,1.977,0.0,1.444003,0.36888888,0.6478666,0.1743288,16.363855,0.0045671617,-19.87,2.81,17624.0
P21817 2237 C Y,7M6L A 2237 C,,7991.661029586723,0.729786787750042,0.001178748476959,0.001179463024628,0.8981564509735841,0.8866820420969501,0.6438603825976951,0.678563322741715,0.16176804357694,0.008706100174319,0.002178920136351,0.36230063415461,0.126645483431684,7.385884558491096,1.847383165773522,4299,105.92722,0.47292414,0.99993056,0.47295702,39.35799,50.802513,9.839498,8,0.2508563,0.5,-0.26125956,49.59146618247844,49.841207,22.463596,5.5,0,0.0,20.4,0,3.0,24,13.666667,10.6,-0.8,-0.8081818,8.222996e-07,6,-12.0,0.0,0.0,-0.17655373,0.7,0,0.0,0,0.0,-1.412,2.486,-2.0,2.031515,0.97333336,0.5681065,0.20516573,15.5424,0.00040434452,-47.08,12.6,17624.0
P21817 2362 E K,7M6L A 2362 E,,7991.661029586723,0.729786787750042,0.001178748476959,0.001179463024628,0.8981564509735841,0.8866820420969501,0.6438603825976951,0.7881298229686791,0.116318656377666,0.009226945894584,0.00138658179418,0.414745896185378,0.290059010440308,7.827747882555812,1.175604292145367,4299,105.92722,0.47292414,0.99993056,0.47295702,39.35799,50.802513,9.839498,5,0.30979365,1.0,-0.794953,49.59146618247844,49.841207,22.463596,12.3,1,-1.0,26.2,0,1.0,15,6.3333335,6.8,-0.846,-0.750125,6.7050473e-07,0,9.1,0.0,0.0,-0.19167328,-1.0,0,2.0,0,0.0,-2.096,1.04,1.0,1.0748256,0.13777778,0.42593062,0.23416367,14.567255,0.00019342,-18.33,3.08,17624.0
P21817 2363 C W,7M6L A 2363 C,,7991.661029586723,0.729786787750042,0.001178748476959,0.001179463024628,0.8981564509735841,0.8866820420969501,0.6438603825976951,0.7859169314571041,0.094076259645937,0.009219413482303,0.001187371762611,0.393081211267894,0.219700408533817,7.821357704813759,1.006705371697257,4299,105.92722,0.47292414,0.99993056,0.47295702,39.35799,50.802513,9.839498,10,0.3146845,1.0,-0.71476793,49.58579210167953,49.841207,22.463596,5.5,0,0.0,1.3,0,2.0,20,12.333333,7.2,-0.801,-0.75633335,-0.00015890223,8,-1.0,0.019849147,-0.0056740807989115,-0.1844616,-0.1,0,0.0,0,-1.0,-2.401,2.668,-2.0,1.5307842,0.8088889,0.5230008,0.22033522,16.162537,-0.048708126,-26.56,8.96,17624.0
P21817 2364 F V,7M6L A 2364 F,,7991.661029586723,0.729786787750042,0.001178748476959,0.001179463024628,0.8981564509735841,0.8866820420969501,0.6438603825976951,0.7934634589196551,0.126191556967771,0.009259517236623,0.001508279635919,0.396929446806221,0.231729459827507,7.855380021791077,1.278785010148356,4299,105.92722,0.47292414,0.99993056,0.47295702,39.35799,50.802513,9.839498,3,0.32491454,1.0,-0.682903,49.59146618247844,49.841207,22.463596,5.2,0,0.0,4.6,0,0.0,33,15.666667,7.8,-0.743,-0.8002222,9.401092e-05,-4,1.8,0.0,0.0,-0.19702339,0.7,0,0.0,0,0.0,-2.229,0.69,-1.0,0.60724664,0.031111112,0.5559781,0.20672385,16.603466,0.02604694,-24.01,3.18,17624.0
P21817 2431 D Y,7M6L A 2431 D,,7991.661029586723,0.729786787750042,0.001178748476959,0.001179463024628,0.8981564509735841,0.8866820420969501,0.6438603825976951,0.826373127553336,0.127780299591466,0.00955933682973,0.001532194611311,0.354200400222489,0.103495233772128,8.109734194006167,1.299061165392862,4299,105.92722,0.47292414,0.99993056,0.47295702,39.35799,50.802513,9.839498,8,0.28910986,0.5,-0.40328467,49.59146618247844,49.841207,22.463596,13.0,1,-1.0,10.9,0,3.0,31,15.333333,9.4,-0.895,-0.7615,0.00013854248,4,6.4,0.0,0.0,-0.18632317,-6.8,-1,1.0,0,-1.0,-1.139,2.984,-3.0,,,0.6031938,0.1598362,16.59436,0.04039453,-19.73,-9.7,17624.0
P21817 2627 V M,7M6L A 2627 V,,7991.661029586723,0.729786787750042,0.001178748476959,0.001179463024628,0.8981564509735841,0.8866820420969501,0.6438603825976951,0.9237403540626412,0.304925102133454,0.011430924173287,0.004990255580699,0.560378543189024,0.661370857921016,9.697509177507715,4.230955508140388,4299,105.92722,0.47292414,0.99993056,0.47295702,39.35799,50.802513,9.839498,4,0.341801,0.5,0.7312356,49.59146618247844,49.841207,22.463596,5.9,0,0.0,12.0,0,2.0,25,9.666667,5.8,-0.681,-0.6396667,7.976335e-05,1,-2.4,0.0,0.0,-0.18771744,-0.2,0,0.0,0,0.0,-1.304,2.461,1.0,,,0.51262057,0.119780466,15.847755,0.012033308,-26.5,-1.62,17624.0
P21817 2676 R W,7M6L A 2676 R,,7991.661029586723,0.729786787750042,0.001178748476959,0.001179463024628,0.8981564509735841,0.8866820420969501,0.6438603825976951,0.9345778483885612,0.352984566500226,0.011709560888851,0.005559231787902,0.6122836511237281,0.7442691783931,9.933892698683662,4.713358258647605,4299,105.92722,0.47292414,0.99993056,0.47295702,39.35799,50.802513,9.839498,10,0.32056126,0.5,0.9215259,49.58579210167953,49.841207,22.463596,10.5,1,1.0,12.5,0,2.0,41,14.666667,10.2,-0.584,-0.6175,-1.3439302e-07,3,-0.6,0.019849147,-0.0056740807989115,-0.18864822,-5.1,-1,-1.0,0,0.0,-1.511,3.622,-3.0,,,0.53446984,0.15882371,16.35236,-1.8201608e-05,-34.63,3.25,17624.0
P21817 3051 R H,7M6L A 3051 R,,7991.661029586723,0.729786787750042,0.001178748476959,0.001179463024628,0.8981564509735841,0.8866820420969501,0.6438603825976951,0.9804811620517472,0.427995914661824,0.01207752490637,0.00709832114665,0.6928743638332521,0.8343168406718111,10.24605769801258,6.018265090493837,4299,105.92722,0.47292414,0.99993056,0.47295702,39.35799,50.802513,9.839498,6,0.3044492,1.0,1.4022917,49.59146618247844,49.841207,22.463596,10.5,1,1.0,52.0,0,0.0,16,9.666667,8.0,-0.244,0.12457143,-6.252674e-05,-1,-10.4,0.0,0.0,-0.1898117,-0.1,0,-1.0,0,0.0,-1.398,2.568,0.0,,,0.23304577,0.7751401,14.545776,-0.007627,-16.86,2.9,17624.0
P21817 3418 N D,7M6L A 3418 N,,7991.661029586723,0.729786787750042,0.001178748476959,0.001179463024628,0.8981564509735841,0.8866820420969501,0.6438603825976951,0.910406264185202,0.6174534725374491,0.011036767916998,0.008505079470693,0.5947146510604421,0.71697684975034,9.363123798444516,7.210975921328503,4299,105.92722,0.47292414,0.99993056,0.47295702,39.35799,50.802513,9.839498,4,0.23596749,0.5,0.74892765,49.59146618247844,49.841207,22.463596,11.6,0,0.0,49.6,0,1.0,16,11.0,5.4,0.082,-0.48628572,2.2652705e-06,0,1.8,0.0,0.0,-0.19190598,1.4,1,-1.0,0,0.0,-1.468,1.582,1.0,,,0.19048244,0.67268795,13.133589,0.0002699713,-17.61,-0.59,17624.0
P21817 3903 R Q,7M6L A 3904 R,,7991.661029586723,0.729786787750042,0.001178748476959,0.001179463024628,0.8981564509735841,0.8866820420969501,0.6438603825976951,0.324500680889695,0.152576032682705,0.005225368856585,0.001956834342213,0.321828672618428,0.04437131184748,4.43298036750322,1.6590891798661782,4299,105.92722,0.47292414,0.99993056,0.47295702,39.35799,50.802513,9.839498,5,0.3319889,0.5,-1.750644,49.59146618247844,49.841207,22.463596,10.5,1,1.0,22.9,0,1.0,32,12.0,9.6,-0.892,-0.7708182,-0.00010153504,-2,-0.9,0.0,0.0,-0.19492912,0.0,-1,-1.0,0,-1.0,-1.398,1.787,1.0,0.82283956,0.1092437,0.4809748,0.07211695,15.670812,-0.030245127,-29.37,5.82,17624.0
P21817 3772 R Q,7M6L A 3773 R,,7991.661029586723,0.729786787750042,0.001178748476959,0.001179463024628,0.8981564509735841,0.8866820420969501,0.6438603825976951,0.335054471175669,0.212380844303222,0.00536413858675,0.003300609900662,0.324843431309328,0.049364502950521,4.5507066957895,2.798400485426407,4299,105.92722,0.47292414,0.99993056,0.47295702,39.35799,50.802513,9.839498,5,0.51080763,1.0,-0.9121156,49.59146618247844,49.841207,22.463596,10.5,1,1.0,15.8,0,3.0,34,13.0,9.2,-0.893,-0.5317778,-7.3057905e-05,-2,-8.0,0.0,0.0,-0.19306755,0.0,-1,-1.0,0,-3.0,-1.398,1.787,1.0,,,0.5005432,0.05951136,15.368676,-0.02649125,-22.53,4.04,17624.0
P21817 3986 D E,7M6L A 3987 D,,7991.661029586723,0.729786787750042,0.001178748476959,0.001179463024628,0.8981564509735841,0.8866820420969501,0.6438603825976951,0.323763050385837,0.110133908306854,0.005215527274008,0.001332929016515,0.395029009388511,0.22582841579664,4.424631188039557,1.13011513602591,4299,105.92722,0.47292414,0.99993056,0.47295702,39.35799,50.802513,9.839498,5,0.33348882,0.5,-1.6008531,49.59146618247844,49.841207,22.463596,13.0,1,-1.0,40.0,0,2.0,27,12.0,7.8,-0.893,-0.8264286,3.3808366e-05,1,13.0,0.0,0.0,-0.19190598,-0.7,0,0.0,0,0.0,-1.139,1.361,2.0,1.5323727,0.4369748,0.42954642,0.14446113,15.227381,0.009409552,-15.83,0.01,17624.0
P21817 4050 S Y,7M6L A 4051 S,,7991.661029586723,0.729786787750042,0.001178748476959,0.001179463024628,0.8981564509735841,0.8866820420969501,0.6438603825976951,0.297321833862914,0.094927371765773,0.004866658758296,0.001193866544023,0.374650915325584,0.163583749432591,4.128665999085518,1.012211929576935,4299,105.92722,0.47292414,0.99993056,0.47295702,39.35799,50.802513,9.839498,8,0.38744625,1.0,-1.5928417,49.59146618247844,49.841207,22.463596,9.2,0,0.0,8.9,0,2.0,26,9.0,4.6,-0.867,-0.7224444,-0.00019875223,6,24.3,0.0,0.0,-0.1902771,-3.0,0,0.0,0,0.0,-1.348,2.55,-2.0,,,0.31597486,0.18325292,13.684492,-0.04725531,-26.23,-1.8,17624.0
P21817 4234 V L,7M6L A 4235 V,,7991.661029586723,0.729786787750042,0.001178748476959,0.001179463024628,0.8981564509735841,0.8866820420969501,0.6438603825976951,0.188549704947798,0.082898320472083,0.002855596017538,0.001109130932908,0.403505743685678,0.252269632319564,2.422566029441812,0.9403693967069232,4299,105.92722,0.47292414,0.99993056,0.47295702,39.35799,50.802513,9.839498,4,0.27640408,0.5,-1.3434495,49.59146618247844,49.841207,22.463596,5.9,0,0.0,2.7,0,3.0,31,14.333333,8.6,-0.738,-0.6383333,3.375298e-05,1,-0.7,0.0,0.0,-0.1902771,-1.0,0,0.0,0,0.0,-1.376,1.037,1.0,,,0.49689153,0.1359511,15.881647,0.0061794072,-34.5,-4.67,17624.0
P21817 4973 P L,7M6L A 4972 P,,7991.661029586723,0.729786787750042,0.001178748476959,0.001179463024628,0.8981564509735841,0.8866820420969501,0.6438603825976951,0.206423059464366,0.080969133000453,0.003175826305828,0.001096082956055,0.648221060104186,0.7903427144802541,2.694235766073555,0.929306754996434,4299,105.92722,0.47292414,0.99993056,0.47295702,39.35799,50.802513,9.839498,4,0.4097789,1.0,-1.7416658,49.59146618247844,49.841207,22.463596,8.0,0,0.0,78.7,0,0.0,5,3.6666667,1.6,-0.738,-0.666,4.938841e-05,1,6.2,0.0,0.0,-0.19167328,-3.1,0,0.0,0,0.0,-1.115,2.204,-3.0,,,0.074732594,0.18586223,10.625956,0.007304048,-8.88,-5.59,17624.0
P21817 160 E G,7M6L A 161 E,,7991.661029586723,0.729786787750042,0.001178748476959,0.001179463024628,0.8981564509735841,0.8866820420969501,0.6438603825976951,0.198422605537902,0.5662165229232861,0.003008536365075,0.008281386892329,0.474860902084386,0.496198365864729,2.552314105920073,7.021319633938809,4299,105.92722,0.47292414,0.99993056,0.47295702,39.35799,50.802513,9.839498,0,0.50671035,1.0,-1.5499572,49.58579210167953,49.841207,22.463596,12.3,1,-1.0,35.0,0,2.0,34,13.666667,11.6,-0.872,-0.7465714,0.0033735472,-5,12.6,0.019849147,-0.0056740807989115,-0.1653881,-3.3,-1,1.0,0,-1.0,-1.141,2.006,-2.0,0.95693046,0.32352942,0.07874454,0.27271584,12.772951,-0.063148335,-17.17,2.18,17624.0
P21817 401 R H,7M6L A 402 R,,7991.661029586723,0.729786787750042,0.001178748476959,0.001179463024628,0.8981564509735841,0.8866820420969501,0.6438603825976951,0.279675442578302,0.533363595097594,0.004593522232099,0.00814451600143,0.416630320122078,0.29817294598275,3.896948604292913,6.905274545588651,4299,105.92722,0.47292414,0.99993056,0.47295702,39.35799,50.802513,9.839498,6,0.51194245,0.5,-1.2793293,49.59146618247844,49.841207,22.463596,10.5,1,1.0,6.2,0,3.0,36,16.333334,11.0,-0.262,-0.5021,-0.00022522776,-1,7.2,0.0,0.0,-0.19585991,-0.1,0,-1.0,0,0.0,-1.225,1.221,0.0,,,0.4575822,0.083390124,16.498873,-0.050268337,-30.61,0.54,17624.0
P21817 522 Y C,7M6L A 523 Y,,7991.661029586723,0.729786787750042,0.001178748476959,0.001179463024628,0.8981564509735841,0.8866820420969501,0.6438603825976951,0.36609169314571,0.499205628688152,0.00587096278222,0.007911785028737,0.368679201073836,0.147355878347707,4.980674755452762,6.70795511476869,4299,105.92722,0.47292414,0.99993056,0.47295702,39.35799,50.802513,9.839498,2,0.34774593,0.5,-0.5642617,49.59146618247844,49.841207,22.463596,6.2,0,0.0,2.2,0,2.0,33,14.333333,9.8,-0.851,-0.4763,-0.0001293187,-6,4.1,0.0,0.0,-0.19702339,-0.7,0,0.0,0,1.0,-1.4,3.39,-2.0,1.4815722,0.73777777,0.44804004,0.04065802,16.48583,-0.030869655,-37.11,-10.01,17624.0
P21817 1056 D H,7M6L A 1057 D,,7991.661029586723,0.729786787750042,0.001178748476959,0.001179463024628,0.8981564509735841,0.8866820420969501,0.6438603825976951,0.8150249659555151,0.8578075351793011,0.009474274194186,0.009793441117902,0.936027575164178,0.953812982296868,8.03757067718558,8.303304905202062,4299,105.92722,0.47292414,0.99993056,0.47295702,39.35799,50.802513,9.839498,6,0.61380744,0.5,1.1461204,49.59146618247844,49.841207,22.463596,13.0,1,-1.0,77.8,0,0.0,6,4.0,4.6,-0.422,-0.285,0.000103389626,2,9.3,0.0,0.0,-0.19190598,-2.6,0,1.0,0,0.0,-1.363,2.963,-1.0,,,0.0796219,0.28432837,12.406982,0.011185748,-6.47,-0.58,17624.0
P21817 4737 R Q,7M6L A 4736 R,,7991.661029586723,0.729786787750042,0.001178748476959,0.001179463024628,0.8981564509735841,0.8866820420969501,0.6438603825976951,0.108318202451202,0.171130276895143,0.001312495831902,0.002478942181401,0.388513627798425,0.205515206536541,1.113465559071872,2.101754891537966,4299,105.92722,0.47292414,0.99993056,0.47295702,39.35799,50.802513,9.839498,5,0.36761075,0.5,-0.8023714,49.59146618247844,49.841207,22.463596,10.5,1,1.0,52.6,0,0.0,30,11.666667,6.8,-0.687,-0.487125,-6.199617e-05,-2,6.8,0.0,0.0,-0.19353294,0.0,-1,-1.0,0,0.0,-1.398,1.787,1.0,,,0.13520682,0.14053456,12.078774,-0.011093094,-21.93,7.82,17624.0
P21817 4824 L P,7M6L A 4823 L,,7991.661029586723,0.729786787750042,0.001178748476959,0.001179463024628,0.8981564509735841,0.8866820420969501,0.6438603825976951,0.051407172038129,0.019235133908306,0.000655207134613,0.000243182066719,0.314824163347178,0.037165229232864,0.5558498249798081,0.206180322435858,4299,105.92722,0.47292414,0.99993056,0.47295702,39.35799,50.802513,9.839498,3,0.36562914,0.5,-0.7752115,49.59146618247844,49.841207,22.463596,4.9,0,0.0,37.6,0,1.0,36,10.333333,5.6,-0.876,-0.8355,-0.00015522547,-1,-5.2,0.0,0.0,-0.1907425,3.1,0,0.0,0,0.0,-1.366,2.619,-3.0,1.5751998,0.6108108,0.16041195,0.2513109,10.954079,-0.019266197,-34.26,13.96,17624.0
P21817 4893 R Q,7M6L A 4892 R,,7991.661029586723,0.729786787750042,0.001178748476959,0.001179463024628,0.8981564509735841,0.8866820420969501,0.6438603825976951,0.005957784838856,0.018894689060372,6.011710580464291e-05,0.000239097807227,0.299960810926839,0.019859282796186,0.051000791924427,0.202717509777614,4299,105.92722,0.47292414,0.99993056,0.47295702,39.35799,50.802513,9.839498,5,0.4160704,1.0,-0.29222295,49.59146618247844,49.841207,22.463596,10.5,1,1.0,62.1,0,0.0,32,11.333333,6.0,-0.89,-0.857875,-0.00030748465,-2,10.6,0.0,0.0,-0.19306755,0.0,-1,-1.0,0,0.0,-1.398,1.787,1.0,1.9936054,0.9189189,0.049838923,1.0822384,11.70408,-0.030292083,-22.06,4.95,17624.0
