SAV,label
P21817 13 L R,1
P21817 35 C R,1
P21817 44 R C,1
P21817 163 R C,1
P21817 163 R L,1
P21817 177 R C,1
P21817 248 G R,1
P21817 341 G R,1
P21817 342 E K,1
P21817 401 R C,1
P21817 401 R H,1
P21817 522 Y S,1
P21817 522 Y C,1
P21817 530 R H,1
P21817 533 R C,1
P21817 539 F L,1
P21817 552 R W,1
P21817 614 R C,1
P21817 614 R L,1
P21817 1711 Y C,1
P21817 1728 S F,1
P21817 2163 R C,1
P21817 2163 R H,1
P21817 2163 R P,1
P21817 2163 R L,1
P21817 2168 V M,1
P21817 2204 H Q,1
P21817 2206 T R,1
P21817 2206 T M,1
P21817 2210 V F,1
P21817 2280 V I,1
P21817 2288 L S,1
P21817 2336 R H,1
P21817 2350 A T,1
P21817 2355 R W,1
P21817 2364 F V,1
P21817 2375 G A,1
P21817 2428 A T,1
P21817 2431 D Y,1
P21817 2434 G R,1
P21817 2435 R H,1
P21817 2435 R L,1
P21817 2437 A V,1
P21817 2452 R W,1
P21817 2454 R C,1
P21817 2454 R H,1
P21817 2458 R C,1
P21817 2458 R H,1
P21817 2508 R C,1
P21817 2508 R H,1
P21817 2676 R W,1
P21817 2880 E K,1
P21817 3104 E K,1
P21817 3772 R Q,1
P21817 3806 G R,1
P21817 3903 R Q,1
P21817 3990 G V,1
P21817 4178 G V,1
P21817 4234 V L,1
P21817 4234 V L,1
P21817 4737 R W,1
P21817 4737 R Q,1
P21817 4824 L P,1
P21817 4826 T I,1
P21817 4833 H Y,1
P21817 4838 L V,1
P21817 4849 V I,1
P21817 4861 R H,1
P21817 4876 K R,1
P21817 4938 I T,1
P21817 4973 P L,1
