SAV_coords,GNM_MSF-chain,ANM_MSF-chain,ANM_MSF-sliced,GNM_effectiveness-chain,SASA_in_complex,Delta_SASA,ANM_effectiveness-sliced,ranked_MI,ANM_MSF-reduced,ANM_sensitivity-reduced,GNM_sensitivity-chain,GNM_effectiveness-sliced,stiffness-sliced,EVmut-mut_aa_freq,GNM_MSF-sliced,Delta_PSIC,ANM_sensitivity-sliced,ANM_effectiveness-reduced,BLOSUM,GNM_MSF-reduced,EVmut-DeltaE_epist,GNM_sensitivity-sliced,EVmut-wt_aa_cons,stiffness-chain,ANM_effectiveness-chain,SASA,stiffness-reduced,wt_PSIC,EVmut-DeltaE_indep,entropy,GNM_sensitivity-reduced,ANM_sensitivity-chain,GNM_effectiveness-reduced,labels
P21817 35 C R,0.0996432080864906,0.8984450101852417,0.2543296813964844,0.0511158853769302,3.0,0.0,0.0702698081731796,0.73039216,0.2305448502302169,0.02072967402637,0.0295101832598447,0.0239752624183893,17.422975540161133,,0.073955088853836,2.9030001163482666,0.0254373997449874,0.0550350621342659,-3.0,0.0709630772471427,,0.0136980228126049,,16.325214385986328,0.206898033618927,3.0,17.45734214782715,-1.1109999418258667,,1.4383193,0.0106020914390683,0.1866589188575744,0.0198260564357042,1.0
P21817 44 R C,0.1011150330305099,0.6421409845352173,0.2818562388420105,0.0465595200657844,34.0,0.0,0.0503835640847682,0.92156863,0.259515643119812,0.0176978521049022,0.0276121217757463,0.0212564133107662,16.639780044555664,,0.077924259006977,3.8420000076293945,0.0231658723205328,0.0346685908734798,-3.0,0.0744465216994285,,0.0133743938058614,,15.616239547729492,0.2704604566097259,34.0,16.632312774658203,-1.10099995136261,,1.5600563,0.0096369655802845,0.1005417704582214,0.0164744537323713,1.0
P21817 163 R C,0.1339780241250991,1.432392954826355,0.3291738927364349,0.0296311322599649,15.0,0.0,0.0295357443392276,0.9411765,0.3229960203170776,0.0209537781774997,0.0307356938719749,0.0110414745286107,15.188377380371094,,0.0986750423908233,3.8420000076293945,0.0191387441009283,0.0298706367611885,-3.0,0.0979723036289215,,0.0112459287047386,,14.072160720825195,0.1130007356405258,15.0,15.18620777130127,-1.10099995136261,,1.6312313,0.0097978292033076,0.2417616844177246,0.0096845524385571,1.0
P21817 163 R L,0.1339780241250991,1.432392954826355,0.3291738927364349,0.0296311322599649,15.0,0.0,0.0295357443392276,0.9411765,0.3229960203170776,0.0209537781774997,0.0307356938719749,0.0110414745286107,15.188377380371094,,0.0986750423908233,2.11299991607666,0.0191387441009283,0.0298706367611885,-2.0,0.0979723036289215,,0.0112459287047386,,14.072160720825195,0.1130007356405258,15.0,15.18620777130127,-1.10099995136261,,1.6312313,0.0097978292033076,0.2417616844177246,0.0096845524385571,1.0
P21817 248 G R,0.1064854189753532,0.6926727890968323,0.3935302495956421,0.0396380200982093,29.0,0.0,0.0381689593195915,0.85555553,0.3462834358215332,0.017943812534213,0.0260850396007299,0.0193722005933523,14.849602699279783,,0.0953008309006691,2.239000082015991,0.0352571792900562,0.0208400376141071,-2.0,0.0883050188422203,,0.0176628548651933,,14.09060287475586,0.2657113373279571,29.0,14.839469909667969,-1.5210000276565552,,2.0945823,0.0112468721345067,0.1256684809923172,0.0141131868585944,1.0
P21817 328 R W,0.1823357045650482,1.3565562963485718,0.5271931290626526,0.0147034442052245,168.0,0.0,0.0197323020547628,0.24444444,0.4772805273532867,0.0215805806219577,0.0285017192363739,0.0059238304384052,14.063674926757812,,0.1653309911489486,3.677999973297119,0.0369413271546363,0.0113816671073436,-3.0,0.1599838435649871,,0.0165533833205699,,13.00436782836914,0.1193272173404693,168.0,14.020331382751465,-1.5720000267028809,,2.3835123,0.0117782466113567,0.2501741647720337,0.004418306518346,1.0
P21817 341 G R,0.1034024730324745,0.5931998491287231,0.3353613018989563,0.0369834005832672,36.0,0.0,0.0383863449096679,0.90555555,0.2927002906799316,0.0122022554278373,0.0223240759223699,0.0164555832743644,15.219358444213867,,0.0939670652151107,1.4529999494552612,0.0265748817473649,0.0191256497055292,-2.0,0.0876093581318855,,0.0148761831223964,,14.443480491638184,0.306814044713974,36.0,15.239117622375488,-0.9269999861717224,,2.1321373,0.0089063048362731,0.0947012603282928,0.0114039462059736,1.0
P21817 401 R C,0.093592494726181,0.450829416513443,0.2419647425413131,0.048874694854021,13.0,0.0,0.078626163303852,,0.2064107656478881,0.0143535574898123,0.0248726475983858,0.0238400679081678,17.392873764038086,,0.0817579552531242,3.763000011444092,0.0263688433915376,0.0451670996844768,-3.0,0.0752963051199913,,0.0162340588867664,,16.498872756958008,0.4575822055339813,13.0,17.406614303588867,-1.225000023841858,,,0.0099554350599646,0.0833901241421699,0.0168853998184204,1.0
P21817 403 I M,0.089058831334114,0.4076731503009796,0.2379079014062881,0.0510038658976554,2.0,0.0,0.0908931866288185,,0.1996951252222061,0.0147098060697317,0.0234575998038053,0.0260104779154062,17.6318359375,,0.0810258537530899,2.752000093460083,0.0285493694245815,0.0493029095232486,1.0,0.0734586268663406,,0.0171951688826084,,16.723310470581055,0.4875710904598236,2.0,17.64373779296875,-1.256999969482422,,,0.0097765335813164,0.0754270628094673,0.0176129676401615,1.0
P21817 522 Y S,0.0835229828953743,0.3338530957698822,0.2557253241539001,0.046862855553627,5.0,0.0,0.0925231724977493,0.73777777,0.210777461528778,0.0134215429425239,0.0188916232436895,0.0287630725651979,17.256999969482422,,0.0851926505565643,0.9959999918937684,0.0319844149053096,0.0402259491384029,-2.0,0.07444379478693,,0.0201244372874498,,16.485830307006836,0.4480400383472442,5.0,17.305164337158203,-1.399999976158142,,1.4815722,0.0089000267907977,0.0406580194830894,0.0160962287336587,1.0
P21817 530 R H,0.0755989775061607,0.3227708041667938,0.2620359063148498,0.0523997098207473,68.0,0.0,0.0668598040938377,0.5777778,0.2261128276586532,0.0115999123081564,0.0171974245458841,0.0326364822685718,16.612268447875977,,0.0782140493392944,2.9100000858306885,0.0258447583764791,0.0315306037664413,0.0,0.0674007758498191,,0.019443454220891,,15.843363761901855,0.4479903876781463,68.0,16.64771270751953,-1.3309999704360962,,2.1494126,0.0080105690285563,0.0336928255856037,0.0176020413637161,1.0
P21817 533 R C,0.0966313332319259,0.4238466024398803,0.3365804255008697,0.0306661501526832,130.0,0.0,0.0391556806862354,0.29333332,0.3016677796840668,0.0139866303652524,0.0165051389485597,0.0202236920595169,15.146177291870115,,0.1002004444599151,3.8420000076293945,0.0274342894554138,0.0201070457696914,-3.0,0.0890270993113517,,0.0197742283344268,,14.454057693481444,0.3622557520866394,130.0,15.134183883666992,-1.10099995136261,,1.7818058,0.0078792246058583,0.0529145821928978,0.0098734050989151,1.0
P21817 533 R H,0.0966313332319259,0.4238466024398803,0.3365804255008697,0.0306661501526832,130.0,0.0,0.0391556806862354,0.29333332,0.3016677796840668,0.0139866303652524,0.0165051389485597,0.0202236920595169,15.146177291870115,,0.1002004444599151,2.984999895095825,0.0274342894554138,0.0201070457696914,0.0,0.0890270993113517,,0.0197742283344268,,14.454057693481444,0.3622557520866394,130.0,15.134183883666992,-1.10099995136261,,1.7818058,0.0078792246058583,0.0529145821928978,0.0098734050989151,1.0
P21817 552 R W,0.1088061407208442,0.3778154551982879,0.3016089200973511,0.0270604249089956,56.0,0.0,0.0955714285373687,0.82666665,0.2401095032691955,0.0172955319285392,0.0185169484466314,0.0183144286274909,16.900365829467773,,0.1131004095077514,1.2380000352859497,0.0435349866747856,0.036930713802576,-3.0,0.1010984554886818,,0.0220063291490077,,16.153125762939453,0.3682940900325775,56.0,16.9432430267334,-1.2369999885559082,,2.485082,0.0093476707115769,0.0480572208762168,0.0093104662373662,1.0
P21817 614 R C,0.0676684379577636,0.4147935211658478,0.266769140958786,0.0402153879404068,66.0,0.0,0.089910551905632,0.9066667,0.2255500704050064,0.0230819284915924,0.0109732486307621,0.0389729887247085,17.2415828704834,,0.0769796669483184,3.686000108718872,0.0371200442314147,0.0656621530652046,-3.0,0.0632581934332847,,0.0219614598900079,,16.22782325744629,0.6585367321968079,66.0,17.26902198791504,-1.340000033378601,,1.9115955,0.0067542479373514,0.1014891117811203,0.0164613239467144,1.0
P21817 614 R L,0.0676684379577636,0.4147935211658478,0.266769140958786,0.0402153879404068,66.0,0.0,0.089910551905632,0.9066667,0.2255500704050064,0.0230819284915924,0.0109732486307621,0.0389729887247085,17.2415828704834,,0.0769796669483184,2.0290000438690186,0.0371200442314147,0.0656621530652046,-2.0,0.0632581934332847,,0.0219614598900079,,16.22782325744629,0.6585367321968079,66.0,17.26902198791504,-1.340000033378601,,1.9115955,0.0067542479373514,0.1014891117811203,0.0164613239467144,1.0
P21817 2163 R C,0.0742599964141845,0.4790471196174621,0.2660263776779175,0.0174717772752046,47.0,0.0,0.0790899991989135,0.6577778,0.2356316298246383,0.0272051319479942,0.0061701601371169,0.0274508390575647,17.036216735839844,,0.0850494131445884,3.424999952316284,0.0335929580032825,0.0757282674312591,-3.0,0.0714817717671394,,0.0190419424325227,,16.247411727905273,0.6828979253768921,47.0,17.06905174255371,-1.3980000019073486,,1.8748214,0.0041651967912912,0.141589730978012,0.0077327447943389,1.0
P21817 2163 R H,0.0742599964141845,0.4790471196174621,0.2660263776779175,0.0174717772752046,47.0,0.0,0.0790899991989135,0.6577778,0.2356316298246383,0.0272051319479942,0.0061701601371169,0.0274508390575647,17.036216735839844,,0.0850494131445884,2.568000078201294,0.0335929580032825,0.0757282674312591,0.0,0.0714817717671394,,0.0190419424325227,,16.247411727905273,0.6828979253768921,47.0,17.06905174255371,-1.3980000019073486,,1.8748214,0.0041651967912912,0.141589730978012,0.0077327447943389,1.0
P21817 2168 V M,0.0744907259941101,0.443356841802597,0.2816974818706512,0.0274448413401842,3.0,0.0,0.0684844776988029,0.72888887,0.2462802082300186,0.02270994707942,0.0091438125818967,0.0306294281035661,16.755229949951172,,0.0844470635056495,2.4609999656677246,0.0336156040430069,0.0536907538771629,1.0,0.0707866251468658,,0.0208735987544059,,15.957165718078612,0.6204159259796143,3.0,16.783390045166016,-1.3040000200271606,,1.2477552,0.0057067587040364,0.1109117940068245,0.0110702002421021,1.0
P21817 2206 T R,0.0943259820342063,0.5150313973426819,0.2782196700572967,0.0074099046178162,19.0,0.0,0.069167211651802,0.9777778,0.2490867674350738,0.0264095366001129,0.0047067739069461,0.0166396964341402,16.543872833251953,,0.1050609350204467,2.197999954223633,0.0319906808435916,0.067125491797924,-1.0,0.0918200314044952,,0.0176175627857446,,15.814608573913574,0.6551612019538879,19.0,16.563514709472656,-1.2450000047683716,,2.1817484,0.0034294468350708,0.1530668586492538,0.003676718333736,1.0
P21817 2206 T M,0.0943259820342063,0.5150313973426819,0.2782196700572967,0.0074099046178162,19.0,0.0,0.069167211651802,0.9777778,0.2490867674350738,0.0264095366001129,0.0047067739069461,0.0166396964341402,16.543872833251953,,0.1050609350204467,2.970000028610229,0.0319906808435916,0.067125491797924,-1.0,0.0918200314044952,,0.0176175627857446,,15.814608573913574,0.6551612019538879,19.0,16.563514709472656,-1.2450000047683716,,2.1817484,0.0034294468350708,0.1530668586492538,0.003676718333736,1.0
P21817 2336 R H,0.0803797841072082,0.5557563900947571,0.2551780939102173,0.0187461879104375,43.0,0.0,0.1167419180274009,0.94222224,0.2157127261161804,0.0262085162103176,0.0091827763244509,0.0229995772242546,17.55555534362793,,0.0837047398090362,2.109999895095825,0.0356868803501129,0.0916241630911827,0.0,0.0727439150214195,,0.0140118394047021,,16.698505401611328,0.6451343894004822,43.0,17.579418182373047,-2.2669999599456787,,2.1335354,0.0051005398854613,0.1811738312244415,0.0081879300996661,1.0
P21817 2350 A T,0.0802067294716835,0.6131773591041565,0.2506335377693176,0.0197618603706359,7.0,0.0,0.102056547999382,0.16444445,0.2153639942407608,0.0222750827670097,0.0096083898097276,0.0233330801129341,17.518516540527344,,0.080191321671009,1.1670000553131104,0.0311359968036413,0.0792156457901001,0.0,0.0701439380645752,,0.0130277816206216,,16.599824905395508,0.5881370902061462,7.0,17.52660369873047,-2.000999927520752,,0.5939549,0.0051172138191759,0.1911417692899704,0.008930736221373,1.0
P21817 2355 R W,0.1194545105099678,0.7503492832183838,0.2659202218055725,0.0106641883030533,46.0,19.0,0.0915487334132194,0.80444443,0.231559008359909,0.0225165244191885,0.0111827049404382,0.0121565740555524,16.9566650390625,,0.1077475398778915,2.934000015258789,0.031136617064476,0.0668095275759697,-3.0,0.0986731350421905,,0.0121028022840619,,15.12943172454834,0.4661825299263,65.0,16.820140838623047,-2.253999948501587,,2.2152145,0.0052710040472447,0.2125003039836883,0.0047341734170913,1.0
P21817 2375 G A,0.1275027394294738,0.906497836112976,0.4347919523715973,0.016553808003664,40.0,0.0,0.0764231383800506,,0.3690145611763,0.0325785353779792,0.0175939835608005,0.0123776569962501,14.253832817077637,,0.1213644072413444,-0.3059999942779541,0.0545984879136085,0.0397587418556213,0.0,0.111306682229042,,0.014501741155982,,12.98092269897461,0.3450557589530945,40.0,14.15052890777588,-1.8040000200271609,,,0.0080145876854658,0.1944183856248855,0.0061058597639203,1.0
P21817 2428 A T,0.0782083645462989,0.5805496573448181,0.2846328616142273,0.0326893180608749,6.0,0.0,0.1228136271238327,,0.2355339974164962,0.0297954231500625,0.0136830126866698,0.0288854818791151,17.51558494567871,,0.0793173685669899,1.756999969482422,0.0427733436226844,0.0844996273517608,0.0,0.0683007016777992,,0.0149689866229891,,16.602365493774414,0.5872146487236023,6.0,17.49094009399414,-1.1749999523162842,,,0.0069788540713489,0.1736221462488174,0.0135430973023176,1.0
P21817 2434 G R,0.0751567780971527,0.5373218655586243,0.2571160495281219,0.0371947772800922,1.0,0.0,0.1267723888158798,,0.2107733488082885,0.0243258401751518,0.0141654359176754,0.0317372567951679,17.667438507080078,,0.0749157667160034,2.746999979019165,0.037875548005104,0.088600605726242,-2.0,0.064252994954586,,0.0145442420616745,,16.673723220825195,0.6397560238838196,1.0,17.65224838256836,-0.9210000038146972,,,0.0070155803114175,0.155564859509468,0.0155348014086484,1.0
P21817 2435 R H,0.0683256909251213,0.5485029816627502,0.2687626779079437,0.032182727009058,33.0,0.0,0.1110495179891586,,0.2254305630922317,0.0239472519606351,0.0108416136354208,0.0335806086659431,17.202287673950195,,0.0698966234922409,2.568000078201294,0.0360253863036632,0.078481338918209,0.0,0.0592500977218151,,0.0139188449829816,,16.343116760253906,0.6214148998260498,33.0,17.208843231201172,-1.3980000019073486,,,0.0057376082986593,0.1615069806575775,0.0143548361957073,1.0
P21817 2452 R W,0.1366658061742782,0.8536198735237122,0.2963951230049133,0.0099709182977676,56.0,88.0,0.0744803324341774,,0.2608067989349365,0.0188534930348396,0.0130520733073353,0.0132729914039373,15.645440101623535,,0.0994401350617408,3.660000085830689,0.0294990297406911,0.0456659942865371,-3.0,0.0914219766855239,,0.0109962206333875,,13.090362548828123,0.3529341220855713,144.0,15.467230796813965,-1.3980000019073486,,,0.0052928798831999,0.1937689185142517,0.0057331910356879,1.0
P21817 2454 R C,0.0954364612698555,0.678193986415863,0.2883349657058716,0.0215653330087661,49.0,0.0,0.0940801277756691,,0.2462984174489975,0.0204597804695367,0.0135459518060088,0.0200223494321107,16.19424819946289,,0.0877166613936424,3.424999952316284,0.033501636236906,0.0577884092926979,-3.0,0.078368067741394,,0.0127764977514743,,14.806445121765137,0.4805742800235748,49.0,16.117647171020508,-1.3980000019073486,,,0.0061630089767277,0.1681382209062576,0.0090995579957962,1.0
P21817 2454 R H,0.0954364612698555,0.678193986415863,0.2883349657058716,0.0215653330087661,49.0,0.0,0.0940801277756691,,0.2462984174489975,0.0204597804695367,0.0135459518060088,0.0200223494321107,16.19424819946289,,0.0877166613936424,2.568000078201294,0.033501636236906,0.0577884092926979,0.0,0.078368067741394,,0.0127764977514743,,14.806445121765137,0.4805742800235748,49.0,16.117647171020508,-1.3980000019073486,,,0.0061630089767277,0.1681382209062576,0.0090995579957962,1.0
P21817 2458 R C,0.1262444406747818,0.7037239670753479,0.2997881770133972,0.0140089755877852,65.0,0.0,0.0992444902658462,,0.2528340220451355,0.0222950223833322,0.0150386914610862,0.0127030713483691,16.208629608154297,,0.1107537895441055,3.424999952316284,0.0376037210226058,0.058683443814516,-3.0,0.101621001958847,,0.0127315241843461,,14.527015686035156,0.4695730805397033,65.0,16.113727569580078,-1.3980000019073486,,,0.006524983793497,0.1662219017744064,0.0058100298047065,1.0
P21817 2458 R H,0.1262444406747818,0.7037239670753479,0.2997881770133972,0.0140089755877852,65.0,0.0,0.0992444902658462,,0.2528340220451355,0.0222950223833322,0.0150386914610862,0.0127030713483691,16.208629608154297,,0.1107537895441055,2.568000078201294,0.0376037210226058,0.058683443814516,0.0,0.101621001958847,,0.0127315241843461,,14.527015686035156,0.4695730805397033,65.0,16.113727569580078,-1.3980000019073486,,,0.006524983793497,0.1662219017744064,0.0058100298047065,1.0
P21817 2508 R C,0.0883038491010665,0.514998733997345,0.2782733738422394,0.0319420583546161,32.0,0.0,0.1183162778615951,,0.2266991138458252,0.0222471598535776,0.0161739327013492,0.0246986914426088,17.330324172973633,,0.0871490836143493,3.424999952316284,0.038750197738409,0.071352295577526,-3.0,0.076451651751995,,0.0149173093959689,,16.33595848083496,0.5806394219398499,32.0,17.305753707885742,-1.3980000019073486,,,0.0077833458781242,0.1270799934864044,0.0125289214774966,1.0
P21817 2508 R G,0.0883038491010665,0.514998733997345,0.2782733738422394,0.0319420583546161,32.0,0.0,0.1183162778615951,,0.2266991138458252,0.0222471598535776,0.0161739327013492,0.0246986914426088,17.330324172973633,,0.0871490836143493,1.6959999799728394,0.038750197738409,0.071352295577526,-2.0,0.076451651751995,,0.0149173093959689,,16.33595848083496,0.5806394219398499,32.0,17.305753707885742,-1.3980000019073486,,,0.0077833458781242,0.1270799934864044,0.0125289214774966,1.0
P21817 2508 R H,0.0883038491010665,0.514998733997345,0.2782733738422394,0.0319420583546161,32.0,0.0,0.1183162778615951,,0.2266991138458252,0.0222471598535776,0.0161739327013492,0.0246986914426088,17.330324172973633,,0.0871490836143493,2.568000078201294,0.038750197738409,0.071352295577526,0.0,0.076451651751995,,0.0149173093959689,,16.33595848083496,0.5806394219398499,32.0,17.305753707885742,-1.3980000019073486,,,0.0077833458781242,0.1270799934864044,0.0125289214774966,1.0
P21817 3104 E K,0.1695892959833145,3.17617130279541,0.9689183235168456,0.0773539617657661,40.0,0.0,0.0941135436296463,,0.6648235321044922,0.1971799880266189,0.0996061936020851,0.0328292176127433,14.799393653869627,,0.1357648372650146,1.4869999885559082,0.2445729970932006,0.0778304785490036,1.0,0.1229185163974762,,0.0349396578967571,,13.62142848968506,0.1678697019815445,40.0,14.782959938049316,-1.2549999952316284,,,0.0375333465635776,1.1138224601745603,0.0307020526379346,1.0
P21817 3990 G V,0.0954195261001586,0.6622642278671265,0.2317478358745575,0.0301358830183744,11.0,0.0,0.069711297750473,0.9831933,0.2042239606380462,0.0158649533987045,0.0159446597099304,0.0119688678532838,17.32807159423828,,0.0862201899290084,2.568000078201294,0.0218551531434059,0.0600802041590213,-3.0,0.0804012343287468,,0.0098449168726801,,15.49916648864746,0.4478524923324585,11.0,17.217830657958984,-0.9210000038146972,,2.317574,0.0052348519675433,0.1647571474313736,0.0068461894989013,1.0
P21817 4796 Y C,0.1462680399417877,1.7170921564102173,0.3688319623470306,0.0389529876410961,3.0,0.0,0.0359772481024265,0.6864865,0.414667934179306,0.0553857870399951,0.0318001918494701,0.0102860694751143,16.573471069335938,0.0,0.0922131389379501,3.315999984741211,0.0236666295677423,0.0615246556699276,-2.0,0.0954517051577568,-8.245599746704102,0.0072443741373717,0.7228999733924866,15.238526344299316,0.174374982714653,3.0,16.373796463012695,-1.281999945640564,-8.583900451660156,1.9661282,0.0102591980248689,0.2920362651348114,0.0139651400968432,1.0
P21817 4826 T I,0.1741223782300949,1.646642565727234,0.3211995363235473,0.0340150445699691,15.0,0.0,0.0296868961304426,0.7945946,0.3588717877864837,0.0378147810697555,0.0332741178572177,0.0063957273960113,15.692265510559082,0.0317968986928463,0.0929186046123504,2.0510001182556152,0.0150895547121763,0.0572840794920921,-1.0,0.099614605307579,-5.305799961090088,0.0049250861629843,0.3977999985218048,12.158441543579102,0.1759348064661026,15.0,15.405454635620115,-1.2450000047683716,-1.1789000034332275,2.1647074,0.0085504036396741,0.2247436344623565,0.010136748664081,1.0
P21817 4833 H Y,0.1959829330444336,2.2400221824646,0.4301881194114685,0.0298808980733156,109.0,0.0,0.0158850904554128,0.5837838,0.4736387431621551,0.0376892499625682,0.0345916226506233,0.0052684410475194,14.251479148864746,0.0272873993963003,0.0992366075515747,1.565000057220459,0.0145258214324712,0.0337550826370716,2.0,0.1066474467515945,-5.184100151062012,0.0047124335542321,0.164000004529953,12.255718231201172,0.1574970632791519,109.0,14.116240501403809,-1.4329999685287476,-1.1569000482559204,2.0268571,0.0083946557715535,0.2575145065784454,0.0086008356884121,1.0
P21817 4838 L V,0.2141696065664291,4.127812385559082,0.336785227060318,0.0292256996035575,44.0,0.0,0.0285091008991003,0.12432432,0.4062918722629547,0.0465369448065757,0.0370124951004982,0.0064464760944247,15.683133125305176,0.0170127991586923,0.0874274894595146,1.38100004196167,0.0149659002199769,0.0580682456493377,1.0,0.0960740000009536,-1.6448999643325806,0.004452898632735,0.6901999711990356,12.556563377380373,0.1036245748400688,44.0,15.38689136505127,-1.2079999446868896,-3.638999938964844,1.1129947,0.0082241324707865,0.4283908307552337,0.0104258991777896,1.0
P21817 4849 V I,0.2668710350990295,12.02220344543457,0.3301131129264831,0.0245254449546337,3.0,0.0,0.0331319496035575,0.8108108,0.4463226199150085,0.0671177878975868,0.0417910553514957,0.0068666404113173,16.36503028869629,0.2853899896144867,0.0879811644554138,1.0920000076293943,0.0180842988193035,0.0608460381627082,3.0,0.0976714342832565,-1.0321999788284302,0.0047620395198464,0.3544000089168548,13.142534255981444,0.0415663085877895,3.0,15.872573852539062,-1.3040000200271606,-0.034800000488758,1.856616,0.008581374771893,1.2907637357711792,0.0106729809194803,1.0
P21817 4861 R H,0.309649646282196,29.84575843811035,0.421520859003067,0.0196552146226167,45.0,54.0,0.0277272202074527,0.53513515,0.5901874303817749,0.0938072651624679,0.0432987920939922,0.0048402165994048,15.450057983398438,0.0148775000125169,0.1127911955118179,2.568000078201294,0.0232675299048423,0.0501190572977066,0.0,0.1225395649671554,-5.271500110626221,0.0052812555804848,0.2739000022411346,12.1892728805542,0.016674967482686,99.0,15.038497924804688,-1.3980000019073486,-3.1166999340057373,1.681468,0.0091223893687129,2.9925034046173096,0.007463002577424,1.0
P21817 4898 I T,0.2750048637390136,15.986932754516602,0.3071071803569793,0.0239283964037895,0.0,0.0,0.0413241274654865,0.37297297,0.4377001523971557,0.0738551318645477,0.0425012968480587,0.0081930505111813,17.068185806274414,0.0192409995943307,0.0808354169130325,1.7209999561309814,0.0182547979056835,0.0706458687782287,-1.0,0.0905033722519874,-6.103600025177002,0.0047757211141288,0.5044000148773193,13.65556812286377,0.032131940126419,0.0,16.534883499145508,-1.4359999895095823,-3.28220009803772,1.0577719,0.0086128581315279,1.6715240478515625,0.0125076957046985,1.0
P21817 933 A T,0.1732788830995559,1.633500337600708,0.759821891784668,0.0292273499071598,54.0,0.0,0.0775009989738464,0.84782606,0.5261877775192261,0.0619342699646949,0.0401661172509193,0.0247531998902559,14.250507354736328,,0.1781156510114669,1.8580000400543213,0.1455010324716568,0.0419707000255584,0.0,0.1575974076986313,,0.0442088358104229,,13.203047752380373,0.1478414684534073,54.0,14.24870777130127,-1.3580000400543213,,2.1108453,0.0286239497363567,0.3086344599723816,0.0191184431314468,0.0
P21817 1667 R C,0.0752142295241355,0.3314379155635834,0.2681394219398498,0.0427952744066715,99.0,0.0,0.0921300873160362,0.9763441,0.2222547829151153,0.0156496595591306,0.0144537081941962,0.0364252887666225,16.49896812438965,,0.0845922529697418,0.9639999866485596,0.0341637283563613,0.0466304533183574,-3.0,0.0704677700996398,,0.0244119055569171,,15.709601402282717,0.5962721109390259,99.0,16.50865936279297,-1.9049999713897705,,1.8925241,0.008882469497621,0.0518170744180679,0.0175132881850004,0.0
P21817 1773 P S,0.0862465426325798,0.6288823485374451,0.3455656170845032,0.015926269814372,5.0,0.0,0.0655817613005638,0.086021505,0.3116074204444885,0.0398270934820175,0.0074444510973989,0.0224012564867734,15.647624969482422,,0.0970396250486373,0.2980000078678131,0.0446102172136306,0.0636105015873909,-1.0,0.0831930562853813,,0.0201333612203598,,14.884235382080078,0.4897806644439697,5.0,15.646553993225098,-1.5889999866485596,,0.17231593,0.004948484711349,0.1884823441505432,0.006923341192305,0.0
P21817 2321 I V,0.1419141590595245,0.9829978346824646,0.4677348434925079,0.0107551142573356,58.0,0.0,0.0825261250138282,0.20444444,0.3974011242389679,0.0508329607546329,0.0147710116580128,0.0095160510390996,14.905407905578612,,0.1413926929235458,0.703000009059906,0.0690117999911308,0.0502659901976585,3.0,0.1304600238800048,,0.0153542412444949,,14.070162773132324,0.3298280239105224,58.0,14.876728057861328,-1.4359999895095823,,1.4258193,0.0076698353514075,0.2643089592456817,0.0043064351193606,0.0
P21817 2787 T S,0.2484573721885681,4.500879764556885,1.6406487226486206,0.0305983107537031,15.0,0.0,0.0193813126534223,0.5652174,1.4680639505386353,0.0772352442145347,0.0817050486803054,0.0170975588262081,12.319503784179688,0.0559506006538867,0.1904103308916092,0.5170000195503235,0.1382961720228195,0.0088983932510018,1.0,0.1786010861396789,-3.1689999103546143,0.0296932738274335,0.2272000014781952,11.191282272338867,0.0612471289932727,15.0,12.203834533691406,-1.3980000019073486,-1.5089000463485718,2.3585064,0.0318948403000831,0.4898909330368042,0.0152496267110109,0.0
P21817 3583 E Q,0.2985733449459076,7.276904106140137,1.0501216650009155,0.0356398746371269,152.0,0.0,0.0381380580365657,,1.0052869319915771,0.1213262975215911,0.1268737167119979,0.0112001057714223,12.884188652038574,,0.1887124180793762,1.5219999551773071,0.0989447832107544,0.0273575149476528,2.0,0.1840208768844604,,0.0225614290684461,,11.357657432556152,0.0585816204547882,152.0,12.930072784423828,-1.9119999408721924,,,0.0267629250884056,1.2108705043792725,0.0103392219170928,0.0
P21817 1832 G A,0.0821403712034225,0.3764917254447937,0.3068073093891144,0.0392035469412803,64.0,0.0,0.094443678855896,0.07096774,0.2500220537185669,0.0175923965871334,0.0157739371061325,0.0327486097812652,16.43277359008789,,0.090989738702774,1.945000052452088,0.0410392582416534,0.0441855192184448,0.0,0.0768280923366546,,0.0249754972755908,,15.603199005126951,0.4980020523071289,64.0,16.445669174194336,-0.7630000114440918,,0.13502951,0.009555104188621,0.0532827191054821,0.0161080919206142,0.0
P21817 2550 L V,0.1025577113032341,0.5689102411270142,0.3674583435058594,0.0467623099684715,13.0,0.0,0.1338001042604446,,0.2808609008789062,0.038953885436058,0.0283992886543273,0.0266362819820642,16.847909927368164,,0.1011839285492897,1.347000002861023,0.0638335570693016,0.0856565460562706,1.0,0.0890446901321411,,0.0194767974317073,,15.898906707763672,0.486329436302185,13.0,16.828243255615234,-1.3179999589920044,,,0.013460149988532,0.1208149269223213,0.0176187492907047,0.0
P21817 140 A T,0.1278125494718551,0.898550271987915,0.3360756039619446,0.0316039957106113,38.0,0.0,0.0248437337577343,0.71568626,0.3318267464637756,0.0163391921669244,0.0299333333969116,0.0121830580756068,14.64466667175293,,0.0951619073748588,0.4639999866485595,0.0155872153118252,0.0214462652802467,0.0,0.0938866659998893,,0.011619808152318,,13.606297492980955,0.1567303240299224,38.0,14.638399124145508,-1.633999943733215,,1.97691,0.009652785025537,0.0980191677808761,0.0102655626833438,0.0
P21817 816 P L,0.1233803778886795,0.9440276622772216,0.6318827867507935,0.04030267521739,43.0,0.0,0.0896841660141944,,0.4183186292648315,0.0450035408139228,0.0336945131421089,0.0324174501001834,14.66603183746338,,0.1293679028749466,2.058000087738037,0.1330531686544418,0.0444677248597145,-3.0,0.11078442633152,,0.0388763062655925,,13.852452278137209,0.30239138007164,43.0,14.660505294799805,-1.065999984741211,,,0.0221911240369081,0.2556096017360687,0.0225446689873933,0.0
P21817 1075 R Q,0.0796708762645721,0.3698804676532745,0.2746003866195678,0.0644680559635162,3.0,0.0,0.1788519769906997,,0.1917986422777176,0.0205688197165727,0.0254350341856479,0.0488989017903804,18.03597450256348,,0.083703689277172,2.2039999961853027,0.0548707246780395,0.0887423604726791,1.0,0.0691941678524017,,0.030027974396944,,17.051225662231445,0.6894151568412781,3.0,18.13813781738281,-1.10099995136261,,,0.0153418695554137,0.0775307342410087,0.031945876777172,0.0
P21817 1571 I V,0.097730204463005,0.5882289409637451,0.4327521622180938,0.0444092229008674,30.0,0.0,0.1014059334993362,,0.3194149136543274,0.0392487719655036,0.0259194988757371,0.034367348998785,15.780468940734863,,0.1031154692173004,0.0260000005364418,0.0848874300718307,0.0484003163874149,3.0,0.0875659883022308,,0.0315509401261806,,15.00613784790039,0.28504079580307,30.0,15.770796775817873,-1.8420000076293943,,,0.0158514454960823,0.1046945452690124,0.021164882928133,0.0
P21817 1679 R H,0.0957910418510437,0.4548421502113342,0.2642005681991577,0.0215356200933456,92.0,6.0,0.1086477488279342,0.22365591,0.2183390408754348,0.0284669063985347,0.0119172232225537,0.0279349777847528,17.561784744262695,,0.0957527011632919,2.984999895095825,0.0430425330996513,0.0884102284908294,0.0,0.0814096108078956,,0.0240102428942918,,16.047624588012695,0.6572156548500061,98.0,17.542625427246094,-1.10099995136261,,0.4726426,0.008170417509973,0.1251742392778396,0.0120038678869605,0.0
P21817 2224 R C,0.1392890363931656,0.7757546305656433,0.530553936958313,0.0033049564808607,60.0,0.0,0.0223564319312572,0.52444446,0.4890337586402893,0.023875780403614,0.0045756781473755,0.00815852265805,13.039580345153809,,0.1499266028404235,2.7079999446868896,0.0371515452861785,0.0141182085499167,-3.0,0.1367143839597702,,0.0174892731010913,,12.291831970214844,0.3001713454723358,60.0,12.952781677246094,-1.7970000505447388,,2.6463282,0.0033698691986501,0.155454084277153,0.0016563909593969,0.0
P21817 2342 N S,0.1269432604312896,0.7263373136520386,0.4097129702568054,0.0047401534393429,89.0,0.0,0.0458894036710262,0.4488889,0.3723732233047485,0.0295310355722904,0.006481499876827,0.0086151240393519,14.178150177001951,,0.1321218311786651,1.0219999551773071,0.037232294678688,0.0341940708458423,1.0,0.1211904883384704,,0.0135732032358646,,13.455611228942873,0.4058094322681427,89.0,14.11829662322998,-2.23799991607666,,1.8544381,0.0041161808185279,0.1901349574327469,0.0022934433072805,0.0
P21817 2606 C S,0.1001155003905296,0.4226538240909576,0.3715294301509857,0.0696585550904274,5.0,0.0,0.1280739307403564,,0.276217520236969,0.0270530227571725,0.0377558805048465,0.0350301526486873,16.610719680786133,,0.0964356586337089,1.7089999914169312,0.0582428351044654,0.0613646171987056,-1.0,0.0838440582156181,,0.0218811836093664,,15.648366928100586,0.3925847709178924,5.0,16.552616119384766,-1.4119999408721924,,,0.0171096306294202,0.0515041761100292,0.0265162084251642,0.0
P21817 2776 S F,0.2353884279727935,4.352926254272461,1.3268049955368042,0.0338885523378849,66.0,0.0,0.0294330604374408,0.2173913,1.1520543098449707,0.0724172741174697,0.0814964547753334,0.0195510517805814,12.86798858642578,0.0,0.1764958351850509,2.2109999656677246,0.1352546960115432,0.0133472327142953,-2.0,0.1648003309965133,-6.605800151824951,0.0293905362486839,0.3535999953746795,11.716711044311523,0.0663528740406036,66.0,12.815987586975098,-1.6670000553131104,-6.359399795532227,2.095308,0.0315546952188015,0.5207081437110901,0.0175589937716722,0.0
P21817 3366 R H,0.2066830396652221,4.452363967895508,0.8700572848320007,0.0691900327801704,59.0,0.0,0.0889039486646652,,0.7143100500106812,0.179168164730072,0.1217184737324714,0.0295359194278717,15.653522491455078,,0.1326239556074142,2.4140000343322754,0.1689800769090652,0.0725677087903022,0.0,0.124255858361721,,0.0295583512634038,,14.180068016052246,0.122207224369049,59.0,15.62597370147705,-1.9259999990463257,,,0.0339010693132877,0.9648385643959044,0.0281931664794683,0.0
P21817 3367 K R,0.243970587849617,5.013193130493164,1.0146763324737549,0.0496413744986057,138.0,0.0,0.0727351307868957,,0.8496180176734924,0.2016126066446304,0.1217593848705291,0.0180658865720033,14.487696647644045,,0.1709790825843811,0.5759999752044678,0.1855153888463974,0.0582716688513755,2.0,0.1624225527048111,,0.0300130080431699,,13.155025482177734,0.10610993206501,138.0,14.484304428100586,-1.3940000534057615,,,0.034392524510622,1.0742347240447998,0.0167606864124536,0.0
P21817 3539 R H,0.2298641800880432,6.637459754943848,0.9584814310073853,0.0600283592939376,7.0,0.0,0.0521695613861084,,0.8782999515533447,0.1244527399539947,0.1269291788339615,0.0254015047103166,14.489861488342283,,0.1348313391208648,2.6050000190734863,0.1069946661591529,0.0395543538033962,0.0,0.1286759674549102,,0.0260981637984514,,12.844735145568848,0.0670542418956756,7.0,14.424307823181152,-1.565000057220459,,,0.030569989234209,0.9136976599693298,0.0242124367505311,0.0
P21817 4104 G R,0.1664652824401855,1.552781343460083,0.5502156615257263,0.0131910955533385,31.0,0.0,0.0128717822954058,,0.5470731258392334,0.0279488153755664,0.0202632658183574,0.0043657012283802,12.87253761291504,0.0404694005846977,0.1403093189001083,1.7710000276565552,0.0206501204520463,0.0162604767829179,-2.0,0.1377134919166565,-1.1272000074386597,0.0085148010402917,0.2399999946355819,11.982040405273438,0.1621473133563995,31.0,12.87588882446289,-1.919000029563904,0.5361999869346619,,0.0071617318317294,0.3204580545425415,0.0038072823081165,0.0
P21817 4136 R S,0.1256568729877472,0.7441262602806091,0.2731696367263794,0.0212283078581094,40.0,0.0,0.0467837639153003,,0.2521715462207794,0.0185420308262109,0.0187976621091365,0.0068997200578451,16.354995727539062,,0.1136440262198448,1.3209999799728394,0.0209758672863245,0.0499773062765598,-1.0,0.1091010421514511,,0.0096641182899475,,15.49326992034912,0.4780367016792297,40.0,16.348237991333008,-1.7699999809265137,,,0.0066245184279978,0.1886874735355377,0.0050891092978417,0.0
P21817 4723 R H,0.1439254432916641,0.7529054284095764,0.3212518095970154,0.026855943724513,60.0,0.0,0.0334745682775974,,0.3177365660667419,0.0222225133329629,0.0244754757732152,0.0072930362075567,15.917168617248535,,0.1113116815686225,2.568000078201294,0.0185803193598985,0.0436855144798755,0.0,0.1104354262351989,,0.0076770060695707,,14.8889741897583,0.3027598261833191,60.0,15.85673713684082,-1.3980000019073486,,,0.0077744238078594,0.112923540174961,0.0079675298184156,0.0
P21817 893 G S,0.2267731130123138,4.171138763427734,2.065936088562012,0.0204314496368169,17.0,0.0,0.0202277153730392,0.04347826,1.593151569366455,0.1245526671409607,0.0438159480690956,0.0177462920546531,12.628878593444824,,0.232115551829338,2.253000020980835,0.2689674794673919,0.0120321903377771,0.0,0.2105341255664825,,0.0476170182228088,,11.797863960266112,0.0449259392917156,17.0,12.633593559265137,-0.7630000114440918,,0.58314097,0.0326839461922645,0.6030207872390747,0.0140207661315798,0.0
P21817 1109 R K,0.10430908203125,0.4216111302375793,0.3294630646705627,0.0388381443917751,118.0,0.0,0.120640642940998,0.5534591,0.2492939084768295,0.0186497997492551,0.0262715686112642,0.0299889612942934,15.603705406188965,0.0889604017138481,0.1082409024238586,0.2440000027418136,0.0508611761033535,0.044881947338581,2.0,0.0935618579387664,-3.634599924087525,0.0306189581751823,0.1246000006794929,14.804594039916992,0.4744066596031189,118.0,15.617547035217283,-1.932999968528748,0.2511999905109405,2.398379,0.0158648211508989,0.0628287345170974,0.018140560016036,0.0
P21817 3647 H Q,0.0876870229840278,0.793067455291748,0.370809406042099,0.0170626249164342,24.0,0.0,0.0758531615138053,,0.3355315923690796,0.0562033243477344,0.0083937682211399,0.0226309597492218,16.519716262817383,,0.0988203510642051,0.5680000185966492,0.0565845817327499,0.0788532570004463,0.0,0.0849353149533271,,0.0204637702554464,,15.68294906616211,0.422811210155487,24.0,16.566129684448242,-1.600000023841858,,,0.0058799558319151,0.2717037498950958,0.0083615165203809,0.0
P21817 3981 H Y,0.1252211332321167,0.6231813430786133,0.3124347627162933,0.0187472160905599,153.0,0.0,0.034082144498825,0.7478992,0.278385728597641,0.0114024002104997,0.0167493131011724,0.0067004817537963,14.85200023651123,,0.1174344941973686,1.565000057220459,0.0207871347665786,0.0210147760808467,2.0,0.1115040108561515,,0.0103606507182121,,13.773711204528809,0.3459909856319427,153.0,14.805205345153809,-1.4329999685287476,,2.0799336,0.0056178756058216,0.1086495518684387,0.0038831459823995,0.0
P21817 851 V M,0.1094826832413673,0.7686099410057068,0.5470631718635559,0.052522525191307,24.0,0.0,0.1055295467376709,0.9347826,0.3372394740581512,0.0425001047551631,0.0340651459991931,0.0417533293366432,16.599151611328125,,0.1155905425548553,2.101999998092652,0.1279295086860656,0.0601000599563121,1.0,0.0968752056360244,,0.0391971953213214,,15.713030815124512,0.3747041225433349,24.0,16.661348342895508,-2.2149999141693115,,2.3319468,0.0225977804511785,0.2014704495668411,0.0307654906064271,0.0
P21817 27 V M,0.1635967493057251,1.8406288623809808,0.6063811779022217,0.0198024697601795,26.0,0.0,0.0144290886819362,0.46568626,0.5918516516685486,0.0310985911637544,0.0304676853120327,0.0071370801888406,13.565825462341309,,0.1333081126213073,2.2739999294281006,0.0325249731540679,0.0108528612181544,1.0,0.1312522441148758,,0.0129368556663393,,12.75771141052246,0.0764934420585632,26.0,13.694636344909668,-1.878000020980835,,2.3497794,0.0105580855160951,0.3248591423034668,0.005956235807389,0.0
P21817 114 R H,0.1145248413085937,0.5563728213310242,0.2697373330593109,0.0372120514512062,88.0,0.0,0.0448059886693954,0.33333334,0.2489339858293533,0.013621861115098,0.0283840261399745,0.0156891141086816,16.243730545043945,,0.0899329110980033,1.98199999332428,0.0187581367790699,0.030952088534832,0.0,0.0868053957819938,,0.0132919624447822,,15.326828956604004,0.3143007159233093,88.0,16.25728988647461,-2.4830000400543213,,1.8464527,0.0099435420706868,0.0730640515685081,0.0123840253800153,0.0
P21817 370 V L,0.1735346466302871,1.138551950454712,0.7158920168876648,0.0155395250767469,98.0,0.0,0.011418261565268,0.22777778,0.6666398644447327,0.0238301325589418,0.0268574077636003,0.0071271797642111,13.181032180786133,,0.1621770858764648,-0.2870000004768371,0.0418328307569026,0.0061790342442691,1.0,0.1550966203212738,,0.018208747729659,,12.429232597351074,0.1238502264022827,98.0,13.126279830932615,-2.617000102996826,,1.5431198,0.0118883466348052,0.1645664870738983,0.0050568454898893,0.0
P21817 440 V I,0.0922219455242157,0.4634277522563934,0.280436098575592,0.044828426092863,2.0,0.0,0.0784197673201561,,0.2378564178943634,0.0168371088802814,0.0220254771411418,0.0242550764232873,16.851085662841797,,0.0875282436609268,0.6740000247955322,0.0323495306074619,0.0400790534913539,3.0,0.0788875818252563,,0.0181586630642414,,16.003021240234375,0.3712990880012512,2.0,16.86892318725586,-1.5140000581741333,,,0.0094825187698006,0.0752718299627304,0.0152251981198787,0.0
P21817 751 V M,0.1456121802330017,0.8110460638999939,0.6251512765884399,0.024206968024373,80.0,0.0,0.0794232860207557,0.6477987,0.4279792308807373,0.0445511490106582,0.0306962393224239,0.0195513032376766,14.185871124267578,,0.1510861068964004,2.5980000495910645,0.1265594214200973,0.0354433581233024,1.0,0.1337206363677978,,0.0360752344131469,,13.401681900024414,0.2999880909919739,80.0,14.148476600646973,-1.6150000095367432,,2.3761802,0.019295148551464,0.1802265644073486,0.0115912482142448,0.0
P21817 1061 Q R,0.2427141666412353,1.730126976966858,1.5074180364608765,0.0086683137342333,126.0,0.0,0.0083611449226737,,1.3677654266357422,0.0299231931567192,0.028492372483015,0.007148231845349,12.76243782043457,,0.2489582449197769,0.9259999990463256,0.0876104012131691,0.0018659264314919,1.0,0.2322460711002349,,0.033539205789566,,12.004419326782228,0.0524627938866615,126.0,12.82721996307373,-2.924000024795532,,,0.0177044700831174,0.1488668769598007,0.0039710085839033,0.0
P21817 2252 D E,0.1238408386707305,0.6244286298751831,0.313476026058197,0.002888002898544,123.0,0.0,0.0523012988269329,0.44,0.284207671880722,0.0244005005806684,0.0042669191025197,0.0090310452505946,15.554869651794434,,0.1324215978384018,0.5070000290870667,0.0300877448171377,0.0478322319686412,2.0,0.1203373968601226,,0.0149651626124978,,14.855138778686523,0.5327902436256409,123.0,15.534102439880373,-1.305999994277954,,1.9967827,0.0031682406552135,0.1834604740142822,0.0017077763332054,0.0
P21817 2558 V M,0.0891411900520324,0.4317375421524048,0.3097653687000274,0.0615529380738735,1.0,0.0,0.1505570709705352,,0.2322861850261688,0.0262013562023639,0.0281126014888286,0.0348760709166526,17.305496215820312,,0.0874878093600273,2.3310000896453857,0.0517885237932205,0.0852071717381477,1.0,0.075500376522541,,0.0190789550542831,,16.36992645263672,0.5736455321311951,1.0,17.30506706237793,-1.4290000200271606,,,0.0131133617833256,0.0792274996638298,0.0238225162029266,0.0
P21817 3028 G S,0.1644782125949859,1.0551767349243164,0.5738646388053894,0.0616734586656093,36.0,0.0,0.0999876335263252,,0.4113021492958069,0.0425958819687366,0.0791041925549507,0.0258125253021717,14.264058113098145,,0.1436798572540283,0.8259999752044678,0.0976317375898361,0.0408443473279476,0.0,0.1304197609424591,,0.0316114500164985,,12.5911226272583,0.2740533053874969,36.0,14.053056716918944,-1.149999976158142,,,0.0320711322128772,0.2294926345348358,0.0225918181240558,0.0
P21817 3234 N S,0.2277621626853943,4.531156063079834,1.3469120264053345,0.0459701418876647,127.0,0.0,0.0548544824123382,,0.9968471527099608,0.2264343947172165,0.1049246340990066,0.0175083801150321,12.824360847473145,,0.1894802451133728,0.2280000001192093,0.2835600078105926,0.0404172912240028,1.0,0.176831305027008,,0.0356090366840362,,11.812403678894045,0.1117797046899795,127.0,12.839563369750977,-2.0339999198913574,,,0.0388064831495285,1.535387635231018,0.0156955271959304,0.0
P21817 3342 A V,0.1731234192848205,2.3569447994232178,0.6716094017028809,0.0873105973005294,0.0,0.0,0.1378494948148727,,0.4768769741058349,0.1416185200214386,0.112040065228939,0.0392360389232635,16.878398895263672,,0.1191924810409545,1.5529999732971191,0.1649549752473831,0.1179419085383415,0.0,0.1086935773491859,,0.032110009342432,,15.44394302368164,0.2476454079151153,0.0,16.78312873840332,-1.337000012397766,,,0.0357771031558513,0.7449809908866882,0.0378570482134819,0.0
P21817 3815 M L,0.0814573541283607,0.3760376870632171,0.2459364384412765,0.0373591445386409,8.0,0.0,0.05192606523633,,0.2155908197164535,0.0118948817253112,0.0138672040775418,0.0173756554722785,16.715911865234375,,0.081168919801712,0.4839999973773956,0.0202966500073671,0.0392430424690246,2.0,0.0731405317783355,,0.0125008402392268,,15.919039726257324,0.5652192831039429,8.0,16.729238510131836,-1.7100000381469729,,,0.0049941907636821,0.0542957000434398,0.0083256866782903,0.0
P21817 4034 V M,0.1053928732872009,0.6355534195899963,0.2791567146778106,0.0323740765452384,72.0,0.0,0.0330482572317123,,0.2480756193399429,0.0094257611781358,0.0194842871278524,0.0099048735573887,16.197265625,,0.0939137116074562,2.4649999141693115,0.0168941039592027,0.0219793282449245,1.0,0.0895465537905693,,0.0095863807946443,,15.272610664367676,0.3682272136211395,72.0,16.187118530273438,-1.3760000467300415,,,0.0066681774333119,0.1132054403424263,0.0076804873533546,0.0
P21817 4063 M V,0.1059494689106941,0.936849057674408,0.2666535079479217,0.0310053825378417,9.0,0.0,0.0485569909214973,,0.2506942451000213,0.0211579520255327,0.0194682199507951,0.0110730696469545,16.82628631591797,,0.0884666591882705,0.8790000081062317,0.020281521603465,0.0557396747171878,1.0,0.0848191753029823,,0.0090445280075073,,15.836421012878418,0.3428312838077545,9.0,16.796676635742188,-1.7100000381469729,,,0.0068165599368512,0.2453594505786895,0.009044268168509,0.0
P21817 4084 R H,0.1827435344457626,2.1693241596221924,0.8914250135421753,0.0113368788734078,129.0,0.0,0.0058520808815956,,0.8944635391235352,0.0370187722146511,0.0208715312182903,0.0038620536215603,11.809686660766602,0.0021185399964451,0.1586447209119796,2.431999921798706,0.0271458085626363,0.0074378550052642,0.0,0.1556889861822128,-5.039299964904785,0.0093888761475682,0.4559000134468078,10.828282356262209,0.1150880977511406,129.0,11.705193519592283,-1.715000033378601,-1.9444999694824217,,0.0079046292230486,0.3879662752151489,0.0033752585295587,0.0
P21817 4753 A T,0.1295556128025055,0.7533442378044128,0.4288426339626312,0.0218813084065914,33.0,0.0,0.0196136124432086,,0.4128828644752502,0.0204194877296686,0.0175246708095073,0.0072857025079429,14.44832706451416,,0.1196981593966484,1.3229999542236328,0.0215013902634382,0.0204491075128316,0.0,0.1144006475806236,,0.0098022008314728,,13.579583168029783,0.2558749914169311,33.0,14.4069242477417,-1.8289999961853027,,,0.0058324006386101,0.109801709651947,0.0052859019488096,0.0
P21817 4868 E K,0.3942742049694061,38.19878768920898,0.8045024871826172,0.0125208599492907,172.0,0.0,0.0079818107187747,0.13513513,0.9840826988220216,0.1037885621190071,0.0438191518187522,0.0020239928271621,12.417737007141112,,0.1972776353359222,1.4869999885559082,0.0248083379119634,0.0200945325195789,1.0,0.206777349114418,,0.0058093965053558,,9.171433448791504,0.012589156627655,172.0,12.31181526184082,-1.2549999952316284,,2.5600727,0.0096811391413211,3.384114980697632,0.0030752385500818,0.0
P21817 160 E G,0.1733162552118301,1.825050711631775,0.2913921773433685,0.0179253593087196,66.0,0.0,0.0261721778661012,0.32352942,0.3085525929927826,0.0218405462801456,0.031077591702342,0.0064500709995627,15.49758243560791,,0.1126944199204444,2.00600004196167,0.013248017989099,0.0361848250031471,-2.0,0.114342987537384,,0.0084982151165604,,12.772951126098633,0.078744538128376,66.0,15.352163314819336,-1.1410000324249268,,0.95693046,0.0083860987797379,0.2727158367633819,0.0061605917289853,
P21817 177 R C,0.1174913495779037,1.3891406059265137,0.2418180704116821,0.0384818390011787,1.0,31.0,0.058493435382843,0.872549,0.2522599697113037,0.0256707966327667,0.0307439714670181,0.0178865529596805,17.4680118560791,,0.0737355947494506,3.753999948501587,0.0178707148879766,0.0598704889416694,-3.0,0.0740545243024826,,0.0101417349651455,,14.442023277282717,0.1126131042838096,32.0,17.189468383789062,-1.2339999675750732,,1.5494212,0.0090655740350484,0.2335299402475357,0.0155954835936427,
P21817 214 T M,0.0960370153188705,0.6504901647567749,0.2616001069545746,0.0515232495963573,0.0,0.0,0.0630959346890449,0.31666666,0.2220031768083572,0.0143343349918723,0.0276490431278944,0.0246527325361967,17.248695373535156,,0.0793102979660034,2.2720000743865967,0.0262360498309135,0.0387974418699741,-1.0,0.074073851108551,,0.0159522071480751,,16.180387496948242,0.30670827627182,0.0,17.276859283447266,-1.9609999656677248,,1.7003913,0.0111543321982026,0.1250056624412536,0.0194141380488872,
P21817 401 R H,0.093592494726181,0.450829416513443,0.2419647425413131,0.048874694854021,13.0,0.0,0.078626163303852,,0.2064107656478881,0.0143535574898123,0.0248726475983858,0.0238400679081678,17.392873764038086,,0.0817579552531242,1.2209999561309814,0.0263688433915376,0.0451670996844768,0.0,0.0752963051199913,,0.0162340588867664,,16.498872756958008,0.4575822055339813,13.0,17.406614303588867,-1.225000023841858,,,0.0099554350599646,0.0833901241421699,0.0168853998184204,
P21817 522 Y C,0.0835229828953743,0.3338530957698822,0.2557253241539001,0.046862855553627,5.0,0.0,0.0925231724977493,0.73777777,0.210777461528778,0.0134215429425239,0.0188916232436895,0.0287630725651979,17.256999969482422,,0.0851926505565643,3.390000104904175,0.0319844149053096,0.0402259491384029,-2.0,0.07444379478693,,0.0201244372874498,,16.485830307006836,0.4480400383472442,5.0,17.305164337158203,-1.399999976158142,,1.4815722,0.0089000267907977,0.0406580194830894,0.0160962287336587,
P21817 539 F V,0.0877899006009101,0.3912413418292999,0.2884798943996429,0.0364654511213302,4.0,0.0,0.0774825066328048,0.7777778,0.2444394677877426,0.0175293982028961,0.0162975452840328,0.025353580713272,16.32302474975586,,0.0927232876420021,2.08899998664856,0.0351713076233863,0.0407067462801933,-1.0,0.0808391571044921,,0.0209416523575782,,15.603992462158203,0.4919829070568084,4.0,16.34568977355957,-1.0700000524520874,,1.6078404,0.0082084303721785,0.0660303086042404,0.0125292167067527,
P21817 1056 D H,0.1926730275154113,2.101471424102783,0.6783798336982727,0.0225098729133605,118.0,0.0,0.0661744847893714,,0.5155298709869385,0.0472308509051799,0.0385797806084156,0.0191107783466577,14.277079582214355,0.0305502992123365,0.1968289911746978,2.963000059127808,0.1125318557024002,0.0291486475616693,-1.0,0.1767703890800476,-3.857100009918213,0.0424987226724624,0.2296999990940094,12.406982421875,0.0796219035983085,118.0,14.151116371154783,-1.3630000352859497,-1.9884999990463257,,0.0268921349197626,0.2843283712863922,0.0140742491930723,
P21817 1588 P L,0.0989608690142631,0.4626282155513763,0.354580283164978,0.0418394766747951,46.0,0.0,0.1147035881876945,,0.2640799283981323,0.0284660793840885,0.0249955412000417,0.0320196039974689,16.617780685424805,,0.1048573181033134,2.374000072479248,0.0653056874871254,0.0542020238935947,-3.0,0.0895973742008209,,0.0306704100221395,,15.858314514160156,0.3512961268424988,46.0,16.65208625793457,-1.059000015258789,,,0.0151628945022821,0.0735975727438926,0.0192066319286823,
P21817 1675 L P,0.0691015720367431,0.3973370194435119,0.2614128589630127,0.0379532761871814,24.0,0.0,0.0853070616722107,0.5612903,0.224367544054985,0.0225034523755311,0.0108544370159506,0.0376868024468421,17.14702796936035,,0.078772060573101,2.98799991607666,0.0343479886651039,0.0647384673357009,-3.0,0.0648812800645828,,0.022234484553337,,16.363941192626953,0.7214784622192383,24.0,17.19144630432129,-0.972000002861023,,0.8689931,0.0068062702193856,0.0975058525800705,0.0157135557383298,
P21817 1728 S F,0.0977939590811729,0.4930289089679718,0.2978042364120483,0.0135031612589955,36.0,0.0,0.0673905313014984,0.85376346,0.2668271362781524,0.0277996268123388,0.0079517597332596,0.018147587776184,16.136608123779297,,0.108441025018692,1.8009999990463257,0.0343559607863426,0.0613746270537376,-2.0,0.0945956483483314,,0.0204201266169548,,15.393728256225586,0.6309444904327393,36.0,16.159761428833008,-2.0269999504089355,,1.6255814,0.0051370752044022,0.1319587528705597,0.0055684265680611,
P21817 2163 R L,0.0742599964141845,0.4790471196174621,0.2660263776779175,0.0174717772752046,47.0,0.0,0.0790899991989135,0.6577778,0.2356316298246383,0.0272051319479942,0.0061701601371169,0.0274508390575647,17.036216735839844,,0.0850494131445884,1.6959999799728394,0.0335929580032825,0.0757282674312591,-2.0,0.0714817717671394,,0.0190419424325227,,16.247411727905273,0.6828979253768921,47.0,17.06905174255371,-1.3980000019073486,,1.8748214,0.0041651967912912,0.141589730978012,0.0077327447943389,
P21817 2204 H Q,0.0788443833589553,0.54097580909729,0.2672236859798431,0.0083946418017148,9.0,0.0,0.0776678100228309,0.36888888,0.2388794720172882,0.0289100222289562,0.0041463067755103,0.021916190162301,17.14861488342285,,0.0892534255981445,1.976999998092652,0.0330841541290283,0.0797310322523117,0.0,0.0763149783015251,,0.0167077407240867,,16.363855361938477,0.6478666067123413,9.0,17.170459747314453,-1.4329999685287476,,1.444003,0.0031531658023595,0.1743288040161132,0.0046809711493551,
P21817 2237 C Y,0.0747993215918541,0.6183541417121887,0.297100305557251,0.0075340289622545,25.0,0.0,0.0747530832886695,0.97333336,0.2662753164768219,0.0327838957309722,0.0039499928243458,0.0230447240173816,16.302282333374023,,0.0841282457113266,2.486000061035156,0.0366187319159507,0.0748737826943397,-2.0,0.0717099234461784,,0.0154969803988933,,15.542400360107422,0.568106472492218,25.0,16.292139053344727,-1.4119999408721924,,2.031515,0.0030046259053051,0.2051657289266586,0.0046377200633287,
P21817 2362 E K,0.0975977554917335,0.8492372632026672,0.3301929235458374,0.0196002312004566,51.0,0.0,0.0913484543561935,0.13777778,0.2847583591938019,0.0310398302972316,0.0131772179156541,0.018782639876008,16.032901763916016,,0.0905668660998344,1.0399999618530271,0.0432327166199684,0.0612891167402267,1.0,0.0811308473348617,,0.0129268178716301,,14.567255020141602,0.4259306192398071,51.0,15.921136856079102,-2.095999956130981,,1.0748256,0.0060864216648042,0.2341636717319488,0.0082802884280681,
P21817 2363 C W,0.0848178714513778,0.7287788391113281,0.2818842828273773,0.0242819134145975,2.0,0.0,0.1201406046748161,0.8088889,0.2378874272108078,0.0303477570414543,0.0124761955812573,0.0242398306727409,17.31488800048828,,0.0805745795369148,2.6679999828338623,0.0416754707694053,0.0865977481007576,-2.0,0.0707644447684288,,0.0132801663130521,,16.16253662109375,0.5230007767677307,2.0,17.264589309692383,-2.401000022888184,,1.5307842,0.0060092224739491,0.2203352153301239,0.0106709757819771,
P21817 2364 F V,0.0915658473968505,0.687663197517395,0.264965295791626,0.0231137666851282,6.0,4.0,0.1417713761329651,0.031111112,0.2182212024927139,0.0294797476381063,0.0135429594665765,0.0214537307620048,17.728771209716797,,0.0861184075474739,0.6899999976158142,0.0424086898565292,0.1012472957372665,-1.0,0.076445460319519,,0.0132736600935459,,16.603466033935547,0.5559781193733215,10.0,17.70773696899414,-2.2290000915527344,,0.60724664,0.0063204867765307,0.2067238539457321,0.0097177755087614,
P21817 2431 D Y,0.0787657648324966,0.5508720874786377,0.2766937613487243,0.0363928079605102,19.0,0.0,0.1201466619968414,,0.2282688617706298,0.0273178946226835,0.0150428339838981,0.0297940485179424,17.516489028930664,,0.0793367102742195,2.983999967575073,0.04069709405303,0.082128919661045,-3.0,0.0683348551392555,,0.0151890441775321,,16.5943603515625,0.6031938195228577,19.0,17.524065017700195,-1.1390000581741333,,,0.0075220544822514,0.1598362028598785,0.0148284463211894,
P21817 2627 V M,0.1177685111761093,0.6456709504127502,0.4438292682170868,0.0903476178646087,21.0,0.0,0.1629367172718048,,0.279681384563446,0.0399591661989688,0.0617331340909004,0.0417738109827041,16.915639877319336,,0.1061632484197616,2.4609999656677246,0.0960525348782539,0.0841167420148849,1.0,0.092604286968708,,0.028225215151906,,15.847755432128906,0.5126205682754517,21.0,16.868450164794922,-1.3040000200271606,,,0.0265687797218561,0.1197804659605026,0.0370156392455101,
P21817 2676 R W,0.1244820952415466,0.683718740940094,0.439583420753479,0.0914833471179008,31.0,0.0,0.1781425923109054,,0.259115606546402,0.0416477583348751,0.0687565729022026,0.0416847355663776,17.564369201660156,,0.1100006476044654,3.621999979019165,0.1039136797189712,0.0967889279127121,-3.0,0.0963621735572815,,0.0299135576933622,,16.352359771728516,0.5344698429107666,31.0,17.52342414855957,-1.5110000371932983,,,0.0291240960359573,0.1588237136602401,0.0376884154975414,
P21817 3051 R H,0.1616543233394622,2.2253737449646,0.7823123931884766,0.0777798667550087,126.0,0.0,0.1187105849385261,,0.509784460067749,0.1462448984384536,0.0928679183125495,0.0330551862716674,15.771713256835938,,0.1337225437164306,2.568000078201294,0.2013121545314788,0.0973443761467933,0.0,0.1204599887132644,,0.0344502925872802,,14.5457763671875,0.2330457717180252,126.0,15.732098579406738,-1.3980000019073486,,,0.036323569715023,0.775140106678009,0.0305702947080135,
P21817 3418 N D,0.2041435092687606,2.791903018951416,0.5743757486343384,0.0688676834106445,75.0,1.0,0.1306018829345703,,0.4493325352668762,0.0973277390003204,0.11929901689291,0.0311076659709215,15.198249816894531,,0.1216012462973594,1.5820000171661377,0.1147896349430084,0.0969671159982681,1.0,0.1143117919564247,,0.0264510698616504,,13.133588790893556,0.1904824376106262,76.0,15.072738647460938,-1.468000054359436,,,0.0304580796509981,0.6726879477500916,0.0294777043163776,
P21817 3903 R Q,0.087282657623291,0.4383750557899475,0.2587690651416778,0.0350152030587196,57.0,0.0,0.0452781878411769,0.1092437,0.2247278392314911,0.010050231590867,0.0150499306619167,0.0143116051331162,16.51641845703125,,0.0839451923966407,1.7869999408721924,0.0204651299864053,0.0279047396034002,1.0,0.0770518779754638,,0.0112628303468227,,15.670811653137209,0.480974793434143,57.0,16.55156707763672,-1.3980000019073486,,0.82283956,0.005219679325819,0.0721169486641883,0.0076363068073987,
P21817 3772 R Q,0.0822748914361,0.4131672978401184,0.2815759778022766,0.032624002546072,35.0,0.0,0.0477609001100063,,0.2511841356754303,0.0156247280538082,0.0122739672660827,0.0184897556900978,16.14776039123535,,0.085208736360073,1.7869999408721924,0.0232924241572618,0.0385097861289978,1.0,0.07573863863945,,0.0141206346452236,,15.36867618560791,0.5005431771278381,35.0,16.131364822387695,-1.3980000019073486,,,0.0046997675672173,0.0595113597810268,0.0076183807104825,
P21817 3986 D E,0.1079763546586036,0.6338052749633789,0.2462773621082306,0.0243471730500459,42.0,22.0,0.0598286762833595,0.4369748,0.2168830633163452,0.0147228576242923,0.0164074562489986,0.0091839833185076,16.872745513916016,,0.09839878231287,1.3609999418258667,0.0216872710734605,0.0477479100227355,2.0,0.0926350802183151,,0.0098782097920775,,15.227380752563477,0.4295464158058166,64.0,16.783660888671875,-1.1390000581741333,,1.5323727,0.0053240098059177,0.1444611251354217,0.0052631315775215,
P21817 4050 S Y,0.1086036339402198,0.8380622863769531,0.3127553462982178,0.0257952418178319,7.0,0.0,0.0370860621333122,,0.2857680916786194,0.0161111578345298,0.0174665823578834,0.0101038282737135,15.078041076660156,,0.092195987701416,2.549999952316284,0.0211737249046564,0.0307657588273286,-2.0,0.0869682356715202,,0.0094404183328151,,13.684492111206056,0.3159748613834381,7.0,14.980658531188965,-1.3480000495910645,,,0.0055119935423135,0.1832529157400131,0.0063024098053574,
P21817 4234 V L,0.1034920737147331,0.6706833839416504,0.235705941915512,0.0465215370059013,4.0,0.0,0.0521475039422512,,0.2258285135030746,0.0195223726332187,0.0235366411507129,0.0114287342876195,16.906118392944336,,0.0836167708039283,1.0369999408721924,0.016214020550251,0.0715121328830719,1.0,0.0818931460380554,,0.0080311112105846,,15.881647109985352,0.4968915283679962,4.0,16.875560760498047,-1.3760000467300415,,,0.0077417320571839,0.1359511017799377,0.012214059010148,
P21817 4737 R Q,0.1730081290006637,1.265209078788757,0.4450466334819793,0.0192407630383968,84.0,45.0,0.0170618053525686,,0.4603102207183838,0.0299885496497154,0.0251836031675338,0.0048936023376882,13.898094177246094,,0.1311297863721847,1.7869999408721924,0.0191015396267175,0.0266492757946252,1.0,0.1312515139579773,,0.007050089072436,,12.078774452209473,0.1352068185806274,129.0,13.76939868927002,-1.3980000019073486,,,0.0076551865786314,0.1405345648527145,0.0055798641405999,
P21817 4824 L P,0.1988789141178131,1.932788848876953,0.3342286348342895,0.0251098312437534,5.0,63.0,0.0294947475194931,0.6108108,0.37950399518013,0.0423248447477817,0.0331216864287853,0.0060788933187723,15.607534408569336,0.0,0.0967425405979156,2.61899995803833,0.0159506760537624,0.057127121835947,-3.0,0.1034821644425392,-7.700799942016602,0.0049615432508289,0.8737000226974487,10.954078674316406,0.1604119539260864,68.0,15.284918785095217,-1.366000056266785,-8.770899772644043,1.5751998,0.0086320778355002,0.2513109147548675,0.0095978677272796,
P21817 4893 R Q,0.3038074672222137,10.597326278686523,0.2907512784004211,0.0192675683647394,17.0,133.0,0.0451032035052776,0.9189189,0.4011270403861999,0.0664605125784874,0.0421907603740692,0.0084292311221361,16.580976486206055,0.0037332701031118,0.0780021250247955,1.7869999408721924,0.0174824483692646,0.0790177434682846,1.0,0.0871637910604476,-6.339700222015381,0.0045447498559951,0.4485000073909759,11.704079627990724,0.0498389229178428,150.0,16.057323455810547,-1.3980000019073486,-4.834700107574463,1.9936054,0.0083842221647501,1.0822384357452393,0.0131032774224877,
P21817 4973 P L,0.1984470635652542,1.8943501710891724,0.4074077904224396,0.012459797784686,104.0,0.0,0.009406080469489,,0.4171858131885528,0.012949164956808,0.0237260852009058,0.0026370999403297,14.230499267578123,,0.1332243829965591,2.2039999961853027,0.0085127186030149,0.0122386515140533,-3.0,0.1353335827589035,,0.0047573144547641,,10.62595558166504,0.074732594192028,104.0,13.874397277832031,-1.1150000095367432,,,0.006216968409717,0.1858622282743454,0.0035021416842937,
