SAV_coords,labels,ANM_MSF-sliced,ANM_MSF-reduced,Delta_PSIC,stiffness-chain,ANM_sensitivity-sliced,GNM_sensitivity-reduced,wt_PSIC,stiffness-sliced,GNM_sensitivity-chain,EVmut-wt_aa_cons,ANM_MSF-chain,stiffness-reduced,EVmut-DeltaE_indep,GNM_sensitivity-sliced,ANM_effectiveness-sliced,ANM_effectiveness-reduced,ranked_MI,BLOSUM,EVmut-mut_aa_freq,SASA_in_complex,GNM_effectiveness-chain,ANM_effectiveness-chain,GNM_MSF-reduced,ANM_sensitivity-reduced,entropy,EVmut-DeltaE_epist,Delta_SASA,SASA,GNM_MSF-chain,GNM_effectiveness-sliced,ANM_sensitivity-chain,GNM_MSF-sliced,GNM_effectiveness-reduced
P21817 13 L R,1.0,0.2674625813961029,0.25668442249298096,2.055000066757202,15.65725326538086,0.017933547496795654,0.009985304437577724,-1.8669999837875366,16.847368240356445,0.0303023848682642,,1.0932949781417847,16.831756591796875,,0.011898024939000607,0.041462454944849014,0.040927208960056305,0.06862745434045792,-2.0,,7.0,0.03989271819591522,0.15878801047801971,0.08101063221693039,0.018192775547504425,0.5221114754676819,,0.0,7.0,0.1145286038517952,0.016728930175304413,0.18079590797424316,0.0824182778596878,0.0143950330093503
P21817 35 C R,1.0,0.2543296813964844,0.23054485023021698,2.9030001163482666,16.325214385986328,0.025437399744987488,0.010602091439068317,-1.1109999418258667,17.422975540161133,0.02951018325984478,,0.8984450101852417,17.45734214782715,,0.013698022812604904,0.07026980817317963,0.0550350621342659,0.75,-3.0,,3.0,0.05111588537693024,0.206898033618927,0.07096307724714279,0.02072967402637005,1.464061975479126,,0.0,3.0,0.09964320808649063,0.02397526241838932,0.18665891885757446,0.07395508885383606,0.01982605643570423
P21817 44 R C,1.0,0.2818562388420105,0.259515643119812,3.8420000076293945,15.616239547729492,0.0231658723205328,0.009636965580284595,-1.1009999513626099,16.639780044555664,0.027612121775746346,,0.6421409845352173,16.632312774658203,,0.013374393805861473,0.050383564084768295,0.03466859087347984,0.9019607901573181,-3.0,,34.0,0.046559520065784454,0.27046045660972595,0.07444652169942856,0.017697852104902267,1.6213077306747437,,0.0,34.0,0.10111503303050995,0.02125641331076622,0.10054177045822144,0.07792425900697708,0.01647445373237133
P21817 163 R C,1.0,0.32917389273643494,0.32299602031707764,3.8420000076293945,14.072160720825195,0.019138744100928307,0.009797829203307629,-1.1009999513626099,15.188377380371094,0.030735693871974945,,1.432392954826355,15.18620777130127,,0.011245928704738617,0.029535744339227676,0.029870636761188507,0.9460784196853638,-3.0,,15.0,0.029631132259964943,0.11300073564052582,0.09797230362892151,0.02095377817749977,1.6908020973205566,,0.0,15.0,0.13397802412509918,0.011041474528610706,0.2417616844177246,0.09867504239082336,0.009684552438557148
P21817 163 R L,1.0,0.32917389273643494,0.32299602031707764,2.11299991607666,14.072160720825195,0.019138744100928307,0.009797829203307629,-1.1009999513626099,15.188377380371094,0.030735693871974945,,1.432392954826355,15.18620777130127,,0.011245928704738617,0.029535744339227676,0.029870636761188507,0.9460784196853638,-2.0,,15.0,0.029631132259964943,0.11300073564052582,0.09797230362892151,0.02095377817749977,1.6908020973205566,,0.0,15.0,0.13397802412509918,0.011041474528610706,0.2417616844177246,0.09867504239082336,0.009684552438557148
P21817 177 R C,1.0,0.24181807041168213,0.2522599697113037,3.753999948501587,14.442023277282715,0.017870714887976646,0.009065574035048485,-1.2339999675750732,17.4680118560791,0.030743971467018127,,1.3891406059265137,17.189468383789062,,0.010141734965145588,0.05849343538284302,0.059870488941669464,0.8872548937797546,-3.0,,1.0,0.03848183900117874,0.11261310428380966,0.0740545243024826,0.025670796632766724,1.621871829032898,,31.0,32.0,0.11749134957790375,0.017886552959680557,0.2335299402475357,0.07373559474945068,0.015595483593642712
P21817 248 G R,1.0,0.3935302495956421,0.3462834358215332,2.239000082015991,14.09060287475586,0.03525717929005623,0.011246872134506702,-1.5210000276565552,14.849602699279785,0.026085039600729942,,0.6926727890968323,14.839469909667969,,0.017662854865193367,0.03816895931959152,0.020840037614107132,0.800000011920929,-2.0,,29.0,0.03963802009820938,0.26571133732795715,0.0883050188422203,0.017943812534213066,2.0254733562469482,,0.0,29.0,0.10648541897535324,0.019372200593352318,0.1256684809923172,0.0953008309006691,0.014113186858594418
P21817 341 G R,1.0,0.3353613018989563,0.29270029067993164,1.4529999494552612,14.443480491638184,0.026574881747364998,0.008906304836273193,-0.9269999861717224,15.219358444213867,0.022324075922369957,,0.5931998491287231,15.239117622375488,,0.014876183122396469,0.03838634490966797,0.019125649705529213,0.9166666865348816,-2.0,,36.0,0.03698340058326721,0.306814044713974,0.08760935813188553,0.012202255427837372,2.128634214401245,,0.0,36.0,0.10340247303247452,0.01645558327436447,0.09470126032829285,0.09396706521511078,0.011403946205973625
P21817 342 E K,1.0,0.3602157533168793,0.3135870099067688,1.534999966621399,14.135509490966797,0.02915792167186737,0.01083247922360897,-1.6929999589920044,14.921117782592773,0.025975782424211502,,0.669019341468811,14.936413764953613,,0.016521291807293892,0.036263734102249146,0.017702100798487663,0.8388888835906982,1.0,,106.0,0.023944593966007233,0.2636794149875641,0.11790420114994049,0.013216475956141949,2.344820499420166,,0.0,106.0,0.13693217933177948,0.010516122914850712,0.1116703450679779,0.12414515018463135,0.007540956139564514
P21817 401 R C,1.0,0.24196474254131317,0.20641076564788818,3.763000011444092,16.498872756958008,0.026368843391537666,0.009955435059964657,-1.225000023841858,17.392873764038086,0.02487264759838581,,0.450829416513443,17.406614303588867,,0.016234058886766434,0.07862616330385208,0.04516709968447685,,-3.0,,13.0,0.04887469485402107,0.4575822055339813,0.0752963051199913,0.014353557489812374,,,0.0,13.0,0.09359249472618103,0.02384006790816784,0.08339012414216995,0.08175795525312424,0.01688539981842041
P21817 401 R H,1.0,0.24196474254131317,0.20641076564788818,1.2209999561309814,16.498872756958008,0.026368843391537666,0.009955435059964657,-1.225000023841858,17.392873764038086,0.02487264759838581,,0.450829416513443,17.406614303588867,,0.016234058886766434,0.07862616330385208,0.04516709968447685,,0.0,,13.0,0.04887469485402107,0.4575822055339813,0.0752963051199913,0.014353557489812374,,,0.0,13.0,0.09359249472618103,0.02384006790816784,0.08339012414216995,0.08175795525312424,0.01688539981842041
P21817 522 Y S,1.0,0.25572532415390015,0.21077746152877808,0.9959999918937683,16.485830307006836,0.03198441490530968,0.00890002679079771,-1.399999976158142,17.256999969482422,0.018891623243689537,,0.3338530957698822,17.305164337158203,,0.020124437287449837,0.09252317249774933,0.04022594913840294,0.8222222328186035,-2.0,,5.0,0.046862855553627014,0.44804003834724426,0.07444379478693008,0.013421542942523956,1.5671652555465698,,0.0,5.0,0.0835229828953743,0.028763072565197945,0.04065801948308945,0.08519265055656433,0.01609622873365879
P21817 522 Y C,1.0,0.25572532415390015,0.21077746152877808,3.390000104904175,16.485830307006836,0.03198441490530968,0.00890002679079771,-1.399999976158142,17.256999969482422,0.018891623243689537,,0.3338530957698822,17.305164337158203,,0.020124437287449837,0.09252317249774933,0.04022594913840294,0.8222222328186035,-2.0,,5.0,0.046862855553627014,0.44804003834724426,0.07444379478693008,0.013421542942523956,1.5671652555465698,,0.0,5.0,0.0835229828953743,0.028763072565197945,0.04065801948308945,0.08519265055656433,0.01609622873365879
P21817 530 R H,1.0,0.26203590631484985,0.22611282765865326,2.9100000858306885,15.843363761901855,0.02584475837647915,0.008010569028556347,-1.3309999704360962,16.612268447875977,0.017197424545884132,,0.3227708041667938,16.64771270751953,,0.019443454220891,0.06685980409383774,0.031530603766441345,0.5777778029441833,0.0,,68.0,0.052399709820747375,0.44799038767814636,0.06740077584981918,0.01159991230815649,2.1680333614349365,,0.0,68.0,0.07559897750616074,0.032636482268571854,0.033692825585603714,0.07821404933929443,0.017602041363716125
P21817 533 R C,1.0,0.33658042550086975,0.3016677796840668,3.8420000076293945,14.454057693481445,0.02743428945541382,0.007879224605858326,-1.1009999513626099,15.146177291870117,0.01650513894855976,,0.42384660243988037,15.134183883666992,,0.01977422833442688,0.03915568068623543,0.020107045769691467,0.30666667222976685,-3.0,,130.0,0.030666150152683258,0.3622557520866394,0.08902709931135178,0.013986630365252495,1.8405766487121582,,0.0,130.0,0.09663133323192596,0.020223692059516907,0.0529145821928978,0.10020044445991516,0.0098734050989151
P21817 539 F L,1.0,0.28847989439964294,0.24443946778774261,1.694000005722046,15.603992462158203,0.03517130762338638,0.008208430372178555,-1.0700000524520874,16.32302474975586,0.01629754528403282,,0.3912413418292999,16.34568977355957,,0.020941652357578278,0.07748250663280487,0.04070674628019333,0.7511110901832581,0.0,,4.0,0.03646545112133026,0.49198290705680847,0.08083915710449219,0.017529398202896118,1.6105226278305054,,0.0,4.0,0.08778990060091019,0.025353580713272095,0.06603030860424042,0.0927232876420021,0.012529216706752777
P21817 552 R W,1.0,0.3016089200973511,0.24010950326919556,1.2380000352859497,16.153125762939453,0.043534986674785614,0.009347670711576939,-1.2369999885559082,16.900365829467773,0.01851694844663143,,0.37781545519828796,16.9432430267334,,0.022006329149007797,0.09557142853736877,0.036930713802576065,0.8266666531562805,-3.0,,56.0,0.02706042490899563,0.3682940900325775,0.1010984554886818,0.017295531928539276,2.5158321857452393,,0.0,56.0,0.10880614072084427,0.018314428627490997,0.04805722087621689,0.11310040950775146,0.0093104662373662
P21817 614 R C,1.0,0.266769140958786,0.2255500704050064,3.686000108718872,16.22782325744629,0.037120044231414795,0.006754247937351465,-1.340000033378601,17.2415828704834,0.0109732486307621,,0.4147935211658478,17.26902198791504,,0.021961459890007973,0.08991055190563202,0.06566215306520462,0.9066666960716248,-3.0,,66.0,0.0402153879404068,0.6585367321968079,0.06325819343328476,0.023081928491592407,1.9672529697418213,,0.0,66.0,0.06766843795776367,0.03897298872470856,0.1014891117811203,0.07697966694831848,0.0164613239467144
P21817 614 R L,1.0,0.266769140958786,0.2255500704050064,2.0290000438690186,16.22782325744629,0.037120044231414795,0.006754247937351465,-1.340000033378601,17.2415828704834,0.0109732486307621,,0.4147935211658478,17.26902198791504,,0.021961459890007973,0.08991055190563202,0.06566215306520462,0.9066666960716248,-2.0,,66.0,0.0402153879404068,0.6585367321968079,0.06325819343328476,0.023081928491592407,1.9672529697418213,,0.0,66.0,0.06766843795776367,0.03897298872470856,0.1014891117811203,0.07697966694831848,0.0164613239467144
P21817 1711 Y C,1.0,0.25011637806892395,0.20159457623958588,3.617000102996826,16.38295555114746,0.039235468953847885,0.008429293520748615,-1.1460000276565552,17.220352172851562,0.013576369732618332,,0.34947696328163147,17.265329360961914,,0.0241676177829504,0.12772971391677856,0.0793064534664154,0.2666666805744171,-2.0,,1.0,0.03749731928110123,0.7726913690567017,0.07335951179265976,0.020380880683660507,0.5813228487968445,,0.0,1.0,0.07798104733228683,0.03363949805498123,0.07764378190040588,0.08762190490961075,0.015410126186907291
P21817 1728 S F,1.0,0.29780423641204834,0.26682713627815247,1.8009999990463257,15.393728256225586,0.03435596078634262,0.005137075204402208,-2.0269999504089355,16.136608123779297,0.007951759733259678,,0.4930289089679718,16.159761428833008,,0.020420126616954803,0.06739053130149841,0.06137462705373764,0.8473118543624878,-2.0,,36.0,0.013503161258995533,0.6309444904327393,0.09459564834833145,0.02779962681233883,1.634874701499939,,0.0,36.0,0.09779395908117294,0.018147587776184082,0.1319587528705597,0.10844102501869202,0.005568426568061113
P21817 2163 R C,1.0,0.2660263776779175,0.23563162982463837,3.424999952316284,16.247411727905273,0.03359295800328255,0.004165196791291237,-1.3980000019073486,17.036216735839844,0.006170160137116909,,0.47904711961746216,17.06905174255371,,0.019041942432522774,0.07908999919891357,0.07572826743125916,0.6844444274902344,-3.0,,47.0,0.01747177727520466,0.6828979253768921,0.07148177176713943,0.027205131947994232,1.878115177154541,,0.0,47.0,0.07425999641418457,0.027450839057564735,0.14158973097801208,0.08504941314458847,0.007732744794338942
P21817 2163 R H,1.0,0.2660263776779175,0.23563162982463837,2.568000078201294,16.247411727905273,0.03359295800328255,0.004165196791291237,-1.3980000019073486,17.036216735839844,0.006170160137116909,,0.47904711961746216,17.06905174255371,,0.019041942432522774,0.07908999919891357,0.07572826743125916,0.6844444274902344,0.0,,47.0,0.01747177727520466,0.6828979253768921,0.07148177176713943,0.027205131947994232,1.878115177154541,,0.0,47.0,0.07425999641418457,0.027450839057564735,0.14158973097801208,0.08504941314458847,0.007732744794338942
P21817 2163 R P,1.0,0.2660263776779175,0.23563162982463837,2.2170000076293945,16.247411727905273,0.03359295800328255,0.004165196791291237,-1.3980000019073486,17.036216735839844,0.006170160137116909,,0.47904711961746216,17.06905174255371,,0.019041942432522774,0.07908999919891357,0.07572826743125916,0.6844444274902344,-2.0,,47.0,0.01747177727520466,0.6828979253768921,0.07148177176713943,0.027205131947994232,1.878115177154541,,0.0,47.0,0.07425999641418457,0.027450839057564735,0.14158973097801208,0.08504941314458847,0.007732744794338942
P21817 2163 R L,1.0,0.2660263776779175,0.23563162982463837,1.6959999799728394,16.247411727905273,0.03359295800328255,0.004165196791291237,-1.3980000019073486,17.036216735839844,0.006170160137116909,,0.47904711961746216,17.06905174255371,,0.019041942432522774,0.07908999919891357,0.07572826743125916,0.6844444274902344,-2.0,,47.0,0.01747177727520466,0.6828979253768921,0.07148177176713943,0.027205131947994232,1.878115177154541,,0.0,47.0,0.07425999641418457,0.027450839057564735,0.14158973097801208,0.08504941314458847,0.007732744794338942
P21817 2168 V M,1.0,0.28169748187065125,0.24628020823001862,2.4609999656677246,15.957165718078613,0.0336156040430069,0.005706758704036474,-1.3040000200271606,16.755229949951172,0.009143812581896782,,0.44335684180259705,16.783390045166016,,0.020873598754405975,0.06848447769880295,0.05369075387716293,0.7555555701255798,1.0,,3.0,0.02744484134018421,0.6204159259796143,0.07078662514686584,0.02270994707942009,1.25277841091156,,0.0,3.0,0.07449072599411011,0.03062942810356617,0.1109117940068245,0.08444706350564957,0.011070200242102146
P21817 2204 H Q,1.0,0.26722368597984314,0.2388794720172882,1.9769999980926514,16.363855361938477,0.03308415412902832,0.003153165802359581,-1.4329999685287476,17.14861488342285,0.004146306775510311,,0.54097580909729,17.170459747314453,,0.01670774072408676,0.07766781002283096,0.0797310322523117,0.36888888478279114,0.0,,9.0,0.008394641801714897,0.6478666067123413,0.07631497830152512,0.028910022228956223,1.492645025253296,,0.0,9.0,0.07884438335895538,0.021916190162301064,0.17432880401611328,0.08925342559814453,0.004680971149355173
P21817 2206 T R,1.0,0.27821967005729675,0.24908676743507385,2.197999954223633,15.814608573913574,0.03199068084359169,0.0034294468350708485,-1.2450000047683716,16.543872833251953,0.004706773906946182,,0.5150313973426819,16.563514709472656,,0.017617562785744667,0.06916721165180206,0.06712549179792404,0.9822221994400024,-1.0,,19.0,0.00740990461781621,0.6551612019538879,0.09182003140449524,0.026409536600112915,2.2218692302703857,,0.0,19.0,0.09432598203420639,0.016639696434140205,0.15306685864925385,0.10506093502044678,0.003676718333736062
P21817 2206 T M,1.0,0.27821967005729675,0.24908676743507385,2.9700000286102295,15.814608573913574,0.03199068084359169,0.0034294468350708485,-1.2450000047683716,16.543872833251953,0.004706773906946182,,0.5150313973426819,16.563514709472656,,0.017617562785744667,0.06916721165180206,0.06712549179792404,0.9822221994400024,-1.0,,19.0,0.00740990461781621,0.6551612019538879,0.09182003140449524,0.026409536600112915,2.2218692302703857,,0.0,19.0,0.09432598203420639,0.016639696434140205,0.15306685864925385,0.10506093502044678,0.003676718333736062
P21817 2210 V F,1.0,0.2808755338191986,0.24939224123954773,2.2739999294281006,15.986146926879883,0.03194837644696236,0.003342770040035248,-1.3040000200271606,16.741443634033203,0.00458473339676857,,0.5111211538314819,16.756696701049805,,0.017505129799246788,0.06667538732290268,0.060472823679447174,0.13777777552604675,-1.0,,7.0,0.010513483546674252,0.6335167288780212,0.0756869986653328,0.024357466027140617,1.1693871021270752,,0.0,7.0,0.07823765277862549,0.023151589557528496,0.1483280211687088,0.0888916626572609,0.005299227312207222
P21817 2280 V I,1.0,0.2801223397254944,0.24822595715522766,1.2269999980926514,16.023906707763672,0.03325552120804787,0.003224462503567338,-1.465000033378601,16.79078483581543,0.004536898341029882,,0.6041725873947144,16.79366111755371,,0.014022924937307835,0.07902726531028748,0.07175415009260178,0.35111111402511597,3.0,,0.0,0.012853245250880718,0.5850983262062073,0.057480085641145706,0.02768607623875141,1.4310882091522217,,0.0,0.0,0.06142803654074669,0.031684279441833496,0.19882018864154816,0.0689847320318222,0.007745256647467613
P21817 2288 L S,1.0,0.26288601756095886,0.23194673657417297,2.138000011444092,15.974806785583496,0.030158447101712227,0.003315550275146961,-1.2079999446868896,16.748048782348633,0.004418408963829279,,0.6139053702354431,16.757781982421875,,0.012617653235793114,0.0849689468741417,0.07422802597284317,0.10222221910953522,-2.0,,7.0,0.008281590417027473,0.589063286781311,0.0726395919919014,0.023926539346575737,0.7261625528335571,,0.0,7.0,0.076413094997406,0.019766073673963547,0.19971366226673126,0.08308253437280655,0.005174693651497364
P21817 2336 R H,1.0,0.2551780939102173,0.21571272611618042,2.109999895095825,16.698505401611328,0.035686880350112915,0.00510053988546133,-2.2669999599456787,17.55555534362793,0.00918277632445097,,0.5557563900947571,17.579418182373047,,0.014011839404702187,0.11674191802740097,0.09162416309118271,0.9466666579246521,0.0,,43.0,0.018746187910437584,0.6451343894004822,0.07274391502141953,0.02620851621031761,2.1812634468078613,,0.0,43.0,0.08037978410720825,0.022999577224254608,0.18117383122444153,0.08370473980903625,0.008187930099666119
P21817 2350 A T,1.0,0.2506335377693176,0.2153639942407608,1.1670000553131104,16.599824905395508,0.03113599680364132,0.005117213819175959,-2.000999927520752,17.518516540527344,0.009608389809727669,,0.6131773591041565,17.52660369873047,,0.013027781620621681,0.10205654799938202,0.0792156457901001,0.18222221732139587,0.0,,7.0,0.019761860370635986,0.5881370902061462,0.0701439380645752,0.022275082767009735,0.6136839985847473,,0.0,7.0,0.0802067294716835,0.023333080112934113,0.1911417692899704,0.08019132167100906,0.008930736221373081
P21817 2355 R W,1.0,0.2659202218055725,0.23155900835990906,2.934000015258789,15.12943172454834,0.031136617064476013,0.005271004047244787,-2.253999948501587,16.9566650390625,0.01118270494043827,,0.7503492832183838,16.820140838623047,,0.012102802284061909,0.09154873341321945,0.0668095275759697,0.7911111116409302,-3.0,,46.0,0.010664188303053379,0.46618252992630005,0.09867313504219055,0.0225165244191885,2.239530324935913,,19.0,65.0,0.1194545105099678,0.012156574055552483,0.21250030398368835,0.10774753987789154,0.00473417341709137
P21817 2364 F V,1.0,0.264965295791626,0.21822120249271393,0.6899999976158142,16.603466033935547,0.042408689856529236,0.006320486776530743,-2.2290000915527344,17.728771209716797,0.013542959466576576,,0.687663197517395,17.70773696899414,,0.013273660093545914,0.1417713761329651,0.10124729573726654,0.031111111864447594,-1.0,,6.0,0.023113766685128212,0.5559781193733215,0.07644546031951904,0.029479747638106346,0.6394071578979492,,4.0,10.0,0.09156584739685059,0.021453730762004852,0.20672385394573212,0.08611840754747391,0.009717775508761406
P21817 2375 G A,1.0,0.4347919523715973,0.36901456117630005,-0.3059999942779541,12.98092269897461,0.05459848791360855,0.008014587685465813,-1.8040000200271606,14.253832817077637,0.017593983560800552,,0.9064978361129761,14.150528907775879,,0.014501741155982018,0.07642313838005066,0.03975874185562134,,0.0,,40.0,0.016553808003664017,0.3450557589530945,0.11130668222904205,0.03257853537797928,,,0.0,40.0,0.12750273942947388,0.012377656996250153,0.19441838562488556,0.12136440724134445,0.006105859763920307
P21817 2428 A T,1.0,0.2846328616142273,0.23553399741649628,1.7569999694824219,16.602365493774414,0.04277334362268448,0.0069788540713489056,-1.1749999523162842,17.51558494567871,0.013683012686669827,,0.5805496573448181,17.49094009399414,,0.014968986622989178,0.1228136271238327,0.08449962735176086,,0.0,,6.0,0.03268931806087494,0.5872146487236023,0.06830070167779922,0.02979542315006256,,,0.0,6.0,0.07820836454629898,0.028885481879115105,0.17362214624881744,0.0793173685669899,0.01354309730231762
P21817 2431 D Y,1.0,0.27669376134872437,0.22826886177062988,2.9839999675750732,16.5943603515625,0.040697094053030014,0.007522054482251406,-1.1390000581741333,17.516489028930664,0.015042833983898163,,0.5508720874786377,17.524065017700195,,0.015189044177532196,0.12014666199684143,0.08212891966104507,,-3.0,,19.0,0.036392807960510254,0.6031938195228577,0.06833485513925552,0.027317894622683525,,,0.0,19.0,0.07876576483249664,0.02979404851794243,0.15983620285987854,0.07933671027421951,0.014828446321189404
P21817 2434 G R,1.0,0.25711604952812195,0.21077334880828857,2.746999979019165,16.673723220825195,0.037875548005104065,0.00701558031141758,-0.9210000038146973,17.667438507080078,0.014165435917675495,,0.5373218655586243,17.65224838256836,,0.014544242061674595,0.12677238881587982,0.08860060572624207,,-2.0,,1.0,0.03719477728009224,0.6397560238838196,0.06425299495458603,0.024325840175151825,,,0.0,1.0,0.07515677809715271,0.03173725679516792,0.15556485950946808,0.07491576671600342,0.015534801408648491
P21817 2435 R H,1.0,0.2687626779079437,0.22543056309223175,2.568000078201294,16.343116760253906,0.036025386303663254,0.005737608298659325,-1.3980000019073486,17.202287673950195,0.0108416136354208,,0.5485029816627502,17.208843231201172,,0.013918844982981682,0.11104951798915863,0.07848133891820908,,0.0,,33.0,0.032182727009058,0.6214148998260498,0.05925009772181511,0.023947251960635185,,,0.0,33.0,0.06832569092512131,0.033580608665943146,0.16150698065757751,0.0698966234922409,0.014354836195707321
P21817 2435 R L,1.0,0.2687626779079437,0.22543056309223175,1.6959999799728394,16.343116760253906,0.036025386303663254,0.005737608298659325,-1.3980000019073486,17.202287673950195,0.0108416136354208,,0.5485029816627502,17.208843231201172,,0.013918844982981682,0.11104951798915863,0.07848133891820908,,-2.0,,33.0,0.032182727009058,0.6214148998260498,0.05925009772181511,0.023947251960635185,,,0.0,33.0,0.06832569092512131,0.033580608665943146,0.16150698065757751,0.0698966234922409,0.014354836195707321
P21817 2437 A V,1.0,0.26789283752441406,0.22596871852874756,1.6390000581741333,16.232391357421875,0.0339861735701561,0.005771452561020851,-1.1749999523162842,17.11411476135254,0.011407741345465183,,0.575684130191803,17.102386474609375,,0.013354011811316013,0.106037937104702,0.07158493995666504,,0.0,,1.0,0.028649864718317986,0.5852324366569519,0.06300914287567139,0.02174980938434601,,,0.0,1.0,0.07449080049991608,0.02952801063656807,0.1624975949525833,0.07309114933013916,0.012863091193139553
P21817 2452 R W,1.0,0.29639512300491333,0.2608067989349365,3.6600000858306885,13.090362548828125,0.029499029740691185,0.00529287988319993,-1.3980000019073486,15.645440101623535,0.013052073307335377,,0.8536198735237122,15.467230796813965,,0.010996220633387566,0.0744803324341774,0.04566599428653717,,-3.0,,56.0,0.00997091829776764,0.3529341220855713,0.09142197668552399,0.01885349303483963,,,88.0,144.0,0.13666580617427826,0.01327299140393734,0.1937689185142517,0.09944013506174088,0.005733191035687923
P21817 2454 R C,1.0,0.2883349657058716,0.2462984174489975,3.424999952316284,14.806445121765137,0.03350163623690605,0.006163008976727724,-1.3980000019073486,16.19424819946289,0.013545951806008816,,0.678193986415863,16.117647171020508,,0.01277649775147438,0.0940801277756691,0.057788409292697906,,-3.0,,49.0,0.021565333008766174,0.48057428002357483,0.07836806774139404,0.02045978046953678,,,0.0,49.0,0.0954364612698555,0.020022349432110786,0.16813822090625763,0.08771666139364243,0.009099557995796204
P21817 2454 R H,1.0,0.2883349657058716,0.2462984174489975,2.568000078201294,14.806445121765137,0.03350163623690605,0.006163008976727724,-1.3980000019073486,16.19424819946289,0.013545951806008816,,0.678193986415863,16.117647171020508,,0.01277649775147438,0.0940801277756691,0.057788409292697906,,0.0,,49.0,0.021565333008766174,0.48057428002357483,0.07836806774139404,0.02045978046953678,,,0.0,49.0,0.0954364612698555,0.020022349432110786,0.16813822090625763,0.08771666139364243,0.009099557995796204
P21817 2458 R C,1.0,0.2997881770133972,0.2528340220451355,3.424999952316284,14.527015686035156,0.037603721022605896,0.006524983793497086,-1.3980000019073486,16.208629608154297,0.015038691461086273,,0.7037239670753479,16.113727569580078,,0.012731524184346199,0.09924449026584625,0.05868344381451607,,-3.0,,65.0,0.014008975587785244,0.46957308053970337,0.10162100195884705,0.022295022383332253,,,0.0,65.0,0.1262444406747818,0.012703071348369122,0.16622190177440643,0.11075378954410553,0.0058100298047065735
P21817 2458 R H,1.0,0.2997881770133972,0.2528340220451355,2.568000078201294,14.527015686035156,0.037603721022605896,0.006524983793497086,-1.3980000019073486,16.208629608154297,0.015038691461086273,,0.7037239670753479,16.113727569580078,,0.012731524184346199,0.09924449026584625,0.05868344381451607,,0.0,,65.0,0.014008975587785244,0.46957308053970337,0.10162100195884705,0.022295022383332253,,,0.0,65.0,0.1262444406747818,0.012703071348369122,0.16622190177440643,0.11075378954410553,0.0058100298047065735
P21817 2508 R C,1.0,0.2782733738422394,0.2266991138458252,3.424999952316284,16.33595848083496,0.03875019773840904,0.007783345878124237,-1.3980000019073486,17.330324172973633,0.01617393270134926,,0.514998733997345,17.305753707885742,,0.014917309395968914,0.11831627786159515,0.07135229557752609,,-3.0,,32.0,0.031942058354616165,0.5806394219398499,0.07645165175199509,0.022247159853577614,,,0.0,32.0,0.08830384910106659,0.024698691442608833,0.12707999348640442,0.08714908361434937,0.012528921477496624
P21817 2508 R H,1.0,0.2782733738422394,0.2266991138458252,2.568000078201294,16.33595848083496,0.03875019773840904,0.007783345878124237,-1.3980000019073486,17.330324172973633,0.01617393270134926,,0.514998733997345,17.305753707885742,,0.014917309395968914,0.11831627786159515,0.07135229557752609,,0.0,,32.0,0.031942058354616165,0.5806394219398499,0.07645165175199509,0.022247159853577614,,,0.0,32.0,0.08830384910106659,0.024698691442608833,0.12707999348640442,0.08714908361434937,0.012528921477496624
P21817 2676 R W,1.0,0.439583420753479,0.259115606546402,3.621999979019165,16.352359771728516,0.10391367971897125,0.029124096035957336,-1.5110000371932983,17.564369201660156,0.0687565729022026,,0.683718740940094,17.52342414855957,,0.029913557693362236,0.17814259231090546,0.0967889279127121,,-3.0,,31.0,0.09148334711790085,0.5344698429107666,0.0963621735572815,0.04164775833487511,,,0.0,31.0,0.12448209524154663,0.04168473556637764,0.15882371366024017,0.11000064760446548,0.03768841549754143
P21817 2880 E K,1.0,0.564182460308075,0.34897300601005554,-0.453000009059906,15.800652503967285,0.12656603753566742,0.03198925033211708,-2.140000104904175,17.002038955688477,0.07275427877902985,0.6848999857902527,1.2293332815170288,16.941179275512695,-2.1805999279022217,0.031708791851997375,0.1273062825202942,0.0690724104642868,0.10869564861059189,1.0,0.08642630279064178,25.0,0.0704670399427414,0.2740788459777832,0.11481744796037674,0.05059026554226875,0.9478175044059753,-4.69920015335083,0.0,25.0,0.14861708879470825,0.03561928868293762,0.23981256783008575,0.12881194055080414,0.032611362636089325
P21817 3104 E K,1.0,0.9689183235168457,0.6648235321044922,1.4869999885559082,13.621428489685059,0.24457299709320068,0.03753334656357765,-1.2549999952316284,14.799393653869629,0.09960619360208511,,3.17617130279541,14.782959938049316,,0.034939657896757126,0.0941135436296463,0.0778304785490036,,1.0,,40.0,0.07735396176576614,0.1678697019815445,0.1229185163974762,0.19717998802661896,,,0.0,40.0,0.16958929598331451,0.03282921761274338,1.1138224601745605,0.13576483726501465,0.030702052637934685
P21817 3772 R Q,1.0,0.2815759778022766,0.2511841356754303,1.7869999408721924,15.36867618560791,0.02329242415726185,0.00469976756721735,-1.3980000019073486,16.14776039123535,0.012273967266082764,,0.4131672978401184,16.131364822387695,,0.014120634645223618,0.04776090011000633,0.0385097861289978,,1.0,,35.0,0.032624002546072006,0.5005431771278381,0.07573863863945007,0.015624728053808212,,,0.0,35.0,0.0822748914361,0.01848975569009781,0.05951135978102684,0.08520873636007309,0.007618380710482597
P21817 3806 G R,1.0,0.28520140051841736,0.25659114122390747,2.746999979019165,15.173696517944336,0.022069275379180908,0.005181115120649338,-0.9210000038146973,15.950764656066895,0.014958941377699375,,0.48552384972572327,15.92020034790039,,0.011501668021082878,0.041341301053762436,0.03496614098548889,,-2.0,,34.0,0.033409688621759415,0.5325116515159607,0.08066290616989136,0.01577850803732872,,,0.0,34.0,0.09050367027521133,0.013666021637618542,0.0930122658610344,0.0878145769238472,0.007254708092659712
P21817 3903 R Q,1.0,0.25876906514167786,0.2247278392314911,1.7869999408721924,15.670811653137207,0.020465129986405373,0.0052196793258190155,-1.3980000019073486,16.51641845703125,0.015049930661916733,,0.4383750557899475,16.55156707763672,,0.011262830346822739,0.04527818784117699,0.02790473960340023,0.10924369841814041,1.0,,57.0,0.035015203058719635,0.48097479343414307,0.07705187797546387,0.010050231590867043,0.8803949356079102,,0.0,57.0,0.08728265762329102,0.014311605133116245,0.07211694866418839,0.08394519239664078,0.007636306807398796
P21817 3990 G V,1.0,0.2317478358745575,0.20422396063804626,2.568000078201294,15.499166488647461,0.021855153143405914,0.005234851967543364,-0.9210000038146973,17.32807159423828,0.01594465970993042,,0.6622642278671265,17.217830657958984,,0.009844916872680187,0.06971129775047302,0.06008020415902138,0.9831932783126831,-3.0,,11.0,0.030135883018374443,0.4478524923324585,0.0804012343287468,0.01586495339870453,2.3657240867614746,,0.0,11.0,0.09541952610015869,0.011968867853283882,0.1647571474313736,0.08622018992900848,0.006846189498901367
P21817 4178 G V,1.0,0.25118762254714966,0.22998939454555511,2.568000078201294,15.367389678955078,0.017521847039461136,0.0071510979905724525,-0.9210000038146973,16.238239288330078,0.02133014053106308,,0.6571832895278931,16.25058937072754,,0.008680415339767933,0.0464651994407177,0.050627537071704865,,-3.0,,3.0,0.053297676146030426,0.5124501585960388,0.07021138072013855,0.01528124138712883,,,0.0,3.0,0.08842802792787552,0.015100600197911263,0.1464521586894989,0.07321667671203613,0.014098480343818665
P21817 4234 V L,1.0,0.23570594191551208,0.22582851350307465,1.0369999408721924,15.881647109985352,0.016214020550251007,0.007741732057183981,-1.3760000467300415,16.906118392944336,0.023536641150712967,,0.6706833839416504,16.875560760498047,,0.00803111121058464,0.052147503942251205,0.0715121328830719,,1.0,,4.0,0.04652153700590134,0.4968915283679962,0.08189314603805542,0.019522372633218765,,,0.0,4.0,0.10349207371473312,0.01142873428761959,0.13595110177993774,0.08361677080392838,0.012214059010148048
P21817 4737 R W,1.0,0.44504663348197937,0.4603102207183838,3.6600000858306885,12.078774452209473,0.019101539626717567,0.007655186578631401,-1.3980000019073486,13.898094177246094,0.025183603167533875,,1.2652090787887573,13.76939868927002,,0.007050089072436094,0.017061805352568626,0.026649275794625282,,-3.0,,84.0,0.019240763038396835,0.13520681858062744,0.1312515139579773,0.029988549649715424,,,45.0,129.0,0.17300812900066376,0.004893602337688208,0.14053456485271454,0.13112978637218475,0.005579864140599966
P21817 4737 R Q,1.0,0.44504663348197937,0.4603102207183838,1.7869999408721924,12.078774452209473,0.019101539626717567,0.007655186578631401,-1.3980000019073486,13.898094177246094,0.025183603167533875,,1.2652090787887573,13.76939868927002,,0.007050089072436094,0.017061805352568626,0.026649275794625282,,1.0,,84.0,0.019240763038396835,0.13520681858062744,0.1312515139579773,0.029988549649715424,,,45.0,129.0,0.17300812900066376,0.004893602337688208,0.14053456485271454,0.13112978637218475,0.005579864140599966
P21817 4824 L P,1.0,0.33422863483428955,0.37950399518013,2.61899995803833,10.954078674316406,0.015950676053762436,0.00863207783550024,-1.3660000562667847,15.607534408569336,0.033121686428785324,0.8737000226974487,1.9327888488769531,15.284918785095215,-8.770899772644043,0.004961543250828981,0.029494747519493103,0.05712712183594704,0.4378378391265869,-3.0,0.0,5.0,0.025109831243753433,0.16041195392608643,0.10348216444253922,0.042324844747781754,1.8156176805496216,-7.700799942016602,63.0,68.0,0.1988789141178131,0.006078893318772316,0.25131091475486755,0.09674254059791565,0.009597867727279663
P21817 4826 T I,1.0,0.32119953632354736,0.35887178778648376,2.0510001182556152,12.158441543579102,0.015089554712176323,0.008550403639674187,-1.2450000047683716,15.692265510559082,0.03327411785721779,0.3977999985218048,1.6466425657272339,15.405454635620117,-1.1789000034332275,0.004925086162984371,0.02968689613044262,0.05728407949209213,0.7405405640602112,-1.0,0.0317968986928463,15.0,0.03401504456996918,0.1759348064661026,0.09961460530757904,0.037814781069755554,2.454214334487915,-5.305799961090088,0.0,15.0,0.1741223782300949,0.0063957273960113525,0.22474363446235657,0.09291860461235046,0.010136748664081097
P21817 4833 H Y,1.0,0.4301881194114685,0.47363874316215515,1.565000057220459,12.255718231201172,0.014525821432471275,0.008394655771553516,-1.4329999685287476,14.251479148864746,0.03459162265062332,0.164000004529953,2.2400221824645996,14.116240501403809,-1.1569000482559204,0.0047124335542321205,0.015885090455412865,0.03375508263707161,0.7135134935379028,2.0,0.027287399396300316,109.0,0.02988089807331562,0.15749706327915192,0.10664744675159454,0.03768924996256828,2.508051633834839,-5.184100151062012,0.0,109.0,0.1959829330444336,0.005268441047519445,0.25751450657844543,0.09923660755157471,0.00860083568841219
P21817 4838 L V,1.0,0.336785227060318,0.4062918722629547,1.38100004196167,12.556563377380371,0.014965900219976902,0.008224132470786572,-1.2079999446868896,15.683133125305176,0.0370124951004982,0.6901999711990356,4.127812385559082,15.38689136505127,-3.6389999389648438,0.004452898632735014,0.028509100899100304,0.05806824564933777,0.10810811072587967,1.0,0.01701279915869236,44.0,0.029225699603557587,0.10362457484006882,0.09607400000095367,0.046536944806575775,1.403026819229126,-1.6448999643325806,0.0,44.0,0.21416960656642914,0.006446476094424725,0.42839083075523376,0.08742748945951462,0.010425899177789688
P21817 4849 V I,1.0,0.33011311292648315,0.44632261991500854,1.0920000076293945,13.142534255981445,0.018084298819303513,0.008581374771893024,-1.3040000200271606,16.36503028869629,0.04179105535149574,0.35440000891685486,12.02220344543457,15.872573852539062,-0.03480000048875809,0.004762039519846439,0.03313194960355759,0.06084603816270828,0.5297297239303589,3.0,0.2853899896144867,3.0,0.024525444954633713,0.041566308587789536,0.09767143428325653,0.06711778789758682,2.0258970260620117,-1.0321999788284302,0.0,3.0,0.26687103509902954,0.0068666404113173485,1.2907637357711792,0.08798116445541382,0.010672980919480324
P21817 4861 R H,1.0,0.421520859003067,0.5901874303817749,2.568000078201294,12.1892728805542,0.023267529904842377,0.009122389368712902,-1.3980000019073486,15.450057983398438,0.04329879209399223,0.27390000224113464,29.84575843811035,15.038497924804688,-3.1166999340057373,0.005281255580484867,0.027727220207452774,0.050119057297706604,0.5945945978164673,0.0,0.014877500012516975,45.0,0.019655214622616768,0.016674967482686043,0.12253956496715546,0.09380726516246796,1.8387070894241333,-5.271500110626221,54.0,99.0,0.30964964628219604,0.004840216599404812,2.9925034046173096,0.11279119551181793,0.007463002577424049
P21817 4876 K R,1.0,0.4011334180831909,0.5608301162719727,1.503000020980835,11.645498275756836,0.023713992908596992,0.009107435122132301,-1.2649999856948853,16.100187301635742,0.04330173507332802,0.11760000139474869,25.98398208618164,15.550800323486328,-0.3849000036716461,0.005258079618215561,0.03097524493932724,0.054228562861680984,0.545945942401886,2.0,0.06855359673500061,26.0,0.021623581647872925,0.0189039446413517,0.10430462658405304,0.09238903969526291,2.4554405212402344,-5.496300220489502,31.0,57.0,0.29552993178367615,0.006950875744223595,2.487440586090088,0.09468282759189606,0.010384421795606613
P21817 4938 I T,1.0,0.2816748321056366,0.3389018177986145,1.7209999561309814,13.155108451843262,0.013141279108822346,0.008093874901533127,-1.4359999895095825,16.573652267456055,0.03469294682145119,0.7121999859809875,2.467262029647827,16.14802360534668,-4.487199783325195,0.004391668830066919,0.035491056740283966,0.07111693918704987,0.9729729890823364,-1.0,0.007905290462076664,31.0,0.02776782214641571,0.13489960134029388,0.08944283425807953,0.04119399935007095,2.3660638332366943,-5.792600154876709,62.0,93.0,0.20461560785770416,0.007301370147615671,0.29768526554107666,0.08163440227508545,0.011798880994319916
P21817 4973 P L,1.0,0.4074077904224396,0.41718581318855286,2.2039999961853027,10.625955581665039,0.008512718603014946,0.006216968409717083,-1.1150000095367432,14.230499267578125,0.0237260852009058,,1.8943501710891724,13.874397277832031,,0.004757314454764128,0.009406080469489098,0.012238651514053345,,-3.0,,104.0,0.012459797784686089,0.07473259419202805,0.1353335827589035,0.01294916495680809,,,0.0,104.0,0.1984470635652542,0.00263709994032979,0.1858622282743454,0.13322438299655914,0.003502141684293747
P21817 933 A T,0.0,0.759821891784668,0.5261877775192261,1.8580000400543213,13.203047752380371,0.1455010324716568,0.028623949736356735,-1.3580000400543213,14.250507354736328,0.04016611725091934,,1.633500337600708,14.24870777130127,,0.0442088358104229,0.07750099897384644,0.04197070002555847,0.8478260636329651,0.0,,54.0,0.029227349907159805,0.1478414684534073,0.1575974076986313,0.06193426996469498,2.071336269378662,,0.0,54.0,0.17327888309955597,0.024753199890255928,0.3086344599723816,0.17811565101146698,0.01911844313144684
P21817 1667 R C,0.0,0.26813942193984985,0.22225478291511536,0.9639999866485596,15.709601402282715,0.03416372835636139,0.00888246949762106,-1.9049999713897705,16.49896812438965,0.014453708194196224,,0.3314379155635834,16.50865936279297,,0.02441190555691719,0.09213008731603622,0.04663045331835747,0.9827957153320312,-3.0,,99.0,0.042795274406671524,0.5962721109390259,0.07046777009963989,0.01564965955913067,1.9410796165466309,,0.0,99.0,0.07521422952413559,0.03642528876662254,0.05181707441806793,0.08459225296974182,0.01751328818500042
P21817 1773 P S,0.0,0.3455656170845032,0.3116074204444885,0.2980000078678131,14.884235382080078,0.044610217213630676,0.0049484847113490105,-1.5889999866485596,15.647624969482422,0.007444451097398996,,0.6288823485374451,15.646553993225098,,0.020133361220359802,0.06558176130056381,0.0636105015873909,0.08172042667865753,-1.0,,5.0,0.015926269814372063,0.4897806644439697,0.08319305628538132,0.03982709348201752,0.16763187944889069,,0.0,5.0,0.0862465426325798,0.02240125648677349,0.1884823441505432,0.09703962504863739,0.006923341192305088
P21817 2321 I V,0.0,0.46773484349250793,0.3974011242389679,0.703000009059906,14.070162773132324,0.06901179999113083,0.007669835351407528,-1.4359999895095825,14.905407905578613,0.014771011658012867,,0.9829978346824646,14.876728057861328,,0.015354241244494915,0.08252612501382828,0.05026599019765854,0.20000000298023224,3.0,,58.0,0.010755114257335663,0.32982802391052246,0.13046002388000488,0.05083296075463295,1.3717751502990723,,0.0,58.0,0.14191415905952454,0.009516051039099693,0.26430895924568176,0.14139269292354584,0.004306435119360685
P21817 2787 T S,0.0,1.6406487226486206,1.4680639505386353,0.5170000195503235,11.191282272338867,0.13829617202281952,0.03189484030008316,-1.3980000019073486,12.319503784179688,0.08170504868030548,0.2272000014781952,4.500879764556885,12.203834533691406,-1.5089000463485718,0.029693273827433586,0.019381312653422356,0.008898393251001835,0.554347813129425,1.0,0.055950600653886795,15.0,0.030598310753703117,0.06124712899327278,0.17860108613967896,0.07723524421453476,2.3603761196136475,-3.1689999103546143,0.0,15.0,0.24845737218856812,0.017097558826208115,0.4898909330368042,0.1904103308916092,0.015249626711010933
P21817 3583 E Q,0.0,1.0501216650009155,1.0052869319915771,1.5219999551773071,11.357657432556152,0.0989447832107544,0.02676292508840561,-1.9119999408721924,12.884188652038574,0.12687371671199799,,7.276904106140137,12.930072784423828,,0.02256142906844616,0.03813805803656578,0.027357514947652817,,2.0,,152.0,0.03563987463712692,0.05858162045478821,0.18402087688446045,0.12132629752159119,,,0.0,152.0,0.2985733449459076,0.011200105771422386,1.2108705043792725,0.18871241807937622,0.0103392219170928
P21817 1832 G A,0.0,0.3068073093891144,0.2500220537185669,1.9450000524520874,15.603199005126953,0.04103925824165344,0.009555104188621044,-0.7630000114440918,16.43277359008789,0.015773937106132507,,0.3764917254447937,16.445669174194336,,0.024975497275590897,0.094443678855896,0.044185519218444824,0.06881720572710037,0.0,,64.0,0.039203546941280365,0.4980020523071289,0.07682809233665466,0.017592396587133408,0.1332942247390747,,0.0,64.0,0.08214037120342255,0.03274860978126526,0.0532827191054821,0.09098973870277405,0.016108091920614243
P21817 2550 L V,0.0,0.3674583435058594,0.28086090087890625,1.347000002861023,15.898906707763672,0.0638335570693016,0.013460149988532066,-1.3179999589920044,16.847909927368164,0.028399288654327393,,0.5689102411270142,16.828243255615234,,0.019476797431707382,0.13380010426044464,0.0856565460562706,,1.0,,13.0,0.04676230996847153,0.48632943630218506,0.08904469013214111,0.038953885436058044,,,0.0,13.0,0.1025577113032341,0.026636281982064247,0.12081492692232132,0.1011839285492897,0.017618749290704727
P21817 140 A T,0.0,0.3360756039619446,0.33182674646377563,0.46399998664855957,13.606297492980957,0.015587215311825275,0.009652785025537014,-1.6339999437332153,14.64466667175293,0.02993333339691162,,0.898550271987915,14.638399124145508,,0.011619808152318,0.0248437337577343,0.021446265280246735,0.6911764740943909,0.0,,38.0,0.03160399571061134,0.15673032402992249,0.09388666599988937,0.016339192166924477,1.9691777229309082,,0.0,38.0,0.12781254947185516,0.012183058075606823,0.09801916778087616,0.09516190737485886,0.010265562683343887
P21817 816 P L,0.0,0.6318827867507935,0.41831862926483154,2.058000087738037,13.852452278137207,0.13305316865444183,0.02219112403690815,-1.065999984741211,14.666031837463379,0.03369451314210892,,0.9440276622772217,14.660505294799805,,0.038876306265592575,0.08968416601419449,0.04446772485971451,,-3.0,,43.0,0.04030267521739006,0.30239138007164,0.11078442633152008,0.04500354081392288,,,0.0,43.0,0.1233803778886795,0.03241745010018349,0.2556096017360687,0.1293679028749466,0.02254466898739338
P21817 1075 R Q,0.0,0.27460038661956787,0.1917986422777176,2.2039999961853027,17.051225662231445,0.05487072467803955,0.015341869555413723,-1.1009999513626099,18.035974502563477,0.025435034185647964,,0.36988046765327454,18.138137817382812,,0.030027974396944046,0.17885197699069977,0.08874236047267914,,1.0,,3.0,0.06446805596351624,0.6894151568412781,0.06919416785240173,0.02056881971657276,,,0.0,3.0,0.07967087626457214,0.04889890179038048,0.07753073424100876,0.08370368927717209,0.03194587677717209
P21817 1571 I V,0.0,0.43275216221809387,0.3194149136543274,0.026000000536441803,15.00613784790039,0.08488743007183075,0.015851445496082306,-1.8420000076293945,15.780468940734863,0.02591949887573719,,0.5882289409637451,15.770796775817871,,0.03155094012618065,0.10140593349933624,0.04840031638741493,,3.0,,30.0,0.04440922290086746,0.28504079580307007,0.08756598830223083,0.03924877196550369,,,0.0,30.0,0.09773020446300507,0.03436734899878502,0.10469454526901245,0.10311546921730042,0.02116488292813301
P21817 1679 R H,0.0,0.2642005681991577,0.21833904087543488,2.984999895095825,16.047624588012695,0.04304253309965134,0.00817041750997305,-1.1009999513626099,17.561784744262695,0.01191722322255373,,0.45484215021133423,17.542625427246094,,0.024010242894291878,0.10864774882793427,0.08841022849082947,0.2430107593536377,0.0,,92.0,0.021535620093345642,0.6572156548500061,0.08140961080789566,0.028466906398534775,0.5068604946136475,,6.0,98.0,0.0957910418510437,0.027934977784752846,0.12517423927783966,0.09575270116329193,0.012003867886960506
P21817 2224 R C,0.0,0.530553936958313,0.4890337586402893,2.7079999446868896,12.291831970214844,0.03715154528617859,0.0033698691986501217,-1.7970000505447388,13.039580345153809,0.004575678147375584,,0.7757546305656433,12.952781677246094,,0.017489273101091385,0.022356431931257248,0.014118208549916744,0.4933333396911621,-3.0,,60.0,0.00330495648086071,0.3001713454723358,0.1367143839597702,0.023875780403614044,2.653917074203491,,0.0,60.0,0.1392890363931656,0.00815852265805006,0.15545408427715302,0.14992660284042358,0.0016563909593969584
P21817 2342 N S,0.0,0.4097129702568054,0.37237322330474854,1.0219999551773071,13.455611228942871,0.03723229467868805,0.004116180818527937,-2.23799991607666,14.178150177001953,0.006481499876827002,,0.7263373136520386,14.11829662322998,,0.01357320323586464,0.04588940367102623,0.03419407084584236,0.448888897895813,1.0,,89.0,0.004740153439342976,0.4058094322681427,0.12119048833847046,0.02953103557229042,1.881826639175415,,0.0,89.0,0.12694326043128967,0.00861512403935194,0.1901349574327469,0.13212183117866516,0.0022934433072805405
P21817 2606 C S,0.0,0.3715294301509857,0.276217520236969,1.7089999914169312,15.648366928100586,0.058242835104465485,0.01710963062942028,-1.4119999408721924,16.610719680786133,0.03775588050484657,,0.42265382409095764,16.552616119384766,,0.021881183609366417,0.12807393074035645,0.06136461719870567,,-1.0,,5.0,0.0696585550904274,0.39258477091789246,0.08384405821561813,0.027053022757172585,,,0.0,5.0,0.10011550039052963,0.03503015264868736,0.05150417611002922,0.09643565863370895,0.026516208425164223
P21817 2776 S F,0.0,1.3268049955368042,1.1520543098449707,2.2109999656677246,11.716711044311523,0.13525469601154327,0.0315546952188015,-1.6670000553131104,12.867988586425781,0.0814964547753334,0.35359999537467957,4.352926254272461,12.815987586975098,-6.359399795532227,0.02939053624868393,0.029433060437440872,0.013347232714295387,0.239130437374115,-2.0,0.0,66.0,0.0338885523378849,0.06635287404060364,0.16480033099651337,0.07241727411746979,2.0927796363830566,-6.605800151824951,0.0,66.0,0.23538842797279358,0.019551051780581474,0.5207081437110901,0.17649583518505096,0.01755899377167225
P21817 3366 R H,0.0,0.8700572848320007,0.7143100500106812,2.4140000343322754,14.180068016052246,0.16898007690906525,0.033901069313287735,-1.9259999990463257,15.653522491455078,0.12171847373247147,,4.452363967895508,15.62597370147705,,0.029558351263403893,0.08890394866466522,0.07256770879030228,,0.0,,59.0,0.06919003278017044,0.12220722436904907,0.12425585836172104,0.17916816473007202,,,0.0,59.0,0.20668303966522217,0.029535919427871704,0.9648385643959045,0.13262395560741425,0.028193166479468346
P21817 3367 K R,0.0,1.0146763324737549,0.8496180176734924,0.5759999752044678,13.155025482177734,0.1855153888463974,0.034392524510622025,-1.3940000534057617,14.487696647644043,0.12175938487052917,,5.013193130493164,14.484304428100586,,0.030013008043169975,0.07273513078689575,0.05827166885137558,,2.0,,138.0,0.04964137449860573,0.10610993206501007,0.1624225527048111,0.20161260664463043,,,0.0,138.0,0.243970587849617,0.018065886572003365,1.0742347240447998,0.1709790825843811,0.01676068641245365
P21817 3539 R H,0.0,0.9584814310073853,0.8782999515533447,2.6050000190734863,12.844735145568848,0.10699466615915298,0.03056998923420906,-1.565000057220459,14.489861488342285,0.1269291788339615,,6.637459754943848,14.424307823181152,,0.026098163798451424,0.0521695613861084,0.039554353803396225,,0.0,,7.0,0.06002835929393768,0.06705424189567566,0.12867596745491028,0.12445273995399475,,,0.0,7.0,0.2298641800880432,0.025401504710316658,0.9136976599693298,0.13483133912086487,0.024212436750531197
P21817 4104 G R,0.0,0.5502156615257263,0.5470731258392334,1.7710000276565552,11.982040405273438,0.020650120452046394,0.007161731831729412,-1.9190000295639038,12.872537612915039,0.020263265818357468,0.23999999463558197,1.552781343460083,12.87588882446289,0.5361999869346619,0.008514801040291786,0.012871782295405865,0.016260476782917976,,-2.0,0.04046940058469772,31.0,0.013191095553338528,0.16214731335639954,0.1377134919166565,0.027948815375566483,,-1.1272000074386597,0.0,31.0,0.16646528244018555,0.004365701228380203,0.3204580545425415,0.14030931890010834,0.003807282308116555
P21817 4136 R S,0.0,0.2731696367263794,0.2521715462207794,1.3209999799728394,15.493269920349121,0.0209758672863245,0.0066245184279978275,-1.7699999809265137,16.354995727539062,0.01879766210913658,,0.7441262602806091,16.348237991333008,,0.00966411828994751,0.04678376391530037,0.04997730627655983,,-1.0,,40.0,0.021228307858109474,0.47803670167922974,0.10910104215145111,0.018542030826210976,,,0.0,40.0,0.1256568729877472,0.006899720057845116,0.18868747353553772,0.11364402621984482,0.005089109297841787
P21817 4723 R H,0.0,0.3212518095970154,0.31773656606674194,2.568000078201294,14.8889741897583,0.018580319359898567,0.007774423807859421,-1.3980000019073486,15.917168617248535,0.024475475773215294,,0.7529054284095764,15.85673713684082,,0.00767700606957078,0.03347456827759743,0.043685514479875565,,0.0,,60.0,0.026855943724513054,0.3027598261833191,0.11043542623519897,0.02222251333296299,,,0.0,60.0,0.14392544329166412,0.0072930362075567245,0.11292354017496109,0.11131168156862259,0.007967529818415642
P21817 893 G S,0.0,2.0659360885620117,1.593151569366455,2.253000020980835,11.797863960266113,0.26896747946739197,0.03268394619226456,-0.7630000114440918,12.628878593444824,0.04381594806909561,,4.171138763427734,12.633593559265137,,0.04761701822280884,0.020227715373039246,0.012032190337777138,0.043478261679410934,0.0,,17.0,0.02043144963681698,0.04492593929171562,0.21053412556648254,0.1245526671409607,0.5728107690811157,,0.0,17.0,0.22677311301231384,0.017746292054653168,0.6030207872390747,0.23211555182933807,0.014020766131579876
P21817 1109 R K,0.0,0.32946306467056274,0.24929390847682953,0.24400000274181366,14.804594039916992,0.0508611761033535,0.015864821150898933,-1.9329999685287476,15.603705406188965,0.02627156861126423,0.12460000067949295,0.42161113023757935,15.617547035217285,0.25119999051094055,0.030618958175182343,0.12064064294099808,0.044881947338581085,0.5597484111785889,2.0,0.08896040171384811,118.0,0.03883814439177513,0.4744066596031189,0.09356185793876648,0.01864979974925518,2.423370838165283,-3.6345999240875244,0.0,118.0,0.10430908203125,0.029988961294293404,0.06282873451709747,0.10824090242385864,0.018140560016036034
P21817 3647 H Q,0.0,0.370809406042099,0.3355315923690796,0.5680000185966492,15.68294906616211,0.05658458173274994,0.00587995583191514,-1.600000023841858,16.519716262817383,0.008393768221139908,,0.793067455291748,16.566129684448242,,0.020463770255446434,0.07585316151380539,0.07885325700044632,,0.0,,24.0,0.017062624916434288,0.42281121015548706,0.08493531495332718,0.05620332434773445,,,0.0,24.0,0.08768702298402786,0.022630959749221802,0.2717037498950958,0.09882035106420517,0.008361516520380974
P21817 3981 H Y,0.0,0.31243476271629333,0.278385728597641,1.565000057220459,13.773711204528809,0.020787134766578674,0.0056178756058216095,-1.4329999685287476,14.85200023651123,0.016749313101172447,,0.6231813430786133,14.805205345153809,,0.010360650718212128,0.03408214449882507,0.021014776080846786,0.7647058963775635,2.0,,153.0,0.01874721609055996,0.34599098563194275,0.11150401085615158,0.011402400210499763,2.118182420730591,,0.0,153.0,0.1252211332321167,0.006700481753796339,0.10864955186843872,0.11743449419736862,0.003883145982399583
P21817 851 V M,0.0,0.5470631718635559,0.33723947405815125,2.1019999980926514,15.713030815124512,0.12792950868606567,0.02259778045117855,-2.2149999141693115,16.599151611328125,0.03406514599919319,,0.7686099410057068,16.661348342895508,,0.03919719532132149,0.1055295467376709,0.06010005995631218,0.9347826242446899,1.0,,24.0,0.05252252519130707,0.37470412254333496,0.09687520563602448,0.04250010475516319,2.342081308364868,,0.0,24.0,0.10948268324136734,0.04175332933664322,0.20147044956684113,0.11559054255485535,0.030765490606427193
P21817 27 V M,0.0,0.6063811779022217,0.5918516516685486,2.2739999294281006,12.757711410522461,0.03252497315406799,0.010558085516095161,-1.878000020980835,13.565825462341309,0.0304676853120327,,1.8406288623809814,13.694636344909668,,0.012936855666339397,0.014429088681936264,0.01085286121815443,0.46078431606292725,1.0,,26.0,0.01980246976017952,0.07649344205856323,0.1312522441148758,0.031098591163754463,2.39636492729187,,0.0,26.0,0.1635967493057251,0.007137080188840628,0.3248591423034668,0.13330811262130737,0.005956235807389021
P21817 114 R H,0.0,0.2697373330593109,0.24893398582935333,1.9819999933242798,15.326828956604004,0.0187581367790699,0.009943542070686817,-2.4830000400543213,16.243730545043945,0.028384026139974594,,0.5563728213310242,16.25728988647461,,0.013291962444782257,0.04480598866939545,0.030952088534832,0.29901960492134094,0.0,,88.0,0.03721205145120621,0.3143007159233093,0.08680539578199387,0.013621861115098,1.8480068445205688,,0.0,88.0,0.11452484130859375,0.01568911410868168,0.07306405156850815,0.08993291109800339,0.012384025380015373
P21817 370 V L,0.0,0.7158920168876648,0.6666398644447327,-0.28700000047683716,12.429232597351074,0.041832830756902695,0.011888346634805202,-2.617000102996826,13.181032180786133,0.02685740776360035,,1.138551950454712,13.126279830932617,,0.01820874772965908,0.01141826156526804,0.006179034244269133,0.18888889253139496,1.0,,98.0,0.01553952507674694,0.12385022640228271,0.1550966203212738,0.02383013255894184,1.5694520473480225,,0.0,98.0,0.17353464663028717,0.007127179764211178,0.16456648707389832,0.16217708587646484,0.005056845489889383
P21817 440 V I,0.0,0.28043609857559204,0.2378564178943634,0.6740000247955322,16.003021240234375,0.03234953060746193,0.009482518769800663,-1.5140000581741333,16.851085662841797,0.02202547714114189,,0.46342775225639343,16.86892318725586,,0.01815866306424141,0.0784197673201561,0.04007905349135399,,3.0,,2.0,0.04482842609286308,0.3712990880012512,0.07888758182525635,0.01683710888028145,,,0.0,2.0,0.0922219455242157,0.02425507642328739,0.07527182996273041,0.08752824366092682,0.015225198119878769
P21817 751 V M,0.0,0.6251512765884399,0.4279792308807373,2.5980000495910645,13.401681900024414,0.12655942142009735,0.01929514855146408,-1.6150000095367432,14.185871124267578,0.030696239322423935,,0.8110460638999939,14.148476600646973,,0.03607523441314697,0.07942328602075577,0.03544335812330246,0.6415094137191772,1.0,,80.0,0.024206968024373055,0.2999880909919739,0.13372063636779785,0.044551149010658264,2.3713085651397705,,0.0,80.0,0.1456121802330017,0.01955130323767662,0.18022656440734863,0.15108610689640045,0.011591248214244843
P21817 1061 Q R,0.0,1.5074180364608765,1.3677654266357422,0.9259999990463257,12.004419326782227,0.0876104012131691,0.017704470083117485,-2.9240000247955322,12.76243782043457,0.02849237248301506,,1.730126976966858,12.82721996307373,,0.03353920578956604,0.008361144922673702,0.001865926431491971,,1.0,,126.0,0.00866831373423338,0.05246279388666153,0.23224607110023499,0.029923193156719208,,,0.0,126.0,0.24271416664123535,0.007148231845349073,0.14886687695980072,0.24895824491977692,0.003971008583903313
P21817 2252 D E,0.0,0.313476026058197,0.28420767188072205,0.5070000290870667,14.855138778686523,0.030087744817137718,0.0031682406552135944,-1.305999994277954,15.554869651794434,0.004266919102519751,,0.6244286298751831,15.534102439880371,,0.014965162612497807,0.05230129882693291,0.04783223196864128,0.4533333480358124,2.0,,123.0,0.002888002898544073,0.5327902436256409,0.12033739686012268,0.02440050058066845,2.0160937309265137,,0.0,123.0,0.12384083867073059,0.009031045250594616,0.18346047401428223,0.1324215978384018,0.001707776333205402
P21817 2558 V M,0.0,0.30976536870002747,0.23228618502616882,2.3310000896453857,16.36992645263672,0.05178852379322052,0.013113361783325672,-1.4290000200271606,17.305496215820312,0.02811260148882866,,0.4317375421524048,17.30506706237793,,0.019078955054283142,0.15055707097053528,0.08520717173814774,,1.0,,1.0,0.06155293807387352,0.5736455321311951,0.07550037652254105,0.026201356202363968,,,0.0,1.0,0.08914119005203247,0.03487607091665268,0.0792274996638298,0.08748780936002731,0.023822516202926636
P21817 3028 G S,0.0,0.5738646388053894,0.4113021492958069,0.8259999752044678,12.5911226272583,0.09763173758983612,0.032071132212877274,-1.149999976158142,14.264058113098145,0.07910419255495071,,1.0551767349243164,14.053056716918945,,0.031611450016498566,0.09998763352632523,0.04084434732794762,,0.0,,36.0,0.06167345866560936,0.27405330538749695,0.1304197609424591,0.04259588196873665,,,0.0,36.0,0.16447821259498596,0.025812525302171707,0.22949263453483582,0.14367985725402832,0.022591818124055862
P21817 3234 N S,0.0,1.3469120264053345,0.9968471527099609,0.2280000001192093,11.812403678894043,0.28356000781059265,0.0388064831495285,-2.0339999198913574,12.824360847473145,0.10492463409900665,,4.531156063079834,12.839563369750977,,0.035609036684036255,0.05485448241233826,0.04041729122400284,,1.0,,127.0,0.045970141887664795,0.11177970468997955,0.17683130502700806,0.2264343947172165,,,0.0,127.0,0.2277621626853943,0.017508380115032196,1.535387635231018,0.1894802451133728,0.01569552719593048
P21817 3342 A V,0.0,0.6716094017028809,0.47687697410583496,1.5529999732971191,15.44394302368164,0.16495497524738312,0.035777103155851364,-1.3370000123977661,16.878398895263672,0.11204006522893906,,2.3569447994232178,16.78312873840332,,0.03211000934243202,0.13784949481487274,0.11794190853834152,,0.0,,0.0,0.08731059730052948,0.24764540791511536,0.10869357734918594,0.1416185200214386,,,0.0,0.0,0.17312341928482056,0.03923603892326355,0.7449809908866882,0.11919248104095459,0.0378570482134819
P21817 3815 M L,0.0,0.24593643844127655,0.21559081971645355,0.48399999737739563,15.919039726257324,0.020296650007367134,0.004994190763682127,-1.7100000381469727,16.715911865234375,0.013867204077541828,,0.37603768706321716,16.729238510131836,,0.012500840239226818,0.05192606523633003,0.03924304246902466,,2.0,,8.0,0.037359144538640976,0.5652192831039429,0.07314053177833557,0.01189488172531128,,,0.0,8.0,0.08145735412836075,0.017375655472278595,0.054295700043439865,0.08116891980171204,0.008325686678290367
P21817 4034 V M,0.0,0.27915671467781067,0.24807561933994293,2.4649999141693115,15.272610664367676,0.016894103959202766,0.006668177433311939,-1.3760000467300415,16.197265625,0.01948428712785244,,0.6355534195899963,16.187118530273438,,0.009586380794644356,0.03304825723171234,0.021979328244924545,,1.0,,72.0,0.032374076545238495,0.3682272136211395,0.0895465537905693,0.009425761178135872,,,0.0,72.0,0.10539287328720093,0.009904873557388783,0.1132054403424263,0.09391371160745621,0.0076804873533546925
P21817 4063 M V,0.0,0.26665350794792175,0.25069424510002136,0.8790000081062317,15.836421012878418,0.02028152160346508,0.006816559936851263,-1.7100000381469727,16.82628631591797,0.019468219950795174,,0.936849057674408,16.796676635742188,,0.009044528007507324,0.048556990921497345,0.05573967471718788,,1.0,,9.0,0.031005382537841797,0.3428312838077545,0.08481917530298233,0.021157952025532722,,,0.0,9.0,0.10594946891069412,0.011073069646954536,0.24535945057868958,0.08846665918827057,0.009044268168509007
P21817 4084 R H,0.0,0.8914250135421753,0.8944635391235352,2.431999921798706,10.828282356262207,0.027145808562636375,0.007904629223048687,-1.715000033378601,11.809686660766602,0.02087153121829033,0.45590001344680786,2.1693241596221924,11.705193519592285,-1.9444999694824219,0.009388876147568226,0.005852080881595612,0.007437855005264282,,0.0,0.002118539996445179,129.0,0.01133687887340784,0.1150880977511406,0.15568898618221283,0.03701877221465111,,-5.039299964904785,0.0,129.0,0.18274353444576263,0.003862053621560335,0.3879662752151489,0.15864472091197968,0.003375258529558778
P21817 4753 A T,0.0,0.4288426339626312,0.41288286447525024,1.3229999542236328,13.579583168029785,0.021501390263438225,0.005832400638610125,-1.8289999961853027,14.44832706451416,0.01752467080950737,,0.7533442378044128,14.4069242477417,,0.009802200831472874,0.019613612443208694,0.020449107512831688,,0.0,,33.0,0.021881308406591415,0.25587499141693115,0.11440064758062363,0.020419487729668617,,,0.0,33.0,0.1295556128025055,0.007285702507942915,0.10980170965194702,0.11969815939664841,0.005285901948809624
P21817 4868 E K,0.0,0.8045024871826172,0.9840826988220215,1.4869999885559082,9.171433448791504,0.024808337911963463,0.009681139141321182,-1.2549999952316284,12.417737007141113,0.04381915181875229,,38.198787689208984,12.31181526184082,,0.005809396505355835,0.007981810718774796,0.020094532519578934,0.20000000298023224,1.0,,172.0,0.012520859949290752,0.01258915662765503,0.20677734911441803,0.10378856211900711,2.668452739715576,,0.0,172.0,0.39427420496940613,0.0020239928271621466,3.384114980697632,0.19727763533592224,0.003075238550081849
P21817 160 E G,,0.29139217734336853,0.3085525929927826,2.00600004196167,12.772951126098633,0.013248017989099026,0.00838609877973795,-1.1410000324249268,15.49758243560791,0.031077591702342033,,1.825050711631775,15.352163314819336,,0.00849821511656046,0.026172177866101265,0.036184825003147125,0.3284313678741455,-2.0,,66.0,0.017925359308719635,0.07874453812837601,0.11434298753738403,0.021840546280145645,1.0083153247833252,,0.0,66.0,0.17331625521183014,0.00645007099956274,0.27271583676338196,0.11269441992044449,0.00616059172898531
P21817 214 T M,,0.2616001069545746,0.22200317680835724,2.2720000743865967,16.180387496948242,0.026236049830913544,0.01115433219820261,-1.9609999656677246,17.248695373535156,0.0276490431278944,,0.6504901647567749,17.276859283447266,,0.015952207148075104,0.06309593468904495,0.038797441869974136,0.2888889014720917,-1.0,,0.0,0.051523249596357346,0.30670827627182007,0.07407385110855103,0.01433433499187231,1.7140820026397705,,0.0,0.0,0.09603701531887054,0.02465273253619671,0.12500566244125366,0.07931029796600342,0.019414138048887253
P21817 539 F V,,0.28847989439964294,0.24443946778774261,2.0889999866485596,15.603992462158203,0.03517130762338638,0.008208430372178555,-1.0700000524520874,16.32302474975586,0.01629754528403282,,0.3912413418292999,16.34568977355957,,0.020941652357578278,0.07748250663280487,0.04070674628019333,0.7511110901832581,-1.0,,4.0,0.03646545112133026,0.49198290705680847,0.08083915710449219,0.017529398202896118,1.6105226278305054,,0.0,4.0,0.08778990060091019,0.025353580713272095,0.06603030860424042,0.0927232876420021,0.012529216706752777
P21817 1056 D H,,0.6783798336982727,0.5155298709869385,2.9630000591278076,12.406982421875,0.11253185570240021,0.02689213491976261,-1.3630000352859497,14.277079582214355,0.038579780608415604,0.2296999990940094,2.101471424102783,14.151116371154785,-1.9884999990463257,0.04249872267246246,0.06617448478937149,0.02914864756166935,,-1.0,0.03055029921233654,118.0,0.022509872913360596,0.07962190359830856,0.1767703890800476,0.04723085090517998,,-3.857100009918213,0.0,118.0,0.19267302751541138,0.019110778346657753,0.2843283712863922,0.19682899117469788,0.014074249193072319
P21817 1588 P L,,0.354580283164978,0.2640799283981323,2.374000072479248,15.858314514160156,0.0653056874871254,0.015162894502282143,-1.059000015258789,16.617780685424805,0.02499554120004177,,0.46262821555137634,16.65208625793457,,0.03067041002213955,0.11470358818769455,0.05420202389359474,,-3.0,,46.0,0.04183947667479515,0.3512961268424988,0.08959737420082092,0.028466079384088516,,,0.0,46.0,0.09896086901426315,0.03201960399746895,0.07359757274389267,0.10485731810331345,0.019206631928682327
P21817 1675 L P,,0.2614128589630127,0.22436754405498505,2.98799991607666,16.363941192626953,0.03434798866510391,0.006806270219385624,-0.972000002861023,17.14702796936035,0.01085443701595068,,0.39733701944351196,17.19144630432129,,0.022234484553337097,0.0853070616722107,0.06473846733570099,0.5956989526748657,-3.0,,24.0,0.03795327618718147,0.7214784622192383,0.06488128006458282,0.022503452375531197,0.9253453612327576,,0.0,24.0,0.06910157203674316,0.037686802446842194,0.0975058525800705,0.07877206057310104,0.015713555738329887
P21817 2237 C Y,,0.297100305557251,0.2662753164768219,2.4860000610351562,15.542400360107422,0.036618731915950775,0.003004625905305147,-1.4119999408721924,16.302282333374023,0.003949992824345827,,0.6183541417121887,16.292139053344727,,0.015496980398893356,0.07475308328866959,0.07487378269433975,0.9688888788223267,-2.0,,25.0,0.007534028962254524,0.568106472492218,0.07170992344617844,0.03278389573097229,2.075080394744873,,0.0,25.0,0.0747993215918541,0.023044724017381668,0.20516572892665863,0.0841282457113266,0.004637720063328743
P21817 2362 E K,,0.3301929235458374,0.2847583591938019,1.0399999618530273,14.567255020141602,0.043232716619968414,0.00608642166480422,-2.0959999561309814,16.032901763916016,0.013177217915654182,,0.8492372632026672,15.921136856079102,,0.012926817871630192,0.09134845435619354,0.061289116740226746,0.13333334028720856,1.0,,51.0,0.01960023120045662,0.42593061923980713,0.08113084733486176,0.031039830297231674,1.1046255826950073,,0.0,51.0,0.09759775549173355,0.018782639876008034,0.23416367173194885,0.09056686609983444,0.008280288428068161
P21817 2363 C W,,0.2818842828273773,0.2378874272108078,2.6679999828338623,16.16253662109375,0.041675470769405365,0.006009222473949194,-2.4010000228881836,17.31488800048828,0.012476195581257343,,0.7287788391113281,17.264589309692383,,0.013280166313052177,0.12014060467481613,0.0865977481007576,0.8088889122009277,-2.0,,2.0,0.02428191341459751,0.5230007767677307,0.0707644447684288,0.030347757041454315,1.5576294660568237,,0.0,2.0,0.08481787145137787,0.024239830672740936,0.2203352153301239,0.08057457953691483,0.010670975781977177
P21817 2627 V M,,0.4438292682170868,0.27968138456344604,2.4609999656677246,15.847755432128906,0.09605253487825394,0.026568779721856117,-1.3040000200271606,16.915639877319336,0.06173313409090042,,0.6456709504127502,16.868450164794922,,0.028225215151906013,0.1629367172718048,0.08411674201488495,,1.0,,21.0,0.09034761786460876,0.5126205682754517,0.09260428696870804,0.03995916619896889,,,0.0,21.0,0.11776851117610931,0.04177381098270416,0.11978046596050262,0.10616324841976166,0.0370156392455101
P21817 3051 R H,,0.7823123931884766,0.509784460067749,2.568000078201294,14.5457763671875,0.20131215453147888,0.03632356971502304,-1.3980000019073486,15.771713256835938,0.09286791831254959,,2.2253737449645996,15.732098579406738,,0.03445029258728027,0.11871058493852615,0.09734437614679337,,0.0,,126.0,0.0777798667550087,0.2330457717180252,0.12045998871326447,0.14624489843845367,,,0.0,126.0,0.16165432333946228,0.03305518627166748,0.775140106678009,0.13372254371643066,0.030570294708013535
P21817 3418 N D,,0.5743757486343384,0.4493325352668762,1.5820000171661377,13.133588790893555,0.11478963494300842,0.030458079650998116,-1.468000054359436,15.198249816894531,0.11929901689291,,2.791903018951416,15.072738647460938,,0.026451069861650467,0.1306018829345703,0.09696711599826813,,1.0,,75.0,0.06886768341064453,0.19048243761062622,0.11431179195642471,0.09732773900032043,,,1.0,76.0,0.20414350926876068,0.031107665970921516,0.6726879477500916,0.12160124629735947,0.02947770431637764
P21817 3986 D E,,0.2462773621082306,0.21688306331634521,1.3609999418258667,15.227380752563477,0.02168727107346058,0.00532400980591774,-1.1390000581741333,16.872745513916016,0.016407456248998642,,0.6338052749633789,16.783660888671875,,0.009878209792077541,0.05982867628335953,0.047747910022735596,0.4285714328289032,2.0,,42.0,0.024347173050045967,0.42954641580581665,0.09263508021831512,0.014722857624292374,1.5780394077301025,,22.0,64.0,0.10797635465860367,0.009183983318507671,0.14446112513542175,0.09839878231287003,0.005263131577521563
P21817 4050 S Y,,0.3127553462982178,0.2857680916786194,2.549999952316284,13.684492111206055,0.02117372490465641,0.005511993542313576,-1.3480000495910645,15.078041076660156,0.017466582357883453,,0.8380622863769531,14.980658531188965,,0.00944041833281517,0.037086062133312225,0.030765758827328682,,-2.0,,7.0,0.025795241817831993,0.3159748613834381,0.08696823567152023,0.016111157834529877,,,0.0,7.0,0.10860363394021988,0.010103828273713589,0.18325291574001312,0.09219598770141602,0.006302409805357456
P21817 4893 R Q,,0.29075127840042114,0.40112704038619995,1.7869999408721924,11.704079627990723,0.017482448369264603,0.0083842221647501,-1.3980000019073486,16.580976486206055,0.042190760374069214,0.44850000739097595,10.597326278686523,16.057323455810547,-4.834700107574463,0.004544749855995178,0.045103203505277634,0.0790177434682846,0.8648648858070374,1.0,0.003733270103111863,17.0,0.019267568364739418,0.049838922917842865,0.08716379106044769,0.0664605125784874,2.2212600708007812,-6.339700222015381,133.0,150.0,0.30380746722221375,0.008429231122136116,1.0822384357452393,0.07800212502479553,0.013103277422487736
