SAV_coords,labels,GNM_Ventropy_full,GNM_rmsf_overall_full,GNM_Eigval1_full,GNM_Eigval2_full,GNM_Eigval5_1_full,GNM_SEall_full,GNM_SE20_full,GNM_V1_full,GNM_rankV1_full,GNM_V2_full,GNM_rankV2_full,GNM_co_rank_full,GNM_displacement_full,GNM_MC1_full,GNM_MC2_full,ANM_effectiveness_chain,ANM_sensitivity_chain,ANM_stiffness_chain,wtBJCE,deltaBJCE,protein_length,Rg,DELTA_Rg,AG1,AG3,AG5,ACR,DELTA_ACR,SF1,SF2,SF3,loop_percent,helix_percent,sheet_percent,Lside,deltaLside,IDRs,dssp,Dcom,SASA,DELTA_SASA,Hbond,DELTA_Hbond,SSbond,DELTA_DSS,wtPSIC,deltaPSIC,BLOSUM,entropy,ranked_MI,consurf,ACNR,phobic_percent,delta_phobic_percent,philic_percent,delta_philic_percent,charge,deltaCharge,polarity,deltaPolarity,charge_pH7,DELTA_charge_pH7,chain_length
P21817 35 C R,1.0,7991.661,0.7297868,0.0011787484,0.001179463,0.6438604,0.89815646,0.88668203,0.0034806835,0.22128916,0.008356909,0.59543806,0.10882887,0.3555482,2.9528637,7.0853505,0.20689803,0.18665892,16.325214,-33.65,9.48,17624.0,105.92722,-34.180367,36.0,22.0,18.0,22.32426,-0.043497086,0.47292414,0.99993056,0.47295702,39.35799,50.802513,9.839498,7.0,5.0,0.2778766,0.0,-1.3893102,0.6,-0.6,3.0,0.0,0.0,0.0,-1.111,2.903,-3.0,1.4383193,0.73039216,-0.84,-0.59692305,49.841206,0.0,50.158794,0.0,0.0,1.0,5.5,5.0,0.0,1.0,4299.0
P21817 44 R C,1.0,7991.661,0.7297868,0.0011787484,0.001179463,0.6438604,0.89815646,0.88668203,0.0036918723,0.23110531,0.008293345,0.57234454,0.12573764,0.36161444,3.1320274,7.031458,0.27046046,0.10054177,15.61624,-19.21,-6.37,17624.0,105.92722,-34.17963,18.0,15.0,10.4,22.32426,-0.060012817,0.47292414,0.99993056,0.47295702,39.35799,50.802513,9.839498,2.0,-5.0,0.3236332,1.0,-1.0241085,15.0,6.4,3.0,-3.0,0.0,0.0,-1.101,3.842,-3.0,1.5600563,0.92156863,-0.872,-0.7316,49.841206,0.0,50.158794,0.0,1.0,-1.0,10.5,-5.0,1.0,-1.0,4299.0
P21817 163 R C,1.0,7991.661,0.7297868,0.0011787484,0.001179463,0.6438604,0.89815646,0.88668203,0.0031604732,0.20528825,0.00830109,0.57671356,0.3844757,0.4437736,2.6812108,7.038025,0.113000736,0.24176168,14.072161,-20.24,-6.68,17624.0,105.92722,-34.179867,32.0,12.666667,9.8,22.32426,-0.05140686,0.47292414,0.99993056,0.47295702,39.35799,50.802513,9.839498,2.0,-5.0,0.46049172,0.0,-1.6936486,7.2,13.2,0.0,1.0,0.0,0.0,-1.101,3.842,-3.0,1.6312313,0.9411765,-0.722,-0.12111111,49.841206,0.0,50.158794,0.0,1.0,-1.0,10.5,-5.0,0.0,0.0,4299.0
P21817 163 R L,1.0,7991.661,0.7297868,0.0011787484,0.001179463,0.6438604,0.89815646,0.88668203,0.0031604732,0.20528825,0.00830109,0.57671356,0.3844757,0.4437736,2.6812108,7.038025,0.113000736,0.24176168,14.072161,-20.24,-0.96,17624.0,105.92722,-34.17971,32.0,12.666667,9.8,22.32426,-0.05001068,0.47292414,0.99993056,0.47295702,39.35799,50.802513,9.839498,4.0,-3.0,0.46049172,0.0,-1.6936486,7.2,21.8,0.0,0.0,0.0,0.0,-1.101,2.113,-2.0,1.6312313,0.9411765,-0.722,-0.12111111,49.841206,0.019849146,50.158794,-0.019849146,1.0,-1.0,10.5,-5.6,0.0,0.0,4299.0
P21817 248 G R,1.0,7991.661,0.7297868,0.0011787484,0.001179463,0.6438604,0.89815646,0.88668203,0.0044515543,0.27201542,0.008231454,0.5486836,0.4613595,0.46365985,3.776509,6.978984,0.26571134,0.12566848,14.090603,-21.7,-7.33,17624.0,105.92722,-34.180176,9.0,5.0,5.0,22.32426,-0.048381805,0.47292414,0.99993056,0.47295702,39.35799,50.802513,9.839498,7.0,7.0,0.38391548,0.0,-1.2875284,34.9,17.1,0.0,0.0,0.0,0.0,-1.521,2.239,-2.0,2.0945823,0.85555553,0.322,-0.4242,49.841206,-0.019849146,50.158794,0.019849146,0.0,1.0,9.0,1.5,0.0,1.0,4299.0
P21817 328 R W,1.0,7991.661,0.7297868,0.0011787484,0.001179463,0.6438604,0.89815646,0.88668203,0.00405673,0.24546073,0.008317949,0.5859056,0.87982297,0.7541944,3.441557,7.0523186,0.11932722,0.25017416,13.004368,-14.35,14.35,17624.0,105.92722,-34.179913,25.0,19.666666,14.8,22.32426,-0.050941467,0.47292414,0.99993056,0.47295702,39.35799,50.802513,9.839498,10.0,3.0,0.5359137,0.5,-1.9695228,70.7,-5.3,0.0,0.0,0.0,0.0,-1.572,3.678,-3.0,2.3835123,0.24444444,-0.286,1.21425,49.841206,0.019849146,50.158794,-0.019849146,1.0,-1.0,10.5,-5.1,1.0,-1.0,4299.0
P21817 341 G R,1.0,7991.661,0.7297868,0.0011787484,0.001179463,0.6438604,0.89815646,0.88668203,0.0042567975,0.25692236,0.008276024,0.5628121,0.5581026,0.50082415,3.6112857,7.0167727,0.30681404,0.09470126,14.4434805,-16.07,-6.28,17624.0,105.92722,-34.180298,31.0,22.666666,17.4,22.32426,-0.046987534,0.47292414,0.99993056,0.47295702,39.35799,50.802513,9.839498,7.0,7.0,0.3908446,1.0,-1.7521856,48.9,-10.1,1.0,1.0,0.0,0.0,-0.927,1.453,-2.0,2.1321373,0.90555555,-0.854,-0.6502857,49.841206,-0.019849146,50.158794,0.019849146,0.0,1.0,9.0,1.5,0.0,1.0,4299.0
P21817 401 R C,1.0,7991.661,0.7297868,0.0011787484,0.001179463,0.6438604,0.89815646,0.88668203,0.0045935223,0.279335,0.008144516,0.5331366,0.2987971,0.4166305,3.8969488,6.9052744,0.4575822,0.083390124,16.498873,-30.61,-12.29,17624.0,105.92722,-34.18031,22.0,14.0,14.6,22.32426,-0.059547424,0.47292414,0.99993056,0.47295702,39.35799,50.802513,9.839498,2.0,-5.0,0.51194245,0.5,-1.2793293,6.2,7.1,3.0,0.0,0.0,0.0,-1.225,3.763,-3.0,,,-0.262,-0.5021,49.841206,0.0,50.158794,0.0,1.0,-1.0,10.5,-5.0,1.0,-1.0,4299.0
P21817 403 I M,1.0,7991.661,0.7297868,0.0011787484,0.001179463,0.6438604,0.89815646,0.88668203,0.004729209,0.2860304,0.008099638,0.5271221,0.26872447,0.40862986,4.012059,6.867225,0.4875711,0.07542706,16.72331,-34.42,3.68,17624.0,105.92722,-34.18003,15.0,6.3333335,4.8,22.32426,-0.05140686,0.47292414,0.99993056,0.47295702,39.35799,50.802513,9.839498,4.0,0.0,0.49036622,0.5,-1.1346226,1.9,-0.9,2.0,0.0,0.0,0.0,-1.257,2.752,1.0,,,-0.735,-0.3268,49.841206,0.0,50.158794,0.0,0.0,0.0,5.2,0.5,0.0,0.0,4299.0
P21817 522 Y S,1.0,7991.661,0.7297868,0.0011787484,0.001179463,0.6438604,0.89815646,0.88668203,0.005870963,0.36575124,0.007911785,0.49897867,0.14803676,0.3686792,4.9806747,6.707955,0.44804004,0.04065802,16.48583,-37.11,6.61,17624.0,105.92722,-34.1801,20.0,8.333333,5.8,22.32426,-0.057455063,0.47292414,0.99993056,0.47295702,39.35799,50.802513,9.839498,2.0,-6.0,0.34774593,0.5,-0.5642617,2.2,5.3,2.0,1.0,0.0,0.0,-1.4,0.996,-2.0,1.4815722,0.73777777,-0.851,-0.4763,49.841206,0.0,50.158794,0.0,0.0,0.0,6.2,3.0,0.0,0.0,4299.0
P21817 530 R H,1.0,7991.661,0.7297868,0.0011787484,0.001179463,0.6438604,0.89815646,0.88668203,0.006123376,0.37046075,0.007805905,0.4820699,0.2860304,0.41391793,5.1948113,6.6181855,0.4479904,0.033692826,15.843364,-22.67,-1.07,17624.0,105.92722,-34.18005,5.0,3.0,6.0,22.32426,-0.052337646,0.47292414,0.99993056,0.47295702,39.35799,50.802513,9.839498,6.0,-1.0,0.27333188,1.0,-0.73869526,30.8,2.5,5.0,-2.0,0.0,0.0,-1.331,2.91,0.0,2.1494126,0.5777778,-0.648,-0.74685717,49.841206,0.0,50.158794,0.0,1.0,0.0,10.5,-0.1,1.0,-1.0,4299.0
P21817 533 R C,1.0,7991.661,0.7297868,0.0011787484,0.001179463,0.6438604,0.89815646,0.88668203,0.006498803,0.3907172,0.007786409,0.4766228,0.30265546,0.41762233,5.5133076,6.601656,0.36225575,0.052914582,14.454058,-22.43,-7.46,17624.0,105.92722,-34.179844,5.0,6.6666665,3.8,22.32426,-0.054430008,0.47292414,0.99993056,0.47295702,39.35799,50.802513,9.839498,2.0,-5.0,0.25853378,0.5,-0.7781634,55.3,8.5,1.0,0.0,0.0,0.0,-1.101,3.842,-3.0,1.7818058,0.29333332,-0.726,-0.5645,49.841206,0.0,50.158794,0.0,1.0,-1.0,10.5,-5.0,1.0,-1.0,4299.0
P21817 533 R H,1.0,7991.661,0.7297868,0.0011787484,0.001179463,0.6438604,0.89815646,0.88668203,0.006498803,0.3907172,0.007786409,0.4766228,0.30265546,0.41762233,5.5133076,6.601656,0.36225575,0.052914582,14.454058,-22.43,2.09,17624.0,105.92722,-34.179962,5.0,6.6666665,3.8,22.32426,-0.054662704,0.47292414,0.99993056,0.47295702,39.35799,50.802513,9.839498,6.0,-1.0,0.25853378,0.5,-0.7781634,55.3,20.0,1.0,0.0,0.0,0.0,-1.101,2.985,0.0,1.7818058,0.29333332,-0.726,-0.5645,49.841206,0.0,50.158794,0.0,1.0,0.0,10.5,-0.1,1.0,-1.0,4299.0
P21817 552 R W,1.0,7991.661,0.7297868,0.0011787484,0.001179463,0.6438604,0.89815646,0.88668203,0.0064921104,0.39020655,0.0079652425,0.50703585,0.43242168,0.4572911,5.5076303,6.753279,0.3682941,0.04805722,16.153126,-23.03,4.23,17624.0,105.92722,-34.179974,25.0,13.333333,8.6,22.32426,-0.05070877,0.47292414,0.99993056,0.47295702,39.35799,50.802513,9.839498,10.0,3.0,0.28829518,1.0,-0.31093723,23.3,-9.4,1.0,0.0,0.0,0.0,-1.237,1.238,-3.0,2.485082,0.82666665,-0.214,-0.6272857,49.841206,0.019849146,50.158794,-0.019849146,1.0,-1.0,10.5,-5.1,1.0,-1.0,4299.0
P21817 614 R C,1.0,7991.661,0.7297868,0.0011787484,0.001179463,0.6438604,0.89815646,0.88668203,0.007997241,0.5123695,0.007110465,0.4283931,0.12063096,0.35997954,6.7845182,6.028561,0.65853673,0.10148911,16.227823,-19.5,-4.98,17624.0,105.92722,-34.17992,23.0,10.333333,6.8,22.32426,-0.05629158,0.47292414,0.99993056,0.47295702,39.35799,50.802513,9.839498,2.0,-5.0,0.36449075,0.5,-0.15009639,29.9,5.4,1.0,0.0,0.0,0.0,-1.34,3.686,-3.0,1.9115955,0.9066667,-0.728,-0.6894444,49.841206,0.0,50.158794,0.0,1.0,-1.0,10.5,-5.0,1.0,-1.0,4299.0
P21817 614 R L,1.0,7991.661,0.7297868,0.0011787484,0.001179463,0.6438604,0.89815646,0.88668203,0.007997241,0.5123695,0.007110465,0.4283931,0.12063096,0.35997954,6.7845182,6.028561,0.65853673,0.10148911,16.227823,-19.5,1.64,17624.0,105.92722,-34.179905,23.0,10.333333,6.8,22.32426,-0.0548954,0.47292414,0.99993056,0.47295702,39.35799,50.802513,9.839498,4.0,-3.0,0.36449075,0.5,-0.15009639,29.9,3.1,1.0,0.0,0.0,0.0,-1.34,2.029,-2.0,1.9115955,0.9066667,-0.728,-0.6894444,49.841206,0.019849146,50.158794,-0.019849146,1.0,-1.0,10.5,-5.6,1.0,-1.0,4299.0
P21817 2163 R C,1.0,7991.661,0.7297868,0.0011787484,0.001179463,0.6438604,0.89815646,0.88668203,0.008202925,0.544655,0.005334465,0.33261463,0.19677712,0.38476974,6.959012,4.522791,0.6828979,0.14158973,16.247412,-26.62,-7.55,17624.0,105.92722,-34.179913,26.0,14.0,12.8,22.32426,-0.058153152,0.47292414,0.99993056,0.47295702,39.35799,50.802513,9.839498,2.0,-5.0,0.37050024,0.5,-0.2530945,20.5,13.5,2.0,0.0,0.0,0.0,-1.398,3.425,-3.0,1.8748214,0.6577778,-0.894,-0.696375,49.841206,0.0,50.158794,0.0,1.0,-1.0,10.5,-5.0,1.0,-1.0,4299.0
P21817 2163 R H,1.0,7991.661,0.7297868,0.0011787484,0.001179463,0.6438604,0.89815646,0.88668203,0.008202925,0.544655,0.005334465,0.33261463,0.19677712,0.38476974,6.959012,4.522791,0.6828979,0.14158973,16.247412,-26.62,0.17,17624.0,105.92722,-34.179913,26.0,14.0,12.8,22.32426,-0.054662704,0.47292414,0.99993056,0.47295702,39.35799,50.802513,9.839498,6.0,-1.0,0.37050024,0.5,-0.2530945,20.5,3.5,2.0,-1.0,0.0,0.0,-1.398,2.568,0.0,1.8748214,0.6577778,-0.894,-0.696375,49.841206,0.0,50.158794,0.0,1.0,0.0,10.5,-0.1,1.0,-1.0,4299.0
P21817 2168 V M,1.0,7991.661,0.7297868,0.0011787484,0.001179463,0.6438604,0.89815646,0.88668203,0.008072678,0.52451205,0.0064705936,0.38850433,0.068996824,0.33812016,6.848516,5.4860506,0.6204159,0.110911794,15.957166,-28.63,-2.47,17624.0,105.92722,-34.17994,13.0,0.0,4.6,22.32426,-0.050243378,0.47292414,0.99993056,0.47295702,39.35799,50.802513,9.839498,4.0,1.0,0.3420482,0.0,-0.27173322,2.6,1.9,1.0,0.0,0.0,0.0,-1.304,2.461,1.0,1.2477552,0.72888887,-0.826,-0.669,49.841206,0.0,50.158794,0.0,0.0,0.0,5.9,-0.2,0.0,0.0,4299.0
P21817 2206 T R,1.0,7991.661,0.7297868,0.0011787484,0.001179463,0.6438604,0.89815646,0.88668203,0.008356416,0.5974807,0.0041623693,0.2511348,0.28222877,0.41266403,7.089227,3.5290375,0.6551612,0.15306686,15.814609,-24.41,-4.29,17624.0,105.92722,-34.17992,26.0,9.333333,7.2,22.32426,-0.04396248,0.47292414,0.99993056,0.47295702,39.35799,50.802513,9.839498,7.0,4.0,0.37458557,0.5,-0.35698026,11.3,-2.2,3.0,-1.0,0.0,0.0,-1.245,2.198,-1.0,2.1817484,0.9777778,-0.833,-0.7866667,49.841206,0.0,50.158794,0.0,0.0,1.0,8.6,1.9,0.0,1.0,4299.0
P21817 2206 T M,1.0,7991.661,0.7297868,0.0011787484,0.001179463,0.6438604,0.89815646,0.88668203,0.008356416,0.5974807,0.0041623693,0.2511348,0.28222877,0.41266403,7.089227,3.5290375,0.6551612,0.15306686,15.814609,-24.41,-6.91,17624.0,105.92722,-34.17997,26.0,9.333333,7.2,22.32426,-0.049777985,0.47292414,0.99993056,0.47295702,39.35799,50.802513,9.839498,4.0,1.0,0.37458557,0.5,-0.35698026,11.3,0.1,3.0,0.0,0.0,0.0,-1.245,2.97,-1.0,2.1817484,0.9777778,-0.833,-0.7866667,49.841206,0.019849146,50.158794,-0.019849146,0.0,0.0,8.6,-2.9,0.0,0.0,4299.0
P21817 2336 R H,1.0,7991.661,0.7297868,0.0011787484,0.001179463,0.6438604,0.89815646,0.88668203,0.009237458,0.79039943,0.000672575,0.05254199,0.13600771,0.36487237,7.836666,0.57023835,0.6451344,0.18117383,16.698505,-31.24,0.9,17624.0,105.92722,-34.179993,10.0,1.3333334,4.4,22.32426,-0.049777985,0.47292414,0.99993056,0.47295702,39.35799,50.802513,9.839498,6.0,-1.0,0.17112052,0.5,-0.42355022,19.4,-16.2,5.0,0.0,0.0,0.0,-2.267,2.11,0.0,2.1335354,0.94222224,-0.852,-0.7207,49.841206,0.0,50.158794,0.0,1.0,0.0,10.5,-0.1,1.0,-1.0,4299.0
P21817 2350 A T,1.0,7991.661,0.7297868,0.0011787484,0.001179463,0.6438604,0.89815646,0.88668203,0.009090865,0.756128,0.0007326374,0.057818882,0.14338402,0.36722746,7.712302,0.6211618,0.5881371,0.19114177,16.599825,-22.38,-0.03,17624.0,105.92722,-34.179928,24.0,13.666667,10.6,22.32426,-0.0488472,0.47292414,0.99993056,0.47295702,39.35799,50.802513,9.839498,3.0,2.0,0.26325983,1.0,-0.7326209,7.4,-4.2,2.0,2.0,0.0,0.0,-2.001,1.167,0.0,0.5939549,0.16444445,-0.759,-0.7738,49.841206,-0.019849146,50.158794,0.019849146,0.0,0.0,8.1,0.5,0.0,0.0,4299.0
P21817 2355 R W,1.0,7991.661,0.7297868,0.0011787484,0.001179463,0.6438604,0.89815646,0.88668203,0.009123562,0.76214254,0.0009775229,0.069961414,0.32523832,0.42390966,7.7400413,0.82878643,0.46618253,0.2125003,15.129432,-25.64,-2.61,17624.0,105.92722,-34.17992,22.0,11.0,5.8,22.32426,-0.053266525,0.47292414,0.99993056,0.47295702,39.35799,50.802513,9.839498,10.0,3.0,0.2447234,0.5,-0.92685044,29.8,6.3,3.0,-1.0,0.0,0.0,-2.254,2.934,-3.0,2.2152145,0.80444443,-0.76,-0.71825,49.841206,0.019849146,50.158794,-0.019849146,1.0,-1.0,10.5,-5.1,1.0,-1.0,4299.0
P21817 2375 G A,1.0,7991.661,0.7297868,0.0011787484,0.001179463,0.6438604,0.89815646,0.88668203,0.009412973,0.8077054,0.001840401,0.14758284,0.467601,0.46553957,7.9855657,1.5603719,0.34505576,0.19441839,12.980923,-13.97,-3.12,17624.0,105.92722,-34.179913,8.0,5.6666665,5.4,22.32426,-0.051639557,0.47292414,0.99993056,0.47295702,39.35799,50.802513,9.839498,1.0,1.0,0.38960335,1.0,-0.45620787,49.5,-0.7,1.0,0.0,0.0,0.0,-1.804,-0.306,0.0,,,-0.815,-0.45857143,49.841206,0.0,50.158794,0.0,0.0,0.0,9.0,-0.9,0.0,0.0,4299.0
P21817 2428 A T,1.0,7991.661,0.7297868,0.0011787484,0.001179463,0.6438604,0.89815646,0.88668203,0.009489046,0.8170676,0.001344878,0.111211985,0.13311394,0.36429194,8.050102,1.140246,0.58721465,0.17362215,16.602365,-33.51,3.99,17624.0,105.92722,-34.180023,17.0,5.3333335,7.4,22.32426,-0.04814911,0.47292414,0.99993056,0.47295702,39.35799,50.802513,9.839498,3.0,2.0,0.30790427,0.5,-0.4255773,7.1,1.0,2.0,2.0,0.0,0.0,-1.175,1.757,0.0,,,-0.787,-0.77763635,49.841206,-0.019849146,50.158794,0.019849146,0.0,0.0,8.1,0.5,0.0,0.0,4299.0
P21817 2434 G R,1.0,7991.661,0.7297868,0.0011787484,0.001179463,0.6438604,0.89815646,0.88668203,0.009516034,0.8201884,0.001477197,0.123468,0.12153881,0.3602058,8.072998,1.2524319,0.639756,0.15556486,16.673723,-26.75,-5.64,17624.0,105.92722,-34.179657,11.0,8.333333,3.8,22.32426,-0.03489113,0.47292414,0.99993056,0.47295702,39.35799,50.802513,9.839498,7.0,7.0,0.27333835,0.5,-0.485742,0.4,-0.4,2.0,2.0,0.0,0.0,-0.921,2.747,-2.0,,,-0.881,-0.8677273,49.841206,-0.019849146,50.158794,0.019849146,0.0,1.0,9.0,1.5,0.0,0.0,4299.0
P21817 2435 R H,1.0,7991.661,0.7297868,0.0011787484,0.001179463,0.6438604,0.89815646,0.88668203,0.009329181,0.80152065,0.0010310941,0.07387653,0.1272129,0.3622845,7.91448,0.87420636,0.6214149,0.16150698,16.343117,-30.11,-0.27,17624.0,105.92722,-34.179836,18.0,6.0,3.0,22.32426,-0.055826187,0.47292414,0.99993056,0.47295702,39.35799,50.802513,9.839498,6.0,-1.0,0.26990125,0.5,-0.4441771,13.7,-2.8,6.0,-2.0,0.0,0.0,-1.398,2.568,0.0,,,-0.894,-0.8506,49.841206,0.0,50.158794,0.0,1.0,0.0,10.5,-0.1,1.0,-1.0,4299.0
P21817 2452 R W,1.0,7991.661,0.7297868,0.0011787484,0.001179463,0.6438604,0.89815646,0.88668203,0.009215283,0.7846686,0.0017930295,0.14491603,0.3558216,0.43445763,7.817854,1.5202084,0.35293412,0.19376892,13.090363,-23.66,-0.51,17624.0,105.92722,-34.180138,18.0,6.0,5.2,22.32426,-0.050476074,0.47292414,0.99993056,0.47295702,39.35799,50.802513,9.839498,10.0,3.0,0.3160984,0.5,-0.85999745,57.9,-21.2,2.0,0.0,0.0,0.0,-1.398,3.66,-3.0,,,-0.894,-0.74366665,49.841206,0.019849146,50.158794,-0.019849146,1.0,-1.0,10.5,-5.1,1.0,-1.0,4299.0
P21817 2454 R C,1.0,7991.661,0.7297868,0.0011787484,0.001179463,0.6438604,0.89815646,0.88668203,0.00934676,0.8027122,0.0017155239,0.1386178,0.26736268,0.40810862,7.9293933,1.4544957,0.48057428,0.16813822,14.806445,-30.82,-10.89,17624.0,105.92722,-34.18013,28.0,9.0,6.2,22.32426,-0.05698967,0.47292414,0.99993056,0.47295702,39.35799,50.802513,9.839498,2.0,-5.0,0.33438835,0.5,-0.61051047,20.0,-11.3,3.0,0.0,0.0,0.0,-1.398,3.425,-3.0,,,-0.852,-0.7891,49.841206,0.0,50.158794,0.0,1.0,-1.0,10.5,-5.0,1.0,-1.0,4299.0
P21817 2454 R H,1.0,7991.661,0.7297868,0.0011787484,0.001179463,0.6438604,0.89815646,0.88668203,0.00934676,0.8027122,0.0017155239,0.1386178,0.26736268,0.40810862,7.9293933,1.4544957,0.48057428,0.16813822,14.806445,-30.82,-0.72,17624.0,105.92722,-34.18018,28.0,9.0,6.2,22.32426,-0.05001068,0.47292414,0.99993056,0.47295702,39.35799,50.802513,9.839498,6.0,-1.0,0.33438835,0.5,-0.61051047,20.0,-14.5,3.0,-1.0,0.0,0.0,-1.398,2.568,0.0,,,-0.852,-0.7891,49.841206,0.0,50.158794,0.0,1.0,0.0,10.5,-0.1,1.0,-1.0,4299.0
P21817 2458 R C,1.0,7991.661,0.7297868,0.0011787484,0.001179463,0.6438604,0.89815646,0.88668203,0.009414799,0.80787563,0.0019107991,0.15036315,0.30526555,0.41857642,7.987114,1.6200585,0.46957308,0.1662219,14.527016,-26.91,-10.17,17624.0,105.92722,-34.18003,31.0,15.666667,11.0,22.32426,-0.059314728,0.47292414,0.99993056,0.47295702,39.35799,50.802513,9.839498,2.0,-5.0,0.4060896,0.5,-0.58358836,26.7,5.8,1.0,1.0,0.0,0.0,-1.398,3.425,-3.0,,,-0.894,-0.7074,49.841206,0.0,50.158794,0.0,1.0,-1.0,10.5,-5.0,1.0,-1.0,4299.0
P21817 2458 R H,1.0,7991.661,0.7297868,0.0011787484,0.001179463,0.6438604,0.89815646,0.88668203,0.009414799,0.80787563,0.0019107991,0.15036315,0.30526555,0.41857642,7.987114,1.6200585,0.46957308,0.1662219,14.527016,-26.91,1.03,17624.0,105.92722,-34.18005,31.0,15.666667,11.0,22.32426,-0.05349922,0.47292414,0.99993056,0.47295702,39.35799,50.802513,9.839498,6.0,-1.0,0.4060896,0.5,-0.58358836,26.7,0.2,1.0,1.0,0.0,0.0,-1.398,2.568,0.0,,,-0.894,-0.7074,49.841206,0.0,50.158794,0.0,1.0,0.0,10.5,-0.1,1.0,-1.0,4299.0
P21817 2508 R C,1.0,7991.661,0.7297868,0.0011787484,0.001179463,0.6438604,0.89815646,0.88668203,0.00967336,0.841069,0.0018320641,0.1469587,0.2527803,0.40349394,8.206467,1.5533036,0.5806394,0.12708,16.335958,-30.38,-8.0,17624.0,105.92722,-34.179665,28.0,8.333333,3.4,22.32426,-0.060943604,0.47292414,0.99993056,0.47295702,39.35799,50.802513,9.839498,2.0,-5.0,0.2768528,0.5,-0.41723344,15.1,10.6,3.0,-1.0,0.0,0.0,-1.398,3.425,-3.0,,,-0.894,-0.78955555,49.841206,0.0,50.158794,0.0,1.0,-1.0,10.5,-5.0,1.0,-1.0,4299.0
P21817 2508 R G,1.0,7991.661,0.7297868,0.0011787484,0.001179463,0.6438604,0.89815646,0.88668203,0.00967336,0.841069,0.0018320641,0.1469587,0.2527803,0.40349394,8.206467,1.5533036,0.5806394,0.12708,16.335958,-30.38,7.22,17624.0,105.92722,-34.17611,28.0,8.333333,3.4,22.32426,-0.022096634,0.47292414,0.99993056,0.47295702,39.35799,50.802513,9.839498,0.0,-7.0,0.2768528,0.5,-0.41723344,15.1,12.3,3.0,-2.0,0.0,0.0,-1.398,1.696,-2.0,,,-0.894,-0.78955555,49.841206,0.019849146,50.158794,-0.019849146,1.0,-1.0,10.5,-1.5,1.0,-1.0,4299.0
P21817 2508 R H,1.0,7991.661,0.7297868,0.0011787484,0.001179463,0.6438604,0.89815646,0.88668203,0.00967336,0.841069,0.0018320641,0.1469587,0.2527803,0.40349394,8.206467,1.5533036,0.5806394,0.12708,16.335958,-30.38,1.01,17624.0,105.92722,-34.1798,28.0,8.333333,3.4,22.32426,-0.057920456,0.47292414,0.99993056,0.47295702,39.35799,50.802513,9.839498,6.0,-1.0,0.2768528,0.5,-0.41723344,15.1,13.0,3.0,-2.0,0.0,0.0,-1.398,2.568,0.0,,,-0.894,-0.78955555,49.841206,0.0,50.158794,0.0,1.0,0.0,10.5,-0.1,1.0,-1.0,4299.0
P21817 3104 E K,1.0,7991.661,0.7297868,0.0011787484,0.001179463,0.6438604,0.89815646,0.88668203,0.012070195,0.9790626,0.0074312454,0.4446777,0.8099183,0.6648957,10.23984,6.300533,0.1678697,1.1138225,13.6214285,-20.02,2.8,17624.0,105.92722,-34.179787,37.0,17.666666,9.6,22.32426,-0.05373192,0.47292414,0.99993056,0.47295702,39.35799,50.802513,9.839498,5.0,0.0,0.43496025,0.5,1.522032,23.5,12.7,3.0,-1.0,0.0,0.0,-1.255,1.487,1.0,,,-0.553,-0.34577778,49.841206,0.0,50.158794,0.0,1.0,0.0,12.3,-1.0,-1.0,2.0,4299.0
P21817 3990 G V,1.0,7991.661,0.7297868,0.0011787484,0.001179463,0.6438604,0.89815646,0.88668203,0.005242969,0.32574898,0.0012187267,0.09810486,0.07960735,0.34389892,4.4479117,1.0332896,0.4478525,0.16475715,15.4991665,-20.07,-7.44,17624.0,105.92722,-34.180046,31.0,14.666667,8.6,22.32426,-0.049079895,0.47292414,0.99993056,0.47295702,39.35799,50.802513,9.839498,3.0,3.0,0.32234383,0.5,-1.4711242,14.9,11.9,2.0,0.0,0.0,0.0,-0.921,2.568,-3.0,2.317574,0.9831933,-0.878,-0.8328889,49.841206,0.0,50.158794,0.0,0.0,0.0,9.0,-3.1,0.0,0.0,4299.0
P21817 4796 Y C,1.0,7991.661,0.7297868,0.0011787484,0.001179463,0.6438604,0.89815646,0.88668203,0.00082132313,0.062074445,0.000576201,0.04647072,0.045279164,0.32216343,0.69677556,0.48852822,0.17437498,0.29203627,15.238526,-25.68,-6.3,17624.0,105.92722,-34.180054,18.0,6.6666665,5.8,22.32426,-0.060012817,0.47292414,0.99993056,0.47295702,39.35799,50.802513,9.839498,2.0,-6.0,0.2661809,0.5,-0.46564627,2.0,9.5,3.0,0.0,0.0,0.0,-1.282,3.316,-2.0,1.9661282,0.6864865,-0.872,-0.4441111,49.841206,0.0,50.158794,0.0,0.0,0.0,6.2,-0.7,0.0,0.0,4299.0
P21817 4826 T I,1.0,7991.661,0.7297868,0.0011787484,0.001179463,0.6438604,0.89815646,0.88668203,0.00071718363,0.055265546,0.00032936377,0.027178846,0.031150704,0.30970028,0.60842806,0.2792489,0.1759348,0.22474363,12.158442,-24.4,-7.38,17624.0,105.92722,-34.18006,21.0,11.666667,6.4,22.32426,-0.051174164,0.47292414,0.99993056,0.47295702,39.35799,50.802513,9.839498,4.0,1.0,0.36371234,0.5,-0.92837834,10.2,3.6,4.0,-1.0,0.0,0.0,-1.245,2.051,-1.0,2.1647074,0.7945946,-0.896,-0.8488,49.841206,0.019849146,50.158794,-0.019849146,0.0,0.0,8.6,-3.4,0.0,0.0,4299.0
P21817 4833 H Y,1.0,7991.661,0.7297868,0.0011787484,0.001179463,0.6438604,0.89815646,0.88668203,0.0005543434,0.044768497,0.0003995571,0.032625966,0.123694964,0.3610408,0.4702813,0.33876187,0.15749706,0.2575145,12.255718,-18.74,1.55,17624.0,105.92722,-34.180073,27.0,9.0,7.2,22.32426,-0.047685623,0.47292414,0.99993056,0.47295702,39.35799,50.802513,9.839498,8.0,2.0,0.3714727,0.5,-1.0011044,60.3,-5.6,1.0,1.0,0.0,0.0,-1.433,1.565,2.0,2.0268571,0.5837838,-0.893,-0.8707143,49.841206,0.0,50.158794,0.0,1.0,-1.0,10.4,-4.2,0.0,0.0,4299.0
P21817 4838 L V,1.0,7991.661,0.7297868,0.0011787484,0.001179463,0.6438604,0.89815646,0.88668203,0.00024148218,0.018667726,0.00046448212,0.038867455,0.014185202,0.29205078,0.20486319,0.39380813,0.103624575,0.42839083,12.556563,-24.25,2.67,17624.0,105.92722,-34.180023,14.0,5.6666665,4.4,22.32426,-0.050941467,0.47292414,0.99993056,0.47295702,39.35799,50.802513,9.839498,3.0,-1.0,0.37929633,0.5,-0.7373729,24.5,-5.3,2.0,0.0,0.0,0.0,-1.208,1.381,1.0,1.1129947,0.12432432,-0.8,-0.7359,49.841206,0.0,50.158794,0.0,0.0,0.0,4.9,1.0,0.0,0.0,4299.0
P21817 4849 V I,1.0,7991.661,0.7297868,0.0011787484,0.001179463,0.6438604,0.89815646,0.88668203,2.5929128e-05,0.0018724466,0.0004908577,0.04079664,0.014355425,0.29258657,0.021997167,0.41617048,0.04156631,1.2907637,13.142534,-30.23,-3.39,17624.0,105.92722,-34.18008,28.0,8.666667,5.0,22.32426,-0.051174164,0.47292414,0.99993056,0.47295702,39.35799,50.802513,9.839498,4.0,1.0,0.32958984,0.5,-0.361304,1.6,-0.8,3.0,0.0,0.0,0.0,-1.304,1.092,3.0,1.856616,0.8108108,-0.853,-0.8094,49.841206,0.0,50.158794,0.0,0.0,0.0,5.9,-0.7,0.0,0.0,4299.0
P21817 4861 R H,1.0,7991.661,0.7297868,0.0011787484,0.001179463,0.6438604,0.89815646,0.88668203,6.75787e-05,0.006865638,0.00047935548,0.040002268,0.057932366,0.33285677,0.05733089,0.4064184,0.016674967,2.9925034,12.189273,-31.18,1.19,17624.0,105.92722,-34.18024,21.0,6.6666665,6.2,22.32426,-0.049545288,0.47292414,0.99993056,0.47295702,39.35799,50.802513,9.839498,6.0,-1.0,0.3630137,1.0,0.10082137,40.7,-9.2,1.0,0.0,0.0,0.0,-1.398,2.568,0.0,1.681468,0.53513515,-0.789,-0.8083,49.841206,0.0,50.158794,0.0,1.0,0.0,10.5,-0.1,1.0,-1.0,4299.0
P21817 4898 I T,1.0,7991.661,0.7297868,0.0011787484,0.001179463,0.6438604,0.89815646,0.88668203,7.412349e-05,0.00839764,0.00030596348,0.025136178,0.0014185202,0.2632483,0.06288321,0.25940913,0.03213194,1.671524,13.655568,-16.02,-0.15,17624.0,105.92722,-34.18001,20.0,14.333333,8.0,22.32426,-0.053964615,0.47292414,0.99993056,0.47295702,39.35799,50.802513,9.839498,3.0,-1.0,0.47295067,1.0,-0.20839044,0.1,2.5,2.0,0.0,0.0,0.0,-1.436,1.721,-1.0,1.0577719,0.37297297,-0.895,-0.8459167,49.841206,-0.019849146,50.158794,0.019849146,0.0,0.0,5.2,3.4,0.0,0.0,4299.0
P21817 933 A T,0.0,7991.661,0.7297868,0.0011787484,0.001179463,0.6438604,0.89815646,0.88668203,0.009618222,0.8338629,0.0098873135,0.8660349,0.8926464,0.77901334,8.15969,8.382894,0.14784147,0.30863446,13.203048,-15.52,1.18,17624.0,105.92722,-34.179947,12.0,12.666667,12.6,22.32426,-0.050243378,0.47292414,0.99993056,0.47295702,39.35799,50.802513,9.839498,3.0,2.0,0.46341792,0.5,1.4368228,49.2,-4.8,1.0,1.0,0.0,0.0,-1.358,1.858,0.0,2.1108453,0.84782606,-0.756,-0.382875,49.841206,-0.019849146,50.158794,0.019849146,0.0,0.0,8.1,0.5,0.0,0.0,4299.0
P21817 1667 R C,0.0,7991.661,0.7297868,0.0011787484,0.001179463,0.6438604,0.89815646,0.88668203,0.008125328,0.5313209,0.0076689473,0.46164322,0.1092828,0.35568562,6.8931828,6.5020666,0.5962721,0.051817074,15.709601,-22.22,-9.78,17624.0,105.92722,-34.17989,23.0,13.666667,13.2,22.32426,-0.054662704,0.47292414,0.99993056,0.47295702,39.35799,50.802513,9.839498,2.0,-5.0,0.34392044,0.5,-0.23270835,41.7,-8.5,2.0,1.0,0.0,0.0,-1.905,0.964,-3.0,1.8925241,0.9763441,0.653,-0.26666668,49.841206,0.0,50.158794,0.0,1.0,-1.0,10.5,-5.0,1.0,-1.0,4299.0
P21817 1773 P S,0.0,7991.661,0.7297868,0.0011787484,0.001179463,0.6438604,0.89815646,0.88668203,0.008111821,0.52956194,0.0056446497,0.35820472,0.2600431,0.40557078,6.881723,4.7857795,0.48978066,0.18848234,14.884235,-8.89,-6.43,17624.0,105.92722,-34.179943,31.0,12.333333,8.8,22.32426,-0.05140686,0.47292414,0.99993056,0.47295702,39.35799,50.802513,9.839498,2.0,-1.0,0.57690626,0.5,0.06068723,3.5,0.5,0.0,0.0,0.0,0.0,-1.589,0.298,-1.0,0.17231593,0.086021505,-0.74,-0.19428572,49.841206,-0.019849146,50.158794,0.019849146,0.0,0.0,8.0,1.2,0.0,0.0,4299.0
P21817 2321 I V,0.0,7991.661,0.7297868,0.0011787484,0.001179463,0.6438604,0.89815646,0.88668203,0.009443017,0.81088287,0.0013443483,0.11115524,0.7170903,0.5945532,8.011053,1.1397969,0.32982802,0.26430896,14.070163,-12.4,-2.42,17624.0,105.92722,-34.178326,22.0,11.0,7.4,22.32426,-0.010932922,0.47292414,0.99993056,0.47295702,39.35799,50.802513,9.839498,3.0,-1.0,0.26444474,1.0,-0.42392883,33.2,5.2,0.0,0.0,0.0,0.0,-1.436,0.703,3.0,1.4258193,0.20444444,-0.441,-0.6896,49.841206,0.0,50.158794,0.0,0.0,0.0,5.2,0.7,0.0,0.0,4299.0
P21817 2787 T S,0.0,7991.661,0.7297868,0.0011787484,0.001179463,0.6438604,0.89815646,0.88668203,0.01203938,0.9699841,0.006948897,0.421414,0.98172945,1.0395685,10.213697,5.891577,0.06124713,0.48989093,11.191282,-28.01,0.58,17624.0,105.92722,-34.179985,31.0,14.666667,11.8,22.32426,-0.05419731,0.47292414,0.99993056,0.47295702,39.35799,50.802513,9.839498,2.0,-1.0,0.52727956,0.0,0.85842764,10.7,-2.7,3.0,-1.0,0.0,0.0,-1.398,0.517,1.0,2.3585064,0.5652174,0.345,0.43969232,49.841206,0.0,50.158794,0.0,0.0,0.0,8.6,0.6,0.0,0.0,4299.0
P21817 3583 E Q,0.0,7991.661,0.7297868,0.0011787484,0.001179463,0.6438604,0.89815646,0.88668203,0.010683566,0.8968452,0.008677893,0.6674989,0.88640493,0.76640856,9.063482,7.3574953,0.05858162,1.2108705,11.357657,-13.53,2.02,17624.0,105.92722,-34.179966,42.0,13.0,8.0,22.32426,-0.052337646,0.47292414,0.99993056,0.47295702,39.35799,50.802513,9.839498,5.0,0.0,0.4903414,1.0,0.57178366,79.6,-1.4,1.0,0.0,0.0,0.0,-1.912,1.522,2.0,,,1.67,0.7448,49.841206,0.0,50.158794,0.0,1.0,-1.0,12.3,-1.8,-1.0,1.0,4299.0
P21817 1832 G A,0.0,7991.661,0.7297868,0.0011787484,0.001179463,0.6438604,0.89815646,0.88668203,0.008240489,0.55327964,0.007648765,0.45823875,0.23717658,0.39815465,6.9908805,6.4849553,0.49800205,0.05328272,15.603199,-14.8,-2.87,17624.0,105.92722,-34.179916,45.0,20.333334,11.0,22.32426,-0.05210495,0.47292414,0.99993056,0.47295702,39.35799,50.802513,9.839498,1.0,1.0,0.454493,1.0,-0.06859872,79.8,-6.1,0.0,0.0,0.0,0.0,-0.763,1.945,0.0,0.13502951,0.07096774,-0.787,-0.328125,49.841206,0.0,50.158794,0.0,0.0,0.0,9.0,-0.9,0.0,0.0,4299.0
P21817 2550 L V,0.0,7991.661,0.7297868,0.0011787484,0.001179463,0.6438604,0.89815646,0.88668203,0.010165672,0.8844757,0.002595193,0.17618021,0.4086473,0.45053446,8.624124,2.2003174,0.48632944,0.12081493,15.898907,-34.88,3.44,17624.0,105.92722,-34.179966,28.0,7.0,2.2,22.32426,-0.052570343,0.47292414,0.99993056,0.47295702,39.35799,50.802513,9.839498,3.0,-1.0,0.3754449,0.5,0.09162774,7.3,3.3,2.0,0.0,0.0,0.0,-1.318,1.347,1.0,,,-0.245,-0.6991,49.841206,0.0,50.158794,0.0,0.0,0.0,4.9,1.0,0.0,0.0,4299.0
P21817 140 A T,0.0,7991.661,0.7297868,0.0011787484,0.001179463,0.6438604,0.89815646,0.88668203,0.0030705053,0.20137313,0.008286465,0.5688266,0.50828415,0.47836187,2.6048858,7.0256248,0.15673032,0.09801917,13.6062975,-11.53,-2.17,17624.0,105.92722,-34.180023,22.0,17.666666,15.6,22.32426,-0.050476074,0.47292414,0.99993056,0.47295702,39.35799,50.802513,9.839498,3.0,2.0,0.4254506,1.0,-1.1316196,35.8,-6.0,1.0,0.0,0.0,0.0,-1.634,0.464,0.0,1.97691,0.71568626,0.358,-0.18816666,49.841206,-0.019849146,50.158794,0.019849146,0.0,0.0,8.1,0.5,0.0,0.0,4299.0
P21817 816 P L,0.0,7991.661,0.7297868,0.0011787484,0.001179463,0.6438604,0.89815646,0.88668203,0.009246235,0.7917612,0.009463859,0.81286883,0.6785633,0.56967,7.844112,8.02387,0.30239138,0.2556096,13.852452,-5.08,-5.74,17624.0,105.92722,-34.179775,27.0,17.666666,13.4,22.32426,-0.050941467,0.47292414,0.99993056,0.47295702,39.35799,50.802513,9.839498,4.0,1.0,0.49945033,1.0,1.3887877,35.8,-5.3,0.0,0.0,0.0,0.0,-1.066,2.058,-3.0,,,-0.861,-0.321875,49.841206,0.0,50.158794,0.0,0.0,0.0,8.0,-3.1,0.0,0.0,4299.0
P21817 1075 R Q,0.0,7991.661,0.7297868,0.0011787484,0.001179463,0.6438604,0.89815646,0.88668203,0.008809656,0.6929187,0.0093908515,0.80554926,0.30344984,0.41795743,7.4737372,7.9619718,0.68941516,0.077530734,17.051226,-28.4,7.13,17624.0,105.92722,-34.179802,14.0,9.666667,8.6,22.32426,-0.056058884,0.47292414,0.99993056,0.47295702,39.35799,50.802513,9.839498,5.0,-2.0,0.4075141,0.0,0.24579465,1.1,0.9,5.0,-3.0,0.0,0.0,-1.101,2.204,1.0,,,-0.724,-0.28745455,49.841206,0.0,50.158794,0.0,1.0,-1.0,10.5,0.0,1.0,-1.0,4299.0
P21817 1571 I V,0.0,7991.661,0.7297868,0.0011787484,0.001179463,0.6438604,0.89815646,0.88668203,0.008583683,0.63481617,0.009060481,0.7465388,0.52349067,0.48446336,7.2820306,7.6818695,0.2850408,0.104694545,15.006138,-21.26,2.94,17624.0,105.92722,-34.17658,23.0,11.666667,11.0,22.32426,-0.013723373,0.47292414,0.99993056,0.47295702,39.35799,50.802513,9.839498,3.0,-1.0,0.48212823,0.0,0.43183434,17.8,-5.4,2.0,0.0,0.0,0.0,-1.842,0.026,3.0,,,0.276,0.2250909,49.841206,0.0,50.158794,0.0,0.0,0.0,5.2,0.7,0.0,0.0,4299.0
P21817 1679 R H,0.0,7991.661,0.7297868,0.0011787484,0.001179463,0.6438604,0.89815646,0.88668203,0.008231652,0.55066955,0.0074823643,0.44700408,0.28983206,0.41456267,6.9833827,6.3438735,0.65721565,0.12517424,16.047625,-18.65,1.72,17624.0,105.92722,-34.17998,30.0,18.666666,14.2,22.32426,-0.051872253,0.47292414,0.99993056,0.47295702,39.35799,50.802513,9.839498,6.0,-1.0,0.29290086,0.5,0.08912366,44.3,10.3,0.0,0.0,0.0,0.0,-1.101,2.985,0.0,0.4726426,0.22365591,-0.63,-0.35285714,49.841206,0.0,50.158794,0.0,1.0,0.0,10.5,-0.1,1.0,-1.0,4299.0
P21817 2224 R C,0.0,7991.661,0.7297868,0.0011787484,0.001179463,0.6438604,0.89815646,0.88668203,0.008546852,0.62556744,0.0033109933,0.2128915,0.9150023,0.8249514,7.250785,2.807204,0.30017135,0.15545408,12.291832,-11.63,-1.74,17624.0,105.92722,-34.17996,17.0,5.3333335,4.4,22.32426,-0.052337646,0.47292414,0.99993056,0.47295702,39.35799,50.802513,9.839498,2.0,-5.0,0.31935927,1.0,-0.3544011,25.7,40.3,0.0,0.0,0.0,0.0,-1.797,2.708,-3.0,2.6463282,0.52444446,0.18,-0.63566667,49.841206,0.0,50.158794,0.0,1.0,-1.0,10.5,-5.0,0.0,0.0,4299.0
P21817 2342 N S,0.0,7991.661,0.7297868,0.0011787484,0.001179463,0.6438604,0.89815646,0.88668203,0.009086743,0.7551067,0.00030602413,0.025192918,0.5841466,0.5128872,7.7088056,0.25946054,0.40580943,0.19013496,13.455611,-8.64,-1.88,17624.0,105.92722,-34.17991,24.0,12.0,6.0,22.32426,-0.054662704,0.47292414,0.99993056,0.47295702,39.35799,50.802513,9.839498,2.0,-2.0,0.22428386,1.0,-0.3283111,61.3,2.7,1.0,0.0,0.0,0.0,-2.238,1.022,1.0,1.8544381,0.4488889,-0.864,-0.6832,49.841206,0.0,50.158794,0.0,0.0,0.0,11.6,-2.4,0.0,0.0,4299.0
P21817 2606 C S,0.0,7991.661,0.7297868,0.0011787484,0.001179463,0.6438604,0.89815646,0.88668203,0.0105896415,0.8942919,0.003380403,0.216069,0.41886064,0.4536775,8.983801,2.8660524,0.39258477,0.051504176,15.648367,-46.58,15.88,17624.0,105.92722,-34.17996,38.0,14.333333,6.6,22.32426,-0.053035736,0.47292414,0.99993056,0.47295702,39.35799,50.802513,9.839498,2.0,0.0,0.32878467,0.5,0.14962642,3.2,-0.8,4.0,-1.0,0.0,0.0,-1.412,1.709,-1.0,,,-0.646,-0.3930909,49.841206,0.0,50.158794,0.0,0.0,0.0,5.5,3.7,0.0,0.0,4299.0
P21817 2776 S F,0.0,7991.661,0.7297868,0.0011787484,0.001179463,0.6438604,0.89815646,0.88668203,0.012021866,0.9638561,0.006948583,0.4213005,0.9730481,1.0002801,10.198839,5.8913107,0.066352874,0.52070814,11.716711,-5.46,0.07,17624.0,105.92722,-34.17969,38.0,10.333333,5.2,22.32426,-0.051174164,0.47292414,0.99993056,0.47295702,39.35799,50.802513,9.839498,7.0,5.0,0.34071657,0.0,0.9212149,50.8,14.0,1.0,0.0,0.0,0.0,-1.667,2.211,-2.0,2.095308,0.2173913,0.262,-0.0648,49.841206,0.019849146,50.158794,-0.019849146,0.0,0.0,9.2,-4.0,0.0,0.0,4299.0
P21817 3366 R H,0.0,7991.661,0.7297868,0.0011787484,0.001179463,0.6438604,0.89815646,0.88668203,0.011304097,0.91721517,0.0084806215,0.6138788,0.7369496,0.6078004,9.589914,7.1902394,0.122207224,0.96483856,14.180068,-25.11,3.17,17624.0,105.92722,-34.180252,15.0,3.6666667,4.6,22.32426,-0.047452927,0.47292414,0.99993056,0.47295702,39.35799,50.802513,9.839498,6.0,-1.0,0.42083865,0.5,0.55219156,25.5,-17.9,2.0,1.0,0.0,0.0,-1.926,2.414,0.0,,,0.162,-0.2911,49.841206,0.0,50.158794,0.0,1.0,0.0,10.5,-0.1,1.0,-1.0,4299.0
P21817 3367 K R,0.0,7991.661,0.7297868,0.0011787484,0.001179463,0.6438604,0.89815646,0.88668203,0.011344348,0.9197685,0.008470689,0.6120631,0.81110984,0.6664285,9.624062,7.1818185,0.10610993,1.0742347,13.1550255,-21.22,-6.5,17624.0,105.92722,-34.179714,13.0,5.6666665,4.2,22.32426,-0.052337646,0.47292414,0.99993056,0.47295702,39.35799,50.802513,9.839498,7.0,2.0,0.43557078,0.5,0.6033333,65.2,11.1,1.0,0.0,0.0,0.0,-1.394,0.576,2.0,,,-0.481,-0.09775,49.841206,0.0,50.158794,0.0,1.0,0.0,11.3,-0.8,1.0,0.0,4299.0
P21817 3539 R H,0.0,7991.661,0.7297868,0.0011787484,0.001179463,0.6438604,0.89815646,0.88668203,0.010844045,0.9051294,0.008688229,0.6716977,0.8171811,0.67251927,9.199626,7.3662586,0.06705424,0.91369766,12.844735,-27.9,0.35,17624.0,105.92722,-34.179565,37.0,17.666666,10.6,22.32426,-0.045591354,0.47292414,0.99993056,0.47295702,39.35799,50.802513,9.839498,6.0,-1.0,0.39379317,0.5,-0.07966159,3.3,6.2,2.0,0.0,0.0,0.0,-1.565,2.605,0.0,,,-0.478,0.1208,49.841206,0.0,50.158794,0.0,1.0,0.0,10.5,-0.1,0.0,0.0,4299.0
P21817 4104 G R,0.0,7991.661,0.7297868,0.0011787484,0.001179463,0.6438604,0.89815646,0.88668203,0.0039275666,0.2398434,0.00020777859,0.016625056,0.6631298,0.5612249,3.3319802,0.17616372,0.16214731,0.32045805,11.98204,-10.92,-7.05,17624.0,105.92722,-34.179676,35.0,16.0,11.4,22.32426,-0.05070877,0.47292414,0.99993056,0.47295702,39.35799,50.802513,9.839498,7.0,7.0,0.406204,0.5,-1.062478,40.1,29.1,1.0,1.0,0.0,0.0,-1.919,1.771,-2.0,,,0.285,-0.21883333,49.841206,-0.019849146,50.158794,0.019849146,0.0,1.0,9.0,1.5,0.0,1.0,4299.0
P21817 4136 R S,0.0,7991.661,0.7297868,0.0011787484,0.001179463,0.6438604,0.89815646,0.88668203,0.0045070974,0.27553338,0.0010925593,0.080288246,0.18032229,0.37958193,3.8236294,0.92631924,0.4780367,0.18868747,15.49327,-25.36,4.97,17624.0,105.92722,-34.180202,27.0,13.0,9.0,22.32426,-0.055360794,0.47292414,0.99993056,0.47295702,39.35799,50.802513,9.839498,2.0,-5.0,0.32336876,0.5,-1.2051661,23.6,7.0,2.0,1.0,0.0,0.0,-1.77,1.321,-1.0,,,-0.558,-0.794125,49.841206,0.0,50.158794,0.0,1.0,-1.0,10.5,-1.3,1.0,-1.0,4299.0
P21817 4723 R H,0.0,7991.661,0.7297868,0.0011787484,0.001179463,0.6438604,0.89815646,0.88668203,0.0013547572,0.11172265,0.0023050997,0.16591012,0.31667045,0.4216293,1.1493183,1.9543636,0.30275983,0.11292354,14.888974,-29.75,3.8,17624.0,105.92722,-34.179855,22.0,9.0,9.2,22.32426,-0.05373192,0.47292414,0.99993056,0.47295702,39.35799,50.802513,9.839498,6.0,-1.0,0.4234416,0.5,-0.9587813,25.9,7.4,1.0,0.0,0.0,0.0,-1.398,2.568,0.0,,,-0.125,-0.29357144,49.841206,0.0,50.158794,0.0,1.0,0.0,10.5,-0.1,1.0,-1.0,4299.0
P21817 893 G S,0.0,7991.661,0.7297868,0.0011787484,0.001179463,0.6438604,0.89815646,0.88668203,0.009789135,0.8591693,0.0100596715,0.8815252,0.9918861,1.1162009,8.304686,8.529026,0.04492594,0.6030208,11.797864,-11.78,-1.01,17624.0,105.92722,-34.179848,17.0,14.666667,12.8,22.32426,-0.05210495,0.47292414,0.99993056,0.47295702,39.35799,50.802513,9.839498,2.0,2.0,0.36428607,1.0,2.330865,21.2,19.2,1.0,0.0,0.0,0.0,-0.763,2.253,0.0,0.58314097,0.04347826,-0.397,0.5143333,49.841206,-0.019849146,50.158794,0.019849146,0.0,0.0,9.0,0.2,0.0,0.0,4299.0
P21817 1109 R K,0.0,7991.661,0.7297868,0.0011787484,0.001179463,0.6438604,0.89815646,0.88668203,0.008831473,0.6988198,0.00945355,0.8114503,0.70891964,0.5895845,7.492246,8.01513,0.47440666,0.062828735,14.804594,-15.09,7.05,17624.0,105.92722,-34.179985,14.0,2.0,5.4,22.32426,-0.05419731,0.47292414,0.99993056,0.47295702,39.35799,50.802513,9.839498,5.0,-2.0,0.43288168,1.0,0.20718937,48.7,15.3,0.0,0.0,0.0,0.0,-1.933,0.244,2.0,2.398379,0.5534591,1.145,0.4826,49.841206,0.0,50.158794,0.0,1.0,0.0,10.5,0.8,1.0,0.0,4299.0
P21817 3647 H Q,0.0,7991.661,0.7297868,0.0011787484,0.001179463,0.6438604,0.89815646,0.88668203,0.007836195,0.48887882,0.005023544,0.3058897,0.17203812,0.37688887,6.6478934,4.259179,0.4228112,0.27170375,15.682949,-28.5,3.62,17624.0,105.92722,-34.179943,18.0,11.0,8.6,22.32426,-0.05349922,0.47292414,0.99993056,0.47295702,39.35799,50.802513,9.839498,5.0,-1.0,0.36754522,0.5,0.07446606,15.0,4.0,1.0,1.0,0.0,0.0,-1.6,0.568,0.0,,,-0.692,-0.3045,49.841206,0.0,50.158794,0.0,1.0,-1.0,10.4,0.1,0.0,0.0,4299.0
P21817 3981 H Y,0.0,7991.661,0.7297868,0.0011787484,0.001179463,0.6438604,0.89815646,0.88668203,0.0051091206,0.31383342,0.0015731264,0.13004993,0.3836246,0.4435321,4.33436,1.3337649,0.345991,0.10864955,13.773711,-17.14,1.6,17624.0,105.92722,-34.179886,29.0,9.0,6.8,22.32426,-0.052337646,0.47292414,0.99993056,0.47295702,39.35799,50.802513,9.839498,8.0,2.0,0.40001824,0.5,-1.9115188,82.0,-1.2,2.0,-1.0,0.0,0.0,-1.433,1.565,2.0,2.0799336,0.7478992,-0.853,-0.826,49.841206,0.0,50.158794,0.0,1.0,-1.0,10.4,-4.2,1.0,-1.0,4299.0
P21817 851 V M,0.0,7991.661,0.7297868,0.0011787484,0.001179463,0.6438604,0.89815646,0.88668203,0.009252026,0.79221517,0.0094893975,0.81633,0.5994099,0.52105314,7.8490243,8.045524,0.37470412,0.20147045,15.713031,-11.82,-1.87,17624.0,105.92722,-34.180023,28.0,18.0,16.6,22.32426,-0.046289444,0.47292414,0.99993056,0.47295702,39.35799,50.802513,9.839498,4.0,1.0,0.550589,1.0,1.291489,17.4,-5.4,1.0,0.0,0.0,0.0,-2.215,2.102,1.0,2.3319468,0.9347826,0.034,-0.2771,49.841206,0.0,50.158794,0.0,0.0,0.0,5.9,-0.2,0.0,0.0,4299.0
P21817 27 V M,0.0,7991.661,0.7297868,0.0011787484,0.001179463,0.6438604,0.89815646,0.88668203,0.0034594787,0.21992737,0.008377546,0.59975034,0.7421698,0.6113235,2.9348743,7.102848,0.07649344,0.32485914,12.757711,-12.42,-3.58,17624.0,105.92722,-34.180054,6.0,3.3333333,5.8,22.32426,-0.049545288,0.47292414,0.99993056,0.47295702,39.35799,50.802513,9.839498,4.0,1.0,0.34891877,1.0,-1.1962705,17.0,-1.5,1.0,0.0,0.0,0.0,-1.878,2.274,1.0,2.3497794,0.46568626,1.76,0.033714287,49.841206,0.0,50.158794,0.0,0.0,0.0,5.9,-0.2,0.0,0.0,4299.0
P21817 114 R H,0.0,7991.661,0.7297868,0.0011787484,0.001179463,0.6438604,0.89815646,0.88668203,0.0034125869,0.21782796,0.008296482,0.5736496,0.324217,0.42365322,2.8950934,7.0341177,0.31430072,0.07306405,15.326829,-21.41,1.67,17624.0,105.92722,-34.179974,9.0,5.3333335,6.6,22.32426,-0.052337646,0.47292414,0.99993056,0.47295702,39.35799,50.802513,9.839498,6.0,-1.0,0.41924703,1.0,-1.3160635,38.9,-2.6,1.0,1.0,0.0,0.0,-2.483,1.982,0.0,1.8464527,0.33333334,1.144,-0.17157143,49.841206,0.0,50.158794,0.0,1.0,0.0,10.5,-0.1,1.0,-1.0,4299.0
P21817 370 V L,0.0,7991.661,0.7297868,0.0011787484,0.001179463,0.6438604,0.89815646,0.88668203,0.0044355458,0.27054018,0.008273422,0.56162053,0.8637653,0.73347265,3.762928,7.0145664,0.12385023,0.16456649,12.429233,-9.85,-1.11,17624.0,105.92722,-34.179993,29.0,19.0,17.4,22.32426,-0.051872253,0.47292414,0.99993056,0.47295702,39.35799,50.802513,9.839498,4.0,1.0,0.43317476,1.0,-1.1299787,65.5,-4.5,0.0,0.0,0.0,0.0,-2.617,-0.287,1.0,1.5431198,0.22777778,1.298,0.299,49.841206,0.0,50.158794,0.0,0.0,0.0,5.9,-1.0,0.0,0.0,4299.0
P21817 440 V I,0.0,7991.661,0.7297868,0.0011787484,0.001179463,0.6438604,0.89815646,0.88668203,0.004962089,0.30316615,0.008038776,0.5165683,0.30095324,0.41714734,4.2096252,6.8156233,0.3712991,0.07527183,16.003021,-28.82,-3.56,17624.0,105.92722,-34.179928,25.0,9.666667,6.6,22.32426,-0.050243378,0.47292414,0.99993056,0.47295702,39.35799,50.802513,9.839498,4.0,1.0,0.4575521,0.5,-0.7957403,0.9,-0.1,3.0,0.0,0.0,0.0,-1.514,0.674,3.0,,,-0.102,0.18533333,49.841206,0.0,50.158794,0.0,0.0,0.0,5.9,-0.7,0.0,0.0,4299.0
P21817 751 V M,0.0,7991.661,0.7297868,0.0011787484,0.001179463,0.6438604,0.89815646,0.88668203,0.00901699,0.73797095,0.009205071,0.7815479,0.6243759,0.5359835,7.6496296,7.804459,0.2999881,0.18022656,13.401682,-10.28,-3.05,17624.0,105.92722,-34.179916,34.0,18.333334,14.6,22.32426,-0.052337646,0.47292414,0.99993056,0.47295702,39.35799,50.802513,9.839498,4.0,1.0,0.4244855,1.0,1.2963834,57.5,7.3,1.0,0.0,0.0,0.0,-1.615,2.598,1.0,2.3761802,0.6477987,0.197,-0.39171427,49.841206,0.0,50.158794,0.0,0.0,0.0,5.9,-0.2,0.0,0.0,4299.0
P21817 1061 Q R,0.0,7991.661,0.7297868,0.0011787484,0.001179463,0.6438604,0.89815646,0.88668203,0.009143086,0.7660009,0.009574792,0.827281,0.95392644,0.9364639,7.756605,8.117926,0.052462794,0.14886688,12.004419,-8.2,-4.92,17624.0,105.92722,-34.180206,8.0,2.3333333,2.0,22.32426,-0.04791832,0.47292414,0.99993056,0.47295702,39.35799,50.802513,9.839498,7.0,2.0,0.6844454,1.0,0.7744535,67.3,-19.7,0.0,1.0,0.0,0.0,-2.924,0.926,1.0,,,2.973,2.47975,49.841206,0.0,50.158794,0.0,0.0,1.0,10.5,0.0,0.0,1.0,4299.0
P21817 2252 D E,0.0,7991.661,0.7297868,0.0011787484,0.001179463,0.6438604,0.89815646,0.88668203,0.008811564,0.69348615,0.001472347,0.12307081,0.5398888,0.4914085,7.4753556,1.2483197,0.53279024,0.18346047,14.855139,-14.66,1.03,17624.0,105.92722,-34.179996,13.0,9.333333,5.8,22.32426,-0.052570343,0.47292414,0.99993056,0.47295702,39.35799,50.802513,9.839498,5.0,1.0,0.48131,1.0,-0.6521744,79.1,4.5,0.0,0.0,0.0,0.0,-1.306,0.507,2.0,1.9967827,0.44,-0.591,-0.6983333,49.841206,0.0,50.158794,0.0,1.0,0.0,13.0,-0.7,-1.0,0.0,4299.0
P21817 2558 V M,0.0,7991.661,0.7297868,0.0011787484,0.001179463,0.6438604,0.89815646,0.88668203,0.010229571,0.88691556,0.0027342339,0.18281889,0.30753517,0.4190726,8.678332,2.3182023,0.57364553,0.0792275,16.369926,-32.73,-4.48,17624.0,105.92722,-34.17994,27.0,10.666667,5.6,22.32426,-0.050941467,0.47292414,0.99993056,0.47295702,39.35799,50.802513,9.839498,4.0,1.0,0.41552383,0.5,-0.03347317,0.9,-0.8,1.0,0.0,0.0,0.0,-1.429,2.331,1.0,,,-0.558,-0.54236364,49.841206,0.0,50.158794,0.0,0.0,0.0,5.9,-0.2,0.0,0.0,4299.0
P21817 3028 G S,0.0,7991.661,0.7297868,0.0011787484,0.001179463,0.6438604,0.89815646,0.88668203,0.012035346,0.9682251,0.0066441963,0.4029165,0.9087608,0.8111053,10.210275,5.6332383,0.2740533,0.22949263,12.591123,-8.16,-2.58,17624.0,105.92722,-34.179813,27.0,11.333333,6.0,22.32426,-0.05210495,0.47292414,0.99993056,0.47295702,39.35799,50.802513,9.839498,2.0,2.0,0.5442496,1.0,0.8463405,47.2,15.4,0.0,0.0,0.0,0.0,-1.15,0.826,0.0,,,0.036,0.055,49.841206,-0.019849146,50.158794,0.019849146,0.0,0.0,9.0,0.2,0.0,0.0,4299.0
P21817 3234 N S,0.0,7991.661,0.7297868,0.0011787484,0.001179463,0.6438604,0.89815646,0.88668203,0.01202891,0.96640944,0.007828498,0.48655242,0.9755447,1.0075213,10.204815,6.6373405,0.111779705,1.5353876,11.812404,-5.3,-1.79,17624.0,105.92722,-34.18012,21.0,4.3333335,4.6,22.32426,-0.05280304,0.47292414,0.99993056,0.47295702,39.35799,50.802513,9.839498,2.0,-2.0,0.42285198,1.0,1.9462837,88.8,-6.8,1.0,0.0,0.0,0.0,-2.034,0.228,1.0,,,1.624,0.2845,49.841206,0.0,50.158794,0.0,0.0,0.0,11.6,-2.4,0.0,0.0,4299.0
P21817 3342 A V,0.0,7991.661,0.7297868,0.0011787484,0.001179463,0.6438604,0.89815646,0.88668203,0.0116201695,0.929074,0.008123602,0.5300726,0.7008057,0.5831267,9.858056,6.8875427,0.24764541,0.744981,15.443943,-30.13,-3.45,17624.0,105.92722,-34.17985,13.0,5.6666665,3.6,22.32426,-0.04931259,0.47292414,0.99993056,0.47295702,39.35799,50.802513,9.839498,3.0,2.0,0.49172068,1.0,0.9162453,0.1,-0.1,1.0,0.0,0.0,0.0,-1.337,1.553,0.0,,,-0.279,-0.56622225,49.841206,0.0,50.158794,0.0,0.0,0.0,8.1,-2.2,0.0,0.0,4299.0
P21817 3815 M L,0.0,7991.661,0.7297868,0.0011787484,0.001179463,0.6438604,0.89815646,0.88668203,0.0052595604,0.32654336,0.0026707232,0.17986836,0.068599634,0.3378768,4.461987,2.2643552,0.5652193,0.0542957,15.91904,-34.42,0.99,17624.0,105.92722,-34.179966,14.0,7.6666665,6.0,22.32426,-0.051174164,0.47292414,0.99993056,0.47295702,39.35799,50.802513,9.839498,4.0,0.0,0.3556432,0.5,-1.320233,4.0,2.0,2.0,0.0,0.0,0.0,-1.71,0.484,2.0,,,-0.856,-0.5535,49.841206,0.0,50.158794,0.0,0.0,0.0,5.7,-0.8,0.0,0.0,4299.0
P21817 4034 V M,0.0,7991.661,0.7297868,0.0011787484,0.001179463,0.6438604,0.89815646,0.88668203,0.0047331844,0.28631413,0.0013651921,0.1135951,0.45142987,0.4619475,4.0154324,1.1574693,0.3682272,0.11320544,15.272611,-12.05,-2.56,17624.0,105.92722,-34.17995,26.0,14.0,8.0,22.32426,-0.05280304,0.47292414,0.99993056,0.47295702,39.35799,50.802513,9.839498,4.0,1.0,0.34831175,1.0,-2.0755033,49.5,12.7,1.0,0.0,0.0,0.0,-1.376,2.465,1.0,,,-0.381,-0.8465,49.841206,0.0,50.158794,0.0,0.0,0.0,5.9,-0.2,0.0,0.0,4299.0
P21817 4063 M V,0.0,7991.661,0.7297868,0.0011787484,0.001179463,0.6438604,0.89815646,0.88668203,0.004427764,0.2694621,0.0008809561,0.06536541,0.24687925,0.40176418,3.7563267,0.7469129,0.34283128,0.24535945,15.836421,-29.7,-2.57,17624.0,105.92722,-34.17982,28.0,11.0,9.0,22.32426,-0.053035736,0.47292414,0.99993056,0.47295702,39.35799,50.802513,9.839498,3.0,-1.0,0.35899216,0.5,-1.1843647,5.4,4.8,2.0,0.0,0.0,0.0,-1.71,0.879,1.0,,,-0.774,-0.763375,49.841206,0.0,50.158794,0.0,0.0,0.0,5.7,0.2,0.0,0.0,4299.0
P21817 4084 R H,0.0,7991.661,0.7297868,0.0011787484,0.001179463,0.6438604,0.89815646,0.88668203,0.0040469845,0.24495007,0.00039624257,0.03228552,0.819167,0.67408645,3.433289,0.33595166,0.1150881,0.38796628,10.828282,-14.13,2.87,17624.0,105.92722,-34.17978,28.0,11.666667,9.4,22.32426,-0.056524277,0.47292414,0.99993056,0.47295702,39.35799,50.802513,9.839498,6.0,-1.0,0.47617835,1.0,-0.49761403,54.5,22.1,4.0,-2.0,0.0,0.0,-1.715,2.432,0.0,,,-0.271,0.36975,49.841206,0.0,50.158794,0.0,1.0,0.0,10.5,-0.1,1.0,0.0,4299.0
P21817 4753 A T,0.0,7991.661,0.7297868,0.0011787484,0.001179463,0.6438604,0.89815646,0.88668203,0.0031901912,0.20653655,0.002546162,0.17425102,0.27927825,0.411914,2.7064223,2.1587467,0.255875,0.10980171,13.579583,-19.92,-0.86,17624.0,105.92722,-34.179916,21.0,6.3333335,5.0,22.32426,-0.05070877,0.47292414,0.99993056,0.47295702,39.35799,50.802513,9.839498,3.0,2.0,0.5657961,0.5,-0.8728606,32.7,4.2,1.0,1.0,0.0,0.0,-1.829,1.323,0.0,,,0.435,-0.10475,49.841206,-0.019849146,50.158794,0.019849146,0.0,0.0,8.1,0.5,0.0,0.0,4299.0
P21817 4868 E K,0.0,7991.661,0.7297868,0.0011787484,0.001179463,0.6438604,0.89815646,0.88668203,7.2634575e-05,0.008284158,0.00043674622,0.03597367,0.6703359,0.5655435,0.061620083,0.37029243,0.012589157,3.384115,9.171433,-12.67,-0.24,17624.0,105.92722,-34.179943,4.0,1.0,0.6,22.32426,-0.052570343,0.47292414,0.99993056,0.47295702,39.35799,50.802513,9.839498,5.0,0.0,0.52222,1.0,0.2510019,93.2,8.4,0.0,0.0,0.0,0.0,-1.255,1.487,1.0,2.5600727,0.13513513,-0.388,-0.3368,49.841206,0.0,50.158794,0.0,1.0,0.0,12.3,-1.0,-1.0,2.0,4299.0
P21817 160 E G,,7991.661,0.7297868,0.0011787484,0.001179463,0.6438604,0.89815646,0.88668203,0.0030085365,0.19808216,0.008281386,0.56598955,0.4968225,0.47486076,2.5523143,7.0213194,0.07874454,0.27271584,12.772951,-17.17,2.18,17624.0,105.92722,-34.177322,19.0,9.0,7.6,22.32426,-0.022096634,0.47292414,0.99993056,0.47295702,39.35799,50.802513,9.839498,0.0,-5.0,0.50671035,1.0,-1.5499572,35.0,12.6,2.0,-1.0,0.0,0.0,-1.141,2.006,-2.0,0.95693046,0.32352942,-0.872,-0.7465714,49.841206,0.019849146,50.158794,-0.019849146,1.0,-1.0,12.3,-3.3,-1.0,1.0,4299.0
P21817 177 R C,,7991.661,0.7297868,0.0011787484,0.001179463,0.6438604,0.89815646,0.88668203,0.0028264162,0.18713118,0.008491311,0.61472994,0.17300272,0.37708887,2.3978112,7.1993027,0.112613104,0.23352994,14.442023,-27.9,-6.86,17624.0,105.92722,-34.180084,18.0,10.333333,7.4,22.32426,-0.059547424,0.47292414,0.99993056,0.47295702,39.35799,50.802513,9.839498,2.0,-5.0,0.43414184,1.0,-0.97810984,12.9,-11.9,3.0,2.0,0.0,0.0,-1.234,3.754,-3.0,1.5494212,0.872549,-0.875,-0.7421111,49.841206,0.0,50.158794,0.0,1.0,-1.0,10.5,-5.0,1.0,-1.0,4299.0
P21817 214 T M,,7991.661,0.7297868,0.0011787484,0.001179463,0.6438604,0.89815646,0.88668203,0.0040584877,0.24557422,0.008296034,0.57347935,0.3713686,0.43932152,3.443048,7.033738,0.30670828,0.12500566,16.180387,-22.45,-8.28,17624.0,105.92722,-34.17987,20.0,17.0,16.6,22.32426,-0.048614502,0.47292414,0.99993056,0.47295702,39.35799,50.802513,9.839498,4.0,1.0,0.23673667,0.0,-1.7947457,0.0,0.0,3.0,0.0,0.0,0.0,-1.961,2.272,-1.0,1.7003913,0.31666666,0.113,-0.279,49.841206,0.019849146,50.158794,-0.019849146,0.0,0.0,8.6,-2.9,0.0,0.0,4299.0
P21817 401 R H,,7991.661,0.7297868,0.0011787484,0.001179463,0.6438604,0.89815646,0.88668203,0.0045935223,0.279335,0.008144516,0.5331366,0.2987971,0.4166305,3.8969488,6.9052744,0.4575822,0.083390124,16.498873,-30.61,0.54,17624.0,105.92722,-34.180195,22.0,14.0,14.6,22.32426,-0.056524277,0.47292414,0.99993056,0.47295702,39.35799,50.802513,9.839498,6.0,-1.0,0.51194245,0.5,-1.2793293,6.2,7.2,3.0,0.0,0.0,0.0,-1.225,1.221,0.0,,,-0.262,-0.5021,49.841206,0.0,50.158794,0.0,1.0,0.0,10.5,-0.1,1.0,-1.0,4299.0
P21817 522 Y C,,7991.661,0.7297868,0.0011787484,0.001179463,0.6438604,0.89815646,0.88668203,0.005870963,0.36575124,0.007911785,0.49897867,0.14803676,0.3686792,4.9806747,6.707955,0.44804004,0.04065802,16.48583,-37.11,-10.01,17624.0,105.92722,-34.1801,20.0,8.333333,5.8,22.32426,-0.05768776,0.47292414,0.99993056,0.47295702,39.35799,50.802513,9.839498,2.0,-6.0,0.34774593,0.5,-0.5642617,2.2,4.1,2.0,1.0,0.0,0.0,-1.4,3.39,-2.0,1.4815722,0.73777777,-0.851,-0.4763,49.841206,0.0,50.158794,0.0,0.0,0.0,6.2,-0.7,0.0,0.0,4299.0
P21817 539 F V,,7991.661,0.7297868,0.0011787484,0.001179463,0.6438604,0.89815646,0.88668203,0.00662193,0.39922833,0.007835736,0.48814118,0.39117113,0.44571474,5.617763,6.643477,0.4919829,0.06603031,15.603992,-26.72,3.06,17624.0,105.92722,-34.18008,1.0,0.33333334,2.2,22.32426,-0.05559349,0.47292414,0.99993056,0.47295702,39.35799,50.802513,9.839498,3.0,-4.0,0.23842809,1.0,-0.6526004,1.7,5.5,1.0,0.0,0.0,0.0,-1.07,2.089,-1.0,1.6078404,0.7777778,-0.854,-0.417,49.841206,0.0,50.158794,0.0,0.0,0.0,5.2,0.7,0.0,0.0,4299.0
P21817 1056 D H,,7991.661,0.7297868,0.0011787484,0.001179463,0.6438604,0.89815646,0.88668203,0.009474275,0.81485474,0.009793441,0.85769403,0.9537562,0.9360276,8.037571,8.303305,0.0796219,0.28432837,12.406982,-6.47,-0.58,17624.0,105.92722,-34.179867,11.0,6.3333335,5.8,22.32426,-0.052570343,0.47292414,0.99993056,0.47295702,39.35799,50.802513,9.839498,6.0,2.0,0.61380744,0.5,1.1461204,77.8,9.3,0.0,0.0,0.0,0.0,-1.363,2.963,-1.0,,,-0.422,-0.285,49.841206,0.0,50.158794,0.0,1.0,0.0,13.0,-2.6,-1.0,1.0,4299.0
P21817 1588 P L,,7991.661,0.7297868,0.0011787484,0.001179463,0.6438604,0.89815646,0.88668203,0.008538225,0.62341124,0.009010521,0.7345665,0.4422946,0.45999783,7.2434664,7.639511,0.35129613,0.07359757,15.8583145,-9.12,-9.31,17624.0,105.92722,-34.17985,27.0,14.333333,12.2,22.32426,-0.04931259,0.47292414,0.99993056,0.47295702,39.35799,50.802513,9.839498,4.0,1.0,0.6728025,1.0,0.110063635,33.3,-1.0,0.0,0.0,0.0,0.0,-1.059,2.374,-3.0,,,-0.672,0.06,49.841206,0.0,50.158794,0.0,0.0,0.0,8.0,-3.1,0.0,0.0,4299.0
P21817 1675 L P,,7991.661,0.7297868,0.0011787484,0.001179463,0.6438604,0.89815646,0.88668203,0.008109054,0.5287676,0.0069955285,0.4240808,0.12057421,0.35995308,6.8793755,5.931113,0.72147846,0.09750585,16.363941,-11.47,6.48,17624.0,105.92722,-34.179935,19.0,8.0,8.8,22.32426,-0.05559349,0.47292414,0.99993056,0.47295702,39.35799,50.802513,9.839498,3.0,-1.0,0.30228844,1.0,-0.2243453,14.7,1.3,0.0,0.0,0.0,0.0,-0.972,2.988,-3.0,0.8689931,0.5612903,0.048,-0.491125,49.841206,0.0,50.158794,0.0,0.0,0.0,4.9,3.1,0.0,0.0,4299.0
P21817 1728 S F,,7991.661,0.7297868,0.0011787484,0.001179463,0.6438604,0.89815646,0.88668203,0.00808116,0.5257036,0.0061679487,0.37170902,0.33669996,0.42713523,6.8557115,5.229455,0.6309445,0.13195875,15.393728,-18.97,-2.54,17624.0,105.92722,-34.18004,14.0,7.0,5.6,22.32426,-0.050243378,0.47292414,0.99993056,0.47295702,39.35799,50.802513,9.839498,7.0,5.0,0.4468501,0.5,-0.22194034,33.7,7.5,2.0,-1.0,0.0,0.0,-2.027,1.801,-2.0,1.6255814,0.85376346,0.199,-0.13242857,49.841206,0.019849146,50.158794,-0.019849146,0.0,0.0,9.2,-4.0,0.0,0.0,4299.0
P21817 2163 R L,,7991.661,0.7297868,0.0011787484,0.001179463,0.6438604,0.89815646,0.88668203,0.008202925,0.544655,0.005334465,0.33261463,0.19677712,0.38476974,6.959012,4.522791,0.6828979,0.14158973,16.247412,-26.62,-2.66,17624.0,105.92722,-34.179913,26.0,14.0,12.8,22.32426,-0.056058884,0.47292414,0.99993056,0.47295702,39.35799,50.802513,9.839498,4.0,-3.0,0.37050024,0.5,-0.2530945,20.5,6.4,2.0,-1.0,0.0,0.0,-1.398,1.696,-2.0,1.8748214,0.6577778,-0.894,-0.696375,49.841206,0.019849146,50.158794,-0.019849146,1.0,-1.0,10.5,-5.6,1.0,-1.0,4299.0
P21817 2204 H Q,,7991.661,0.7297868,0.0011787484,0.001179463,0.6438604,0.89815646,0.88668203,0.008391826,0.6040626,0.0038655307,0.23751703,0.30208805,0.41742325,7.1192684,3.277365,0.6478666,0.1743288,16.363855,-19.87,2.81,17624.0,105.92722,-34.179966,30.0,10.666667,7.4,22.32426,-0.05280304,0.47292414,0.99993056,0.47295702,39.35799,50.802513,9.839498,5.0,-1.0,0.3673306,0.5,-0.39842,5.8,-0.4,0.0,0.0,0.0,0.0,-1.433,1.977,0.0,1.444003,0.36888888,-0.858,-0.800375,49.841206,0.0,50.158794,0.0,1.0,-1.0,10.4,0.1,0.0,0.0,4299.0
P21817 2237 C Y,,7991.661,0.7297868,0.0011787484,0.001179463,0.6438604,0.89815646,0.88668203,0.0087061,0.6783931,0.00217892,0.1614276,0.12738311,0.3622991,7.385885,1.847383,0.5681065,0.20516573,15.5424,-47.08,12.6,17624.0,105.92722,-34.17997,35.0,14.333333,8.6,22.32426,-0.037218094,0.47292414,0.99993056,0.47295702,39.35799,50.802513,9.839498,8.0,6.0,0.2508563,0.5,-0.26125956,20.4,-12.0,3.0,0.0,0.0,0.0,-1.412,2.486,-2.0,2.031515,0.97333336,-0.8,-0.8081818,49.841206,0.0,50.158794,0.0,0.0,0.0,5.5,0.7,0.0,0.0,4299.0
P21817 2362 E K,,7991.661,0.7297868,0.0011787484,0.001179463,0.6438604,0.89815646,0.88668203,0.009226946,0.7879596,0.001386582,0.11597821,0.2907399,0.41474485,7.827748,1.1756045,0.42593062,0.23416367,14.567255,-18.33,3.08,17624.0,105.92722,-34.17997,28.0,15.333333,11.4,22.32426,-0.052337646,0.47292414,0.99993056,0.47295702,39.35799,50.802513,9.839498,5.0,0.0,0.30979365,1.0,-0.794953,26.2,9.1,1.0,0.0,0.0,0.0,-2.096,1.04,1.0,1.0748256,0.13777778,-0.846,-0.750125,49.841206,0.0,50.158794,0.0,1.0,0.0,12.3,-1.0,-1.0,2.0,4299.0
P21817 2363 C W,,7991.661,0.7297868,0.0011787484,0.001179463,0.6438604,0.89815646,0.88668203,0.009219414,0.7857467,0.0011873719,0.093735814,0.22021107,0.3930804,7.8213577,1.0067055,0.5230008,0.22033522,16.162537,-26.56,8.96,17624.0,105.92722,-34.18013,41.0,16.666666,8.6,22.32426,-0.044195175,0.47292414,0.99993056,0.47295702,39.35799,50.802513,9.839498,10.0,8.0,0.3146845,1.0,-0.71476793,1.3,-0.9,2.0,-1.0,0.0,0.0,-2.401,2.668,-2.0,1.5307842,0.8088889,-0.801,-0.75633335,49.841206,0.019849146,50.158794,-0.019849146,0.0,0.0,5.5,-0.1,0.0,0.0,4299.0
P21817 2364 F V,,7991.661,0.7297868,0.0011787484,0.001179463,0.6438604,0.89815646,0.88668203,0.009259517,0.79329324,0.0015082798,0.12585111,0.23235361,0.39692917,7.85538,1.2787852,0.5559781,0.20672385,16.603466,-24.01,3.18,17624.0,105.92722,-34.17988,28.0,12.333333,9.2,22.32426,-0.05768776,0.47292414,0.99993056,0.47295702,39.35799,50.802513,9.839498,3.0,-4.0,0.32491454,1.0,-0.682903,4.6,1.8,0.0,0.0,0.0,0.0,-2.229,0.69,-1.0,0.60724664,0.031111112,-0.743,-0.8002222,49.841206,0.0,50.158794,0.0,0.0,0.0,5.2,0.7,0.0,0.0,4299.0
P21817 2431 D Y,,7991.661,0.7297868,0.0011787484,0.001179463,0.6438604,0.89815646,0.88668203,0.009559337,0.8262029,0.0015321948,0.12743986,0.10417613,0.35417956,8.109735,1.2990613,0.6031938,0.1598362,16.59436,-19.73,-9.7,17624.0,105.92722,-34.179832,12.0,6.6666665,4.4,22.32426,-0.046987534,0.47292414,0.99993056,0.47295702,39.35799,50.802513,9.839498,8.0,4.0,0.28910986,0.5,-0.40328467,10.9,6.4,3.0,-1.0,0.0,0.0,-1.139,2.984,-3.0,,,-0.895,-0.7615,49.841206,0.0,50.158794,0.0,1.0,-1.0,13.0,-6.8,-1.0,1.0,4299.0
P21817 2627 V M,,7991.661,0.7297868,0.0011787484,0.001179463,0.6438604,0.89815646,0.88668203,0.011430924,0.9236269,0.004990256,0.3046414,0.661768,0.56037855,9.697509,4.2309556,0.51262057,0.119780466,15.847755,-26.5,-1.62,17624.0,105.92722,-34.17989,22.0,10.666667,8.4,22.32426,-0.048381805,0.47292414,0.99993056,0.47295702,39.35799,50.802513,9.839498,4.0,1.0,0.341801,0.5,0.7312356,12.0,-2.4,2.0,0.0,0.0,0.0,-1.304,2.461,1.0,,,-0.681,-0.6396667,49.841206,0.0,50.158794,0.0,0.0,0.0,5.9,-0.2,0.0,0.0,4299.0
P21817 2676 R W,,7991.661,0.7297868,0.0011787484,0.001179463,0.6438604,0.89815646,0.88668203,0.011709561,0.9344644,0.005559232,0.35270086,0.7447231,0.61228365,9.933892,4.7133584,0.53446984,0.15882371,16.35236,-34.63,3.25,17624.0,105.92722,-34.17997,29.0,10.0,7.4,22.32426,-0.04931259,0.47292414,0.99993056,0.47295702,39.35799,50.802513,9.839498,10.0,3.0,0.32056126,0.5,0.9215259,12.5,-0.6,2.0,0.0,0.0,0.0,-1.511,3.622,-3.0,,,-0.584,-0.6175,49.841206,0.019849146,50.158794,-0.019849146,1.0,-1.0,10.5,-5.1,1.0,-1.0,4299.0
P21817 3051 R H,,7991.661,0.7297868,0.0011787484,0.001179463,0.6438604,0.89815646,0.88668203,0.012077524,0.98048115,0.0070983213,0.4277122,0.8345438,0.6928744,10.2460575,6.0182652,0.23304577,0.7751401,14.545776,-16.86,2.9,17624.0,105.92722,-34.180035,44.0,18.333334,12.6,22.32426,-0.050476074,0.47292414,0.99993056,0.47295702,39.35799,50.802513,9.839498,6.0,-1.0,0.3044492,1.0,1.4022917,52.0,-10.4,0.0,0.0,0.0,0.0,-1.398,2.568,0.0,,,-0.244,0.12457143,49.841206,0.0,50.158794,0.0,1.0,0.0,10.5,-0.1,1.0,-1.0,4299.0
P21817 3418 N D,,7991.661,0.7297868,0.0011787484,0.001179463,0.6438604,0.89815646,0.88668203,0.011036768,0.9102928,0.00850508,0.6172265,0.7174308,0.59471464,9.363124,7.210976,0.19048244,0.67268795,13.133589,-17.61,-0.59,17624.0,105.92722,-34.17997,26.0,10.666667,9.4,22.32426,-0.052570343,0.47292414,0.99993056,0.47295702,39.35799,50.802513,9.839498,4.0,0.0,0.23596749,0.5,0.74892765,49.6,1.8,1.0,0.0,0.0,0.0,-1.468,1.582,1.0,,,0.082,-0.48628572,49.841206,0.0,50.158794,0.0,0.0,1.0,11.6,1.4,0.0,-1.0,4299.0
P21817 3903 R Q,,7991.661,0.7297868,0.0011787484,0.001179463,0.6438604,0.89815646,0.88668203,0.005225369,0.32416025,0.0019568342,0.15223558,0.04499546,0.32182878,4.4329805,1.6590891,0.4809748,0.07211695,15.670812,-29.37,5.82,17624.0,105.92722,-34.180073,14.0,9.0,5.8,22.32426,-0.05559349,0.47292414,0.99993056,0.47295702,39.35799,50.802513,9.839498,5.0,-2.0,0.3319889,0.5,-1.750644,22.9,-0.9,1.0,-1.0,0.0,0.0,-1.398,1.787,1.0,0.82283956,0.1092437,-0.892,-0.7708182,49.841206,0.0,50.158794,0.0,1.0,-1.0,10.5,0.0,1.0,-1.0,4299.0
P21817 3772 R Q,,7991.661,0.7297868,0.0011787484,0.001179463,0.6438604,0.89815646,0.88668203,0.0053641386,0.33471403,0.0033006098,0.2120404,0.049988654,0.32484344,4.550707,2.7984004,0.5005432,0.05951136,15.368676,-22.53,4.04,17624.0,105.92722,-34.180042,31.0,12.0,7.2,22.32426,-0.05373192,0.47292414,0.99993056,0.47295702,39.35799,50.802513,9.839498,5.0,-2.0,0.51080763,1.0,-0.9121156,15.8,-8.0,3.0,-3.0,0.0,0.0,-1.398,1.787,1.0,,,-0.893,-0.5317778,49.841206,0.0,50.158794,0.0,1.0,-1.0,10.5,0.0,1.0,-1.0,4299.0
P21817 3986 D E,,7991.661,0.7297868,0.0011787484,0.001179463,0.6438604,0.89815646,0.88668203,0.0052155275,0.3234226,0.0013329289,0.10979346,0.22633909,0.395029,4.424631,1.130115,0.42954642,0.14446113,15.227381,-15.83,0.01,17624.0,105.92722,-34.179935,27.0,9.666667,6.6,22.32426,-0.052570343,0.47292414,0.99993056,0.47295702,39.35799,50.802513,9.839498,5.0,1.0,0.33348882,0.5,-1.6008531,40.0,13.0,2.0,0.0,0.0,0.0,-1.139,1.361,2.0,1.5323727,0.4369748,-0.893,-0.8264286,49.841206,0.0,50.158794,0.0,1.0,0.0,13.0,-0.7,-1.0,0.0,4299.0
P21817 4050 S Y,,7991.661,0.7297868,0.0011787484,0.001179463,0.6438604,0.89815646,0.88668203,0.0048666587,0.2969814,0.0011938665,0.09458692,0.16415116,0.37465093,4.128666,1.0122118,0.31597486,0.18325292,13.684492,-26.23,-1.8,17624.0,105.92722,-34.18017,22.0,9.666667,4.4,22.32426,-0.050941467,0.47292414,0.99993056,0.47295702,39.35799,50.802513,9.839498,8.0,6.0,0.38744625,1.0,-1.5928417,8.9,24.3,2.0,0.0,0.0,0.0,-1.348,2.55,-2.0,,,-0.867,-0.7224444,49.841206,0.0,50.158794,0.0,0.0,0.0,9.2,-3.0,0.0,0.0,4299.0
P21817 4234 V L,,7991.661,0.7297868,0.0011787484,0.001179463,0.6438604,0.89815646,0.88668203,0.0028555961,0.18820927,0.0011091309,0.08255787,0.25289378,0.40350574,2.422566,0.94036937,0.49689153,0.1359511,15.881647,-34.5,-4.67,17624.0,105.92722,-34.179935,33.0,11.0,5.6,22.32426,-0.050941467,0.47292414,0.99993056,0.47295702,39.35799,50.802513,9.839498,4.0,1.0,0.27640408,0.5,-1.3434495,2.7,-0.7,3.0,0.0,0.0,0.0,-1.376,1.037,1.0,,,-0.738,-0.6383333,49.841206,0.0,50.158794,0.0,0.0,0.0,5.9,-1.0,0.0,0.0,4299.0
P21817 4737 R Q,,7991.661,0.7297868,0.0011787484,0.001179463,0.6438604,0.89815646,0.88668203,0.0013124959,0.107977755,0.002478942,0.17078984,0.20613936,0.38851362,1.1134655,2.101755,0.13520682,0.14053456,12.078774,-21.93,7.82,17624.0,105.92722,-34.180035,26.0,11.666667,8.0,22.32426,-0.05419731,0.47292414,0.99993056,0.47295702,39.35799,50.802513,9.839498,5.0,-2.0,0.36761075,0.5,-0.8023714,52.6,6.8,0.0,0.0,0.0,0.0,-1.398,1.787,1.0,,,-0.687,-0.487125,49.841206,0.0,50.158794,0.0,1.0,-1.0,10.5,0.0,1.0,-1.0,4299.0
P21817 4824 L P,,7991.661,0.7297868,0.0011787484,0.001179463,0.6438604,0.89815646,0.88668203,0.00065520714,0.051066726,0.00024318205,0.01889469,0.03778938,0.31482416,0.55584985,0.2061803,0.16041195,0.2513109,10.954079,-34.26,13.96,17624.0,105.92722,-34.180126,13.0,11.0,8.4,22.32426,-0.05140686,0.47292414,0.99993056,0.47295702,39.35799,50.802513,9.839498,3.0,-1.0,0.36562914,0.5,-0.7752115,37.6,-5.2,1.0,0.0,0.0,0.0,-1.366,2.619,-3.0,1.5751998,0.6108108,-0.876,-0.8355,49.841206,0.0,50.158794,0.0,0.0,0.0,4.9,3.1,0.0,0.0,4299.0
P21817 4893 R Q,,7991.661,0.7297868,0.0011787484,0.001179463,0.6438604,0.89815646,0.88668203,6.0117112e-05,0.00561734,0.0002390978,0.018554244,0.020483432,0.29996082,0.051000796,0.20271751,0.049838923,1.0822384,11.70408,-22.06,4.95,17624.0,105.92722,-34.18028,13.0,7.0,3.0,22.32426,-0.05373192,0.47292414,0.99993056,0.47295702,39.35799,50.802513,9.839498,5.0,-2.0,0.4160704,1.0,-0.29222295,62.1,10.6,0.0,0.0,0.0,0.0,-1.398,1.787,1.0,1.9936054,0.9189189,-0.89,-0.857875,49.841206,0.0,50.158794,0.0,1.0,-1.0,10.5,0.0,1.0,-1.0,4299.0
P21817 4973 P L,,7991.661,0.7297868,0.0011787484,0.001179463,0.6438604,0.89815646,0.88668203,0.0031758263,0.20608261,0.0010960829,0.080628686,0.79068315,0.6482211,2.6942358,0.9293067,0.074732594,0.18586223,10.625956,-8.88,-5.59,17624.0,105.92722,-34.17992,17.0,9.666667,9.2,22.32426,-0.052337646,0.47292414,0.99993056,0.47295702,39.35799,50.802513,9.839498,4.0,1.0,0.4097789,1.0,-1.7416658,78.7,6.2,0.0,0.0,0.0,0.0,-1.115,2.204,-3.0,,,-0.738,-0.666,49.841206,0.0,50.158794,0.0,0.0,0.0,8.0,-3.1,0.0,0.0,4299.0
