SAV_coords,labels
P21817 35 C R,1
P21817 44 R C,1
P21817 163 R C,1
P21817 163 R L,1
P21817 248 G R,1
P21817 328 R W,1
P21817 341 G R,1
P21817 401 R C,1
P21817 403 I M,1
P21817 522 Y S,1
P21817 530 R H,1
P21817 533 R C,1
P21817 533 R H,1
P21817 552 R W,1
P21817 614 R C,1
P21817 614 R L,1
P21817 2163 R C,1
P21817 2163 R H,1
P21817 2168 V M,1
P21817 2206 T R,1
P21817 2206 T M,1
P21817 2336 R H,1
P21817 2350 A T,1
P21817 2355 R W,1
P21817 2375 G A,1
P21817 2428 A T,1
P21817 2434 G R,1
P21817 2435 R H,1
P21817 2452 R W,1
P21817 2454 R C,1
P21817 2454 R H,1
P21817 2458 R C,1
P21817 2458 R H,1
P21817 2508 R C,1
P21817 2508 R G,1
P21817 2508 R H,1
P21817 3104 E K,1
P21817 3990 G V,1
P21817 4796 Y C,1
P21817 4826 T I,1
P21817 4833 H Y,1
P21817 4838 L V,1
P21817 4849 V I,1
P21817 4861 R H,1
P21817 4898 I T,1
P21817 933 A T,0
P21817 1667 R C,0
P21817 1773 P S,0
P21817 2321 I V,0
P21817 2787 T S,0
P21817 3583 E Q,0
P21817 1832 G A,0
P21817 2550 L V,0
P21817 140 A T,0
P21817 816 P L,0
P21817 1075 R Q,0
P21817 1571 I V,0
P21817 1679 R H,0
P21817 2224 R C,0
P21817 2342 N S,0
P21817 2606 C S,0
P21817 2776 S F,0
P21817 3366 R H,0
P21817 3367 K R,0
P21817 3539 R H,0
P21817 4104 G R,0
P21817 4136 R S,0
P21817 4723 R H,0
P21817 893 G S,0
P21817 1109 R K,0
P21817 3647 H Q,0
P21817 3981 H Y,0
P21817 851 V M,0
P21817 27 V M,0
P21817 114 R H,0
P21817 370 V L,0
P21817 440 V I,0
P21817 751 V M,0
P21817 1061 Q R,0
P21817 2252 D E,0
P21817 2558 V M,0
P21817 3028 G S,0
P21817 3234 N S,0
P21817 3342 A V,0
P21817 3815 M L,0
P21817 4034 V M,0
P21817 4063 M V,0
P21817 4084 R H,0
P21817 4753 A T,0
P21817 4868 E K,0
P21817 160 E G,
P21817 177 R C,
P21817 214 T M,
P21817 401 R H,
P21817 522 Y C,
P21817 539 F V,
P21817 1056 D H,
P21817 1588 P L,
P21817 1675 L P,
P21817 1728 S F,
P21817 2163 R L,
P21817 2204 H Q,
P21817 2237 C Y,
P21817 2362 E K,
P21817 2363 C W,
P21817 2364 F V,
P21817 2431 D Y,
P21817 2627 V M,
P21817 2676 R W,
P21817 3051 R H,
P21817 3418 N D,
P21817 3903 R Q,
P21817 3772 R Q,
P21817 3986 D E,
P21817 4050 S Y,
P21817 4234 V L,
P21817 4737 R Q,
P21817 4824 L P,
P21817 4893 R Q,
P21817 4973 P L,
