cDNA,SAV_coords,labels,gene,uniprot,PDB_coords
c.689G>T,P98161 230 C F,1,PKD1,P98161,
c.776G>A,P98161 259 C Y,1,PKD1,P98161,
c.812C>A,P98161 271 A D,1,PKD1,P98161,
c.974A>G,P98161 325 Y C,1,PKD1,P98161,1B4R A 58 Y 80
c.1261C>T,P98161 421 R C,1,PKD1,P98161,
c.1265T>A,P98161 422 L Q,1,PKD1,P98161,
c.1295C>T,P98161 432 A V,1,PKD1,P98161,
c.1364T>C,P98161 455 F S,1,PKD1,P98161,
c.1591G>A,P98161 531 E K,1,PKD1,P98161,
c.1831C>T,P98161 611 R W,1,PKD1,P98161,
c.2180T>C,P98161 727 L P,1,PKD1,P98161,
c.2534T>C,P98161 845 L S,1,PKD1,P98161,
c.2803C>T,P98161 935 L F,1,PKD1,P98161,
c.2884G>T,P98161 962 D Y,1,PKD1,P98161,
c.2885A>G,P98161 962 D G,1,PKD1,P98161,
c.3490G>C,P98161 1164 G R,1,PKD1,P98161,
c.3496G>A,P98161 1166 G S,1,PKD1,P98161,
c.3741G>A,P98161 1247 M I,1,PKD1,P98161,
c.3955G>A,P98161 1319 G R,1,PKD1,P98161,
c.5602G>T,P98161 1868 A S,1,PKD1,P98161,
c.5995G>A,P98161 1999 G S,1,PKD1,P98161,
c.6018G>C,P98161 2006 W C,1,PKD1,P98161,
c.6224G>C,P98161 2075 R P,1,PKD1,P98161,
c.6293A>C,P98161 2098 D A,1,PKD1,P98161,
c.6341A>G,P98161 2114 Y C,1,PKD1,P98161,
c.6371T>A,P98161 2124 V E,1,PKD1,P98161,
c.6395T>G,P98161 2132 F C,1,PKD1,P98161,
c.6497G>T,P98161 2166 R L,1,PKD1,P98161,
c.6499A>G,P98161 2167 N D,1,PKD1,P98161,
c.6512C>G,P98161 2171 A G,1,PKD1,P98161,
c.6643C>T,P98161 2215 R W,1,PKD1,P98161,
c.6647T>C,P98161 2216 L P,1,PKD1,P98161,
c.6667C>G,P98161 2223 L V,1,PKD1,P98161,
c.6868G>T,P98161 2290 D Y,1,PKD1,P98161,
c.6890A>C,P98161 2297 H P,1,PKD1,P98161,
c.6989T>A,P98161 2330 L Q,1,PKD1,P98161,
c.7009A>C,P98161 2337 T P,1,PKD1,P98161,
c.7025T>G,P98161 2342 V G,1,PKD1,P98161,
c.7109G>A,P98161 2370 C Y,1,PKD1,P98161,
c.7114T>C,P98161 2372 S P,1,PKD1,P98161,
c.7115C>T,P98161 2372 S F,1,PKD1,P98161,
c.7241C>T,P98161 2414 T M,1,PKD1,P98161,
c.7300C>T,P98161 2434 R W,1,PKD1,P98161,
c.7298T>G,P98161 2433 L R,1,PKD1,P98161,
c.7460T>C,P98161 2487 L P,1,PKD1,P98161,
c.7589G>A,P98161 2530 G D,1,PKD1,P98161,
c.7624G>T,P98161 2542 G C,1,PKD1,P98161,
c.7694C>T,P98161 2565 A V,1,PKD1,P98161,
c.7831T>C,P98161 2611 Y H,1,PKD1,P98161,
c.7844T>G,P98161 2615 L R,1,PKD1,P98161,
c.7969A>C,P98161 2657 T P,1,PKD1,P98161,
c.8299C>G,P98161 2767 R G,1,PKD1,P98161,
c.8302G>A,P98161 2768 V M,1,PKD1,P98161,
c.8311G>A,P98161 2771 E K,1,PKD1,P98161,
c.8327T>C,P98161 2776 L P,1,PKD1,P98161,
c.8359C>G,P98161 2787 R G,1,PKD1,P98161,
c.8377C>G,P98161 2793 L V,1,PKD1,P98161,
c.8537C>T,P98161 2846 T I,1,PKD1,P98161,
c.8932_8933delTTinsAC,P98161 2978 F T,1,PKD1,P98161,
c.9158C>A,P98161 3053 A D,1,PKD1,P98161,
c.9173C>T,P98161 3058 P L,1,PKD1,P98161,
c.9388C>T,P98161 3130 R W,1,PKD1,P98161,6A70 B 3130 R 704
c.9400A>G,P98161 3134 T A,1,PKD1,P98161,6A70 B 3134 T 704
c.9404C>T,P98161 3135 T M,1,PKD1,P98161,6A70 B 3135 T 704
c.9541A>G,P98161 3181 K E,1,PKD1,P98161,6A70 B 3181 K 704
c.9548G>A,P98161 3183 R Q,1,PKD1,P98161,6A70 B 3183 R 704
c.9585G>T,P98161 3195 W C,1,PKD1,P98161,6A70 B 3195 W 704
c.9644T>C,P98161 3215 V A,1,PKD1,P98161,6A70 B 3215 V 704
c.10102G>A,P98161 3368 D N,1,PKD1,P98161,
c.5132C>T,P98161 1711 T I,1,PKD1,P98161,
c.10616C>T,P98161 3539 T I,1,PKD1,P98161,
c.10951G>A,P98161 3651 G S,1,PKD1,P98161,
c.11249G>A,P98161 3750 R Q,1,PKD1,P98161,6A70 B 3750 R 704
c.11257C>T,P98161 3753 R W,1,PKD1,P98161,
c.11258G>A,P98161 3753 R Q,1,PKD1,P98161,
c.11453G>A,P98161 3818 G D,1,PKD1,P98161,6A70 B 3818 G 704
c.11510T>C,P98161 3837 L P,1,PKD1,P98161,6A70 B 3837 L 704
c.11526G>T,P98161 3842 W C,1,PKD1,P98161,6A70 B 3842 W 704
c.11927G>T,P98161 3976 S I,1,PKD1,P98161,6A70 B 3976 S 704
c.12003G>C,P98161 4001 K N,1,PKD1,P98161,6A70 B 4001 K 704
c.12424G>T,P98161 4142 G C,1,PKD1,P98161,
c.12448C>T,P98161 4150 R C,1,PKD1,P98161,
c.196C>A,P98161 66 P T,,PKD1,P98161,
c.256C>T,P98161 86 L F,,PKD1,P98161,
c.266A>C,P98161 89 N T,,PKD1,P98161,
c.356A>G,P98161 119 E G,,PKD1,P98161,
c.692T>C,P98161 231 L P,,PKD1,P98161,
c.1781T>A,P98161 594 F Y,,PKD1,P98161,
c.1781T>C,P98161 594 F S,,PKD1,P98161,
c.1796T>C,P98161 599 L P,,PKD1,P98161,
c.2432T>C,P98161 811 L P,,PKD1,P98161,
c.2489C>T,P98161 830 A V,,PKD1,P98161,
c.2671G>A,P98161 891 D N,,PKD1,P98161,
c.2972T>C,P98161 991 V A,,PKD1,P98161,
c.3088G>A,P98161 1030 V M,,PKD1,P98161,
c.3322T>C,P98161 1108 S P,,PKD1,P98161,
c.3380C>A,P98161 1127 P H,,PKD1,P98161,
c.3386T>A,P98161 1129 V E,,PKD1,P98161,
c.3392T>C,P98161 1131 V A,,PKD1,P98161,
c.4052G>A,P98161 1351 R Q,,PKD1,P98161,
c.4460T>C,P98161 1487 F S,,PKD1,P98161,
c.4798A>G,P98161 1600 T A,,PKD1,P98161,
c.5037C>A,P98161 1679 S R,,PKD1,P98161,
c.5483A>G,P98161 1828 Q R,,PKD1,P98161,
c.5704G>T,P98161 1902 G W,,PKD1,P98161,
c.5705G>A,P98161 1902 G E,,PKD1,P98161,
c.6024C>G,P98161 2008 F L,,PKD1,P98161,
c.6037G>A,P98161 2013 V I,,PKD1,P98161,
c.6108G>T,P98161 2036 L F,,PKD1,P98161,
c.6551A>G,P98161 2184 E G,,PKD1,P98161,
c.6681C>G,P98161 2227 H Q,,PKD1,P98161,
c.6709G>C,P98161 2237 G R,,PKD1,P98161,
c.6772C>G,P98161 2258 P A,,PKD1,P98161,
c.7100C>T,P98161 2367 S F,,PKD1,P98161,
c.7202A>T,P98161 2401 K M,,PKD1,P98161,
c.7204C>G,P98161 2402 R G,,PKD1,P98161,
c.7391G>T,P98161 2464 R L,,PKD1,P98161,
c.6706T>C,P98161 2236 F L,,PKD1,P98161,
c.8419T>C,P98161 2807 S P,,PKD1,P98161,
c.8536A>C,P98161 2846 T P,,PKD1,P98161,
c.8606A>C,P98161 2869 E A,,PKD1,P98161,
c.8663G>A,P98161 2888 R H,,PKD1,P98161,
c.8984T>C,P98161 2995 L P,,PKD1,P98161,
c.9338G>A,P98161 3113 G E,,PKD1,P98161,
c.9746T>C,P98161 3249 L P,,PKD1,P98161,
c.9758T>C,P98161 3253 L P,,PKD1,P98161,6A70 B 3253 L 704
c.9827C>T,P98161 3276 T I,,PKD1,P98161,6A70 B 3276 T 704
c.10086G>T,P98161 3362 Q H,,PKD1,P98161,
c.10139T>C,P98161 3380 F S,,PKD1,P98161,
c.9884A>G,P98161 3295 N S,,PKD1,P98161,6A70 B 3295 N 704
c.10315C>T,P98161 3439 R W,,PKD1,P98161,
c.10407T>A,P98161 3469 D E,,PKD1,P98161,
c.10585G>A,P98161 3529 E K,,PKD1,P98161,
c.10838T>C,P98161 3613 L P,,PKD1,P98161,6A70 B 3613 L 704
c.11399C>T,P98161 3800 P L,,PKD1,P98161,6A70 B 3800 P 704
c.11566C>T,P98161 3856 R C,,PKD1,P98161,6A70 B 3856 R 704
c.11603C>T,P98161 3868 T M,,PKD1,P98161,6A70 B 3868 T 704
c.11632C>T,P98161 3878 R C,,PKD1,P98161,6A70 B 3878 R 704
c.11728T>C,P98161 3910 F L,,PKD1,P98161,6A70 B 3910 F 704
c.11774A>G,P98161 3925 E G,,PKD1,P98161,6A70 B 3925 E 704
c.11876C>A,P98161 3959 A D,,PKD1,P98161,6A70 B 3959 A 704
c.12286T>C,P98161 4096 W R,,PKD1,P98161,6A70 B 4096 W 704
c.12431G>A,P98161 4144 S N,,PKD1,P98161,
c.12460C>T,P98161 4154 R C,,PKD1,P98161,
c.12697A>C,P98161 4233 T P,,PKD1,P98161,
c.12728T>A,P98161 4243 L Q,,PKD1,P98161,
c.12818G>C,P98161 4273 R P,,PKD1,P98161,
c.964C>T,Q13563 322 R W,1,PKD2,Q13563,5MKE A 322 R 475
c.977T>G,Q13563 326 V G,1,PKD2,Q13563,5MKE A 326 V 475
c.1030T>C,Q13563 344 C R,1,PKD2,Q13563,5MKE A 344 C 475
c.1042T>A,Q13563 348 Y N,1,PKD2,Q13563,5MKE A 348 Y 475
c.1904C>T,Q13563 635 T I,1,PKD2,Q13563,5MKE A 635 T 475
c.1908A>T,Q13563 636 Q H,1,PKD2,Q13563,5MKE A 636 Q 475
c.200C>T,Q13563 67 P L,,PKD2,Q13563,
c.229C>T,Q13563 77 P S,,PKD2,Q13563,
c.232C>A,Q13563 78 P T,,PKD2,Q13563,
c.281T>C,Q13563 94 F S,,PKD2,Q13563,
c.296A>C,Q13563 99 E A,,PKD2,Q13563,
c.311A>G,Q13563 104 E G,,PKD2,Q13563,
c.326G>A,Q13563 109 G E,,PKD2,Q13563,
c.340A>G,Q13563 114 M V,,PKD2,Q13563,
c.359C>A,Q13563 120 P Q,,PKD2,Q13563,
c.607A>G,Q13563 203 T A,,PKD2,Q13563,
c.665G>T,Q13563 222 R L,,PKD2,Q13563,5MKE A 222 R 475
c.1141G>A,Q13563 381 G R,,PKD2,Q13563,5MKE A 381 G 475
c.1171T>G,Q13563 391 Y D,,PKD2,Q13563,5MKE A 391 Y 475
c.1418T>A,Q13563 473 L Q,,PKD2,Q13563,5MKE A 473 L 475
c.1800T>G,Q13563 600 F L,,PKD2,Q13563,5MKE A 600 F 475
c.1970G>T,Q13563 657 G V,,PKD2,Q13563,5MKE A 657 G 475
c.2014C>T,Q13563 672 L F,,PKD2,Q13563,5MKE A 672 L 475
c.2276T>C,Q13563 759 F S,,PKD2,Q13563,2KLD A 759 F 73
c.2596A>G,Q13563 866 K E,,PKD2,Q13563,3HRN A 866 K 63
c.2629A>G,Q13563 877 R G,,PKD2,Q13563,3HRN A 877 R 63
c.2726T>C,Q13563 909 V A,,PKD2,Q13563,
c.2507T>C,P08F94 836 V A,1,PKHD1,P08F94,
c.4197_4199delTTCinsAAG,P08F94 1400 S R,1,PKHD1,P08F94,
c.8432T>C,P08F94 2811 L P,1,PKHD1,P08F94,
c.227C>A,P08F94 76 P H,1,PKHD1,P08F94,
c.439G>A,P08F94 147 G S,1,PKHD1,P08F94,
c.1046G>A,P08F94 349 G E,1,PKHD1,P08F94,
c.1124G>A,P08F94 375 R Q,1,PKHD1,P08F94,
c.2341C>G,P08F94 781 R G,1,PKHD1,P08F94,
c.2507T>C,P08F94 836 V A,1,PKHD1,P08F94,
c.3299T>C,P08F94 1100 F S,1,PKHD1,P08F94,
c.8870T>C,P08F94 2957 I T,1,PKHD1,P08F94,
c.218G>A,P08F94 73 R Q,,PKHD1,P08F94,
c.3953A>T,P08F94 1318 H L,,PKHD1,P08F94,
c.2795G>A,P08F94 932 C Y,,PKHD1,P08F94,
c.9368C>T,P08F94 3123 A V,,PKHD1,P08F94,
c.1487G>A,P08F94 496 R Q,,PKHD1,P08F94,
c.1849T>C,P08F94 617 Y H,,PKHD1,P08F94,
c.2201T>C,P08F94 734 V A,,PKHD1,P08F94,
c.2291C>T,P08F94 764 T I,,PKHD1,P08F94,
c.2530T>C,P08F94 844 Y H,,PKHD1,P08F94,
c.3953A>T,P08F94 1318 H L,,PKHD1,P08F94,
c.7802A>G,P08F94 2601 N S,,PKHD1,P08F94,
c.9282C>A,P08F94 3094 N K,,PKHD1,P08F94,
c.9472A>G,P08F94 3158 M V,,PKHD1,P08F94,
c.9629C>G,P08F94 3210 S C,,PKHD1,P08F94,
c.10058T>G,P08F94 3353 L R,,PKHD1,P08F94,
c.11741G>A,P08F94 3914 R Q,,PKHD1,P08F94,
c.11882G>A,P08F94 3961 R Q,,PKHD1,P08F94,
c.460G>A,Q9BVK2 154 G R,,ALG8,Q9BVK2,
c.482T>C,Q9BVK2 161 I T,,ALG8,Q9BVK2,
c.599A>G,Q9BVK2 200 H R,,ALG8,Q9BVK2,
c.1169T>G,Q9BVK2 390 L R,,ALG8,Q9BVK2,
c.1241A>G,Q9BVK2 414 H R,,ALG8,Q9BVK2,
c.193G>T,Q14697 65 D Y,,GANAB,Q14697,8D43 A 65 D 862
c.12826C>T,P98161 4276 R W,0,PKD1,P98161,
c.12769G>A,P98161 4257 G R,0,PKD1,P98161,
c.12436G>A,P98161 4146 V I,0,PKD1,P98161,
c.12176C>T,P98161 4059 A V,0,PKD1,P98161,
c.12133A>G,P98161 4045 I V,0,PKD1,P98161,6A70 B 4045 I 704
c.11717G>T,P98161 3906 C F,0,PKD1,P98161,6A70 B 3906 C 704
c.11689C>T,P98161 3897 L F,0,PKD1,P98161,6A70 B 3897 L 704
c.11337C>G,P98161 3779 S R,0,PKD1,P98161,
c.10678G>A,P98161 3560 G R,0,PKD1,P98161,6A70 B 3560 G 704
c.10654G>T,P98161 3552 A S,0,PKD1,P98161,
c.10535C>T,P98161 3512 A V,0,PKD1,P98161,
c.10531C>G,P98161 3511 L V,0,PKD1,P98161,
c.10529C>T,P98161 3510 T M,0,PKD1,P98161,
c.10400C>T,P98161 3467 A V,0,PKD1,P98161,
c.10304G>A,P98161 3435 R Q,0,PKD1,P98161,
c.10240G>A,P98161 3414 G S,0,PKD1,P98161,
c.10234C>T,P98161 3412 P S,0,PKD1,P98161,
c.10225G>C,P98161 3409 V L,0,PKD1,P98161,
c.9620C>T,P98161 3207 T M,0,PKD1,P98161,6A70 B 3207 T 704
c.9204G>C,P98161 3068 E D,0,PKD1,P98161,
c.9196T>C,P98161 3066 F L,0,PKD1,P98161,
c.9169G>A,P98161 3057 V M,0,PKD1,P98161,
c.9022G>A,P98161 3008 V M,0,PKD1,P98161,
c.8898G>C,P98161 2966 E D,0,PKD1,P98161,
c.8780C>T,P98161 2927 T M,0,PKD1,P98161,
c.8689G>A,P98161 2897 V I,0,PKD1,P98161,
c.8644T>A,P98161 2882 W R,0,PKD1,P98161,
c.8444C>T,P98161 2815 A V,0,PKD1,P98161,
c.8440G>A,P98161 2814 G R,0,PKD1,P98161,
c.8344G>A,P98161 2782 V M,0,PKD1,P98161,
c.8335G>A,P98161 2779 E K,0,PKD1,P98161,
c.8267C>T,P98161 2756 T I,0,PKD1,P98161,
c.8123C>T,P98161 2708 T M,0,PKD1,P98161,
c.8119G>A,P98161 2707 V M,0,PKD1,P98161,
c.8111C>T,P98161 2704 A V,0,PKD1,P98161,
c.8087T>G,P98161 2696 L R,0,PKD1,P98161,
c.8042G>A,P98161 2681 R H,0,PKD1,P98161,
c.8020C>T,P98161 2674 P S,0,PKD1,P98161,
c.7913A>G,P98161 2638 H R,0,PKD1,P98161,
c.7810G>A,P98161 2604 D N,0,PKD1,P98161,
c.7642G>C,P98161 2548 E Q,0,PKD1,P98161,
c.7463C>T,P98161 2488 T I,0,PKD1,P98161,
c.6935C>T,P98161 2312 A V,0,PKD1,P98161,
c.6598C>T,P98161 2200 R C,0,PKD1,P98161,
c.6572G>A,P98161 2191 R H,0,PKD1,P98161,
c.6545A>G,P98161 2182 Q R,0,PKD1,P98161,
c.6496C>T,P98161 2166 R C,0,PKD1,P98161,
c.6488G>A,P98161 2163 R Q,0,PKD1,P98161,
c.6457G>A,P98161 2153 V M,0,PKD1,P98161,
c.6331G>A,P98161 2111 E K,0,PKD1,P98161,
c.6244G>A,P98161 2082 A T,0,PKD1,P98161,
c.6007G>A,P98161 2003 A T,0,PKD1,P98161,
c.5852G>A,P98161 1951 R Q,0,PKD1,P98161,
c.5827G>A,P98161 1943 V I,0,PKD1,P98161,
c.5783C>G,P98161 1928 P R,0,PKD1,P98161,
c.5611G>A,P98161 1871 A T,0,PKD1,P98161,
c.5433G>T,P98161 1811 E D,0,PKD1,P98161,
c.5318C>T,P98161 1773 T I,0,PKD1,P98161,
c.5051C>T,P98161 1684 S L,0,PKD1,P98161,
c.4876G>A,P98161 1626 V I,0,PKD1,P98161,
c.4856C>T,P98161 1619 S F,0,PKD1,P98161,
c.4810G>A,P98161 1604 V M,0,PKD1,P98161,
c.4546G>A,P98161 1516 A T,0,PKD1,P98161,
c.4340C>T,P98161 1447 A V,0,PKD1,P98161,
c.4264G>A,P98161 1422 A T,0,PKD1,P98161,
c.4195T>C,P98161 1399 W R,0,PKD1,P98161,
c.4018C>T,P98161 1340 R W,0,PKD1,P98161,
c.3935G>A,P98161 1312 R Q,0,PKD1,P98161,
c.3931G>A,P98161 1311 A T,0,PKD1,P98161,
c.3868C>G,P98161 1290 L V,0,PKD1,P98161,
c.3853C>T,P98161 1285 R W,0,PKD1,P98161,
c.3679G>T,P98161 1227 A S,0,PKD1,P98161,
c.3569G>A,P98161 1190 R H,0,PKD1,P98161,
c.3502C>T,P98161 1168 P S,0,PKD1,P98161,
c.3430G>A,P98161 1144 V I,0,PKD1,P98161,
c.3424C>T,P98161 1142 R W,0,PKD1,P98161,
c.3316C>G,P98161 1106 L V,0,PKD1,P98161,
c.3277C>T,P98161 1093 H Y,0,PKD1,P98161,
c.3275T>C,P98161 1092 M T,0,PKD1,P98161,
c.3242C>T,P98161 1081 S L,0,PKD1,P98161,
c.3140C>T,P98161 1047 S L,0,PKD1,P98161,
c.3101A>G,P98161 1034 N S,0,PKD1,P98161,
c.2813C>T,P98161 938 T M,0,PKD1,P98161,
c.2707A>G,P98161 903 S G,0,PKD1,P98161,
c.2644G>A,P98161 882 V M,0,PKD1,P98161,
c.2527T>C,P98161 843 S P,0,PKD1,P98161,
c.2515C>T,P98161 839 P S,0,PKD1,P98161,
c.2372G>A,P98161 791 R Q,0,PKD1,P98161,
c.2266G>A,P98161 756 A T,0,PKD1,P98161,
c.2239G>A,P98161 747 A T,0,PKD1,P98161,
c.2086G>A,P98161 696 A T,0,PKD1,P98161,
c.2039A>T,P98161 680 Y F,0,PKD1,P98161,
c.1714C>T,P98161 572 P S,0,PKD1,P98161,
c.1202C>T,P98161 401 A V,0,PKD1,P98161,
c.1123C>A,P98161 375 L I,0,PKD1,P98161,
c.871G>T,P98161 291 A S,0,PKD1,P98161,1B4R A 24 A 80
c.739C>T,P98161 247 L F,0,PKD1,P98161,
c.603C>G,P98161 201 H Q,0,PKD1,P98161,
c.580G>A,P98161 194 A T,0,PKD1,P98161,
c.503G>C,P98161 168 G A,0,PKD1,P98161,
c.419C>T,P98161 140 A V,0,PKD1,P98161,
c.242C>T,P98161 81 A V,0,PKD1,P98161,
c.238C>T,P98161 80 R W,0,PKD1,P98161,
c.182C>T,P98161 61 P L,0,PKD1,P98161,
c.107C>A,P98161 36 P H,0,PKD1,P98161,
c.83G>C,Q13563 28 R P,0,PKD2,Q13563,
c.568G>A,Q13563 190 A T,0,PKD2,Q13563,
c.1354A>G,Q13563 452 I V,0,PKD2,Q13563,5MKE A 452 I 475
c.1546G>T,Q13563 516 V L,0,PKD2,Q13563,5MKE A 516 V 475
c.2164G>T,Q13563 722 V L,0,PKD2,Q13563,2KQ6 A 3 V 78
c.2420G>A,Q13563 807 R Q,0,PKD2,Q13563,
c.12143A>G,P08F94 4048 Q R,0,PKHD1,P08F94,
c.11878G>A,P08F94 3960 V I,0,PKHD1,P08F94,
c.11738G>A,P08F94 3913 R H,0,PKHD1,P08F94,
c.11714T>A,P08F94 3905 I N,0,PKHD1,P08F94,
c.11696A>G,P08F94 3899 Q R,0,PKHD1,P08F94,
c.11525G>T,P08F94 3842 R L,0,PKHD1,P08F94,
c.11509G>A,P08F94 3837 V I,0,PKHD1,P08F94,
c.10585G>C,P08F94 3529 E Q,0,PKHD1,P08F94,
c.10515C>G,P08F94 3505 S R,0,PKHD1,P08F94,
c.9577G>A,P08F94 3193 V I,0,PKHD1,P08F94,
c.8606C>A,P08F94 2869 T K,0,PKHD1,P08F94,
c.7921A>G,P08F94 2641 T A,0,PKHD1,P08F94,
c.7298A>T,P08F94 2433 D V,0,PKHD1,P08F94,
c.6211A>C,P08F94 2071 N H,0,PKHD1,P08F94,
c.5725C>T,P08F94 1909 R W,0,PKHD1,P08F94,
c.5608T>G,P08F94 1870 L V,0,PKHD1,P08F94,
c.5093A>G,P08F94 1698 N S,0,PKHD1,P08F94,
c.4844C>T,P08F94 1615 T M,0,PKHD1,P08F94,
c.3785C>T,P08F94 1262 A V,0,PKHD1,P08F94,
c.3686G>C,P08F94 1229 W S,0,PKHD1,P08F94,
c.3310T>G,P08F94 1104 S A,0,PKHD1,P08F94,
c.2489A>G,P08F94 830 N S,0,PKHD1,P08F94,
c.2278C>T,P08F94 760 R C,0,PKHD1,P08F94,
c.2027C>G,P08F94 676 P R,0,PKHD1,P08F94,
c.1877A>G,P08F94 626 K R,0,PKHD1,P08F94,
c.1736C>T,P08F94 579 T M,0,PKHD1,P08F94,
c.1675C>T,P08F94 559 R W,0,PKHD1,P08F94,
c.1316T>C,Q9BVK2 439 I T,0,ALG8,Q9BVK2,
c.896T>C,Q9BVK2 299 I T,0,ALG8,Q9BVK2,
c.803G>A,Q9BVK2 268 R Q,0,ALG8,Q9BVK2,
c.665A>G,Q9BVK2 222 N S,0,ALG8,Q9BVK2,
c.518G>A,Q14697 173 R Q,0,GANAB,Q14697,8D43 A 173 R 862
c.460C>T,Q14697 154 R W,0,GANAB,Q14697,8D43 A 154 R 862
c.341G>A,Q14697 114 R H,0,GANAB,Q14697,8D43 A 114 R 862
