,SAV_coords,labels
0,P98161 1227 A S,0
1,P98161 1311 A T,0
2,P98161 140 A V,0
3,P98161 1422 A T,0
4,P98161 1447 A V,0
5,P98161 1516 A T,0
6,P98161 1871 A T,0
7,P98161 194 A T,0
8,P98161 2003 A T,0
9,P98161 2082 A T,0
10,P98161 2312 A V,0
11,P98161 2704 A V,0
12,P98161 2815 A V,0
13,P98161 291 A S,0
14,P98161 3467 A V,0
15,P98161 3512 A V,0
16,P98161 3552 A S,0
17,P98161 401 A V,0
18,P98161 4059 A V,0
19,P98161 637 A V,0
20,P98161 696 A T,0
21,P98161 747 A T,0
22,P98161 756 A T,0
23,P98161 81 A V,0
24,P98161 1142 R W,0
25,P98161 1285 R W,0
26,P98161 1312 R Q,0
27,P98161 1340 R W,0
28,P98161 2163 R Q,0
29,P98161 2166 R C,0
30,P98161 2191 R H,0
31,P98161 2200 R C,0
32,P98161 2681 R H,0
33,P98161 3117 R H,0
34,P98161 3435 R Q,0
35,P98161 4276 R W,0
36,P98161 791 R Q,0
37,P98161 80 R W,0
38,P98161 1034 N S,0
39,P98161 2604 D N,0
40,P98161 3906 C F,0
41,P98161 2182 Q R,0
42,P98161 1811 E D,0
43,P98161 2111 E K,0
44,P98161 2548 E Q,0
45,P98161 2779 E K,0
46,P98161 2966 E D,0
47,P98161 3068 E D,0
48,P98161 2814 G R,0
49,P98161 3560 G R,0
50,P98161 4257 G R,0
51,P98161 2638 H R,0
52,P98161 4045 I V,0
53,P98161 1086 L V,0
54,P98161 1106 L V,0
55,P98161 1290 L V,0
56,P98161 2696 L R,0
57,P98161 3511 L V,0
58,P98161 375 L I,0
59,P98161 1092 M T,0
60,P98161 3066 F L,0
61,P98161 1168 P S,0
62,P98161 2597 P A,0
63,P98161 2674 P S,0
64,P98161 3412 P S,0
65,P98161 36 P H,0
66,P98161 572 P S,0
67,P98161 839 P S,0
68,P98161 1047 S L,0
69,P98161 1081 S L,0
70,P98161 1619 S F,0
71,P98161 1684 S L,0
72,P98161 372 S N,0
73,P98161 3779 S R,0
74,P98161 843 S P,0
75,P98161 903 S G,0
76,P98161 1773 T I,0
77,P98161 2488 T I,0
78,P98161 2708 T M,0
79,P98161 2756 T I,0
80,P98161 3510 T M,0
81,P98161 3778 T N,0
82,P98161 938 T M,0
83,P98161 1399 W R,0
84,P98161 2882 W R,0
85,P98161 680 Y F,0
86,P98161 1604 V M,0
87,P98161 1943 V I,0
88,P98161 2897 V I,0
89,P98161 3008 V M,0
90,P98161 3057 V M,0
91,P98161 3409 V L,0
92,P98161 4146 V I,0
93,P98161 882 V M,0
94,Q13563 190 A T,0
95,Q13563 28 R P,0
96,Q13563 807 R Q,0
97,Q13563 827 R K,0
98,Q13563 452 I V,0
99,Q13563 516 V L,0
100,Q13563 722 V L,0
101,P98161 2516 R C,1
102,P98161 2643 R C,1
103,P98161 2767 R C,1
104,P98161 2767 R P,1
105,P98161 3277 R C,1
106,P98161 3753 R W,1
107,P98161 4136 R G,1
108,P98161 4228 R P,1
109,P98161 510 R P,1
110,P98161 1870 N H,1
111,P98161 3188 N I,1
112,P98161 97 D G,1
113,P98161 210 C Y,1
114,P98161 232 C S,1
115,P98161 2370 C R,1
116,P98161 2370 C S,1
117,P98161 2373 C Y,1
118,P98161 2495 C R,1
119,P98161 2495 C Y,1
120,P98161 3015 C W,1
121,P98161 3015 C Y,1
122,P98161 3112 C Y,1
123,P98161 530 C Y,1
124,P98161 3016 Q R,1
125,P98161 2771 E K,1
126,P98161 3604 E K,1
127,P98161 1319 G R,1
128,P98161 2278 G R,1
129,P98161 3144 G R,1
130,P98161 3144 G E,1
131,P98161 515 G R,1
132,P98161 515 G W,1
133,P98161 2297 H P,1
134,P98161 3186 H Q,1
135,P98161 2512 L R,1
136,P98161 2539 L R,1
137,P98161 2816 L Q,1
138,P98161 2816 L P,1
139,P98161 2993 L P,1
140,P98161 727 L P,1
141,P98161 845 L S,1
142,P98161 3181 K N,1
143,P98161 2853 F S,1
144,P98161 2978 F S,1
145,P98161 2372 S C,1
146,P98161 2423 S F,1
147,P98161 2423 S Y,1
148,P98161 3329 S F,1
149,P98161 75 S F,1
150,P98161 2977 T I,1
151,P98161 1328 W R,1
152,P98161 139 W C,1
153,P98161 1839 W R,1
154,P98161 2298 W G,1
155,P98161 3726 W R,1
156,P98161 3842 W R,1
157,P98161 1412 Y D,1
158,P98161 2379 Y C,1
159,P98161 420 Y C,1
160,P98161 528 Y C,1
161,P98161 3138 V E,1
162,P98161 230 C F,1
163,P98161 259 C Y,1
164,P98161 271 A D,1
165,P98161 325 Y C,1
166,P98161 421 R C,1
167,P98161 422 L Q,1
168,P98161 432 A V,1
169,P98161 455 F S,1
170,P98161 531 E K,1
171,P98161 611 R W,1
172,P98161 935 L F,1
173,P98161 962 D Y,1
174,P98161 962 D G,1
175,P98161 1164 G R,1
176,P98161 1166 G S,1
177,P98161 1247 M I,1
178,P98161 1868 A S,1
179,P98161 1999 G S,1
180,P98161 2006 W C,1
181,P98161 2075 R P,1
182,P98161 2098 D A,1
183,P98161 2114 Y C,1
184,P98161 2124 V E,1
185,P98161 2132 F C,1
186,P98161 2166 R L,1
187,P98161 2167 N D,1
188,P98161 2171 A G,1
189,P98161 2215 R W,1
190,P98161 2216 L P,1
191,P98161 2223 L V,1
192,P98161 2290 D Y,1
193,P98161 2330 L Q,1
194,P98161 2337 T P,1
195,P98161 2342 V G,1
196,P98161 2370 C Y,1
197,P98161 2372 S P,1
198,P98161 2372 S F,1
199,P98161 2414 T M,1
200,P98161 2434 R W,1
201,P98161 2433 L R,1
202,P98161 2487 L P,1
203,P98161 2530 G D,1
204,P98161 2542 G C,1
205,P98161 2565 A V,1
206,P98161 2611 Y H,1
207,P98161 2615 L R,1
208,P98161 2657 T P,1
209,P98161 2767 R G,1
210,P98161 2768 V M,1
211,P98161 2776 L P,1
212,P98161 2787 R G,1
213,P98161 2793 L V,1
214,P98161 2846 T I,1
215,P98161 2978 F T,1
216,P98161 3053 A D,1
217,P98161 3058 P L,1
218,P98161 3130 R W,1
219,P98161 3134 T A,1
220,P98161 3135 T M,1
221,P98161 3181 K E,1
222,P98161 3183 R Q,1
223,P98161 3195 W C,1
224,P98161 3215 V A,1
225,P98161 3368 D N,1
226,P98161 1711 T I,1
227,P98161 3539 T I,1
228,P98161 3651 G S,1
229,P98161 3750 R Q,1
230,P98161 3753 R Q,1
231,P98161 3818 G D,1
232,P98161 3837 L P,1
233,P98161 3842 W C,1
234,P98161 3976 S I,1
235,P98161 4001 K N,1
236,P98161 4142 G C,1
237,P98161 4150 R C,1
238,Q13563 322 R Q,1
239,Q13563 322 R W,1
240,Q13563 325 R Q,1
241,Q13563 440 R S,1
242,Q13563 511 D V,1
243,Q13563 886 D G,1
244,Q13563 331 C S,1
245,Q13563 331 C Y,1
246,Q13563 344 C Y,1
247,Q13563 636 Q K,1
248,Q13563 292 Y C,1
249,Q13563 326 V G,1
250,Q13563 344 C R,1
251,Q13563 348 Y N,1
252,Q13563 635 T I,1
253,Q13563 636 Q H,1
