,deltaPSIC,wtPSIC,consurf,BLOSUM,GNM_V2_full,loop_percent,deltaPolarity,DELTA_Hbond,GNM_V1_full,ACNR,SASA,ANM_stiffness_chain,sheet_percent,entropy,Dcom,AG3,ranked_MI,GNM_Eigval1_full,SSbond,Rg,GNM_rankV2_full,helix_percent,Hbond,AG1,GNM_co_rank_full,Lside,GNM_Eigval2_full,AG5,IDRs,deltaCharge,deltaLside,ANM_effectiveness_chain,GNM_rankV1_full
deltaPSIC,1.0,0.6861424299241542,0.45889847755722696,0.4774368262486371,0.10895538001797413,0.0862489590332311,0.05872388302765193,0.09793389619296465,0.09876953698948654,0.3016154472862613,0.2650259933483829,0.20504499101424287,0.07492399269509493,0.35647805071236255,0.141740172739588,0.15138966509464452,0.14607809786858994,0.03190185550634479,0.09968743197185836,0.019307535643748958,0.07499835895152146,0.0036580699770035496,0.13890359023442456,0.16983678529298812,0.17732000166126732,0.18104834197880879,0.021419275708194793,0.1467846587845191,0.08088914992123115,0.003185632512279284,0.0899780270145779,0.03538988965299881,0.062328360510693785
wtPSIC,0.6861424299241542,1.0,0.6059708137241936,0.14703831457084277,0.13331182874804473,0.07929476298055962,0.022573823132928234,0.05509467768598659,0.10815202690185927,0.39439706099133964,0.34337050471492647,0.22466152435336406,0.048656892253311754,0.4804202587977059,0.1943361811194797,0.16336343434176032,0.19859523860436798,0.03392345693202587,0.06481904059028733,0.015356388773535743,0.1023042535696988,0.01679576865873852,0.11562380503161857,0.15525533381420384,0.2462797554608824,0.0035717313207491164,0.036214678933361714,0.17131433230700616,0.08508702184325798,0.05509253780722597,0.0923639155840381,0.04709873045386525,0.07168881473879639
consurf,0.45889847755722696,0.6059708137241936,1.0,0.09503473930553971,0.13359871000971346,0.08473843906871412,0.03147883751430316,0.09120192274910723,0.10880905737503083,0.6259524545960398,0.4633699199886786,0.3083059993282109,0.07429414567666717,0.6163975138514802,0.27035176730479454,0.23680881053324007,0.2760043120947219,0.025412369620423057,0.10322360123764866,0.03452831937675046,0.12771608059353745,0.0031389836283335776,0.18892996057156136,0.2435183616870925,0.3398236545722883,0.02566123819148294,0.011788160868930146,0.23259159120868225,0.127296360471484,0.030194783982350468,0.049901265885711414,0.05615383874502827,0.09783268334869466
BLOSUM,0.4774368262486371,0.14703831457084277,0.09503473930553971,1.0,0.02373905553600146,0.06382984129521237,0.04323622064922253,0.025580059631280704,0.010294549663912345,0.03732747285331739,0.07117724683859686,0.04610667300138666,0.011795419803148063,0.10684574779431127,0.005700894127747746,0.037009183096971474,0.06492536842265739,0.0155408650667732,0.12518238496566017,0.0012496024221302763,0.005834785717115607,0.047367566654037435,0.023297084764723495,0.027753768939441408,0.03064323515758523,0.013833014988635848,0.0073514036359719264,0.036073018293180374,0.022446976106548104,0.00043846067419471026,0.016452995011159363,0.0053952930777678215,0.006444950180738307
GNM_V2_full,0.10895538001797413,0.13331182874804473,0.13359871000971346,0.02373905553600146,1.0,0.04994426716950265,0.009126481045534122,0.017052267469724325,0.23228911325672297,0.2132419763676938,0.18873032755452204,0.18195963040114496,0.06170519416330212,0.09011338958129134,0.25272344551649045,0.10174645172722688,0.018390316141635405,0.27700347172148704,0.027107612257230733,0.26621299021325734,0.7515249887840653,0.010048869275119401,0.04947828661163318,0.06429933692606868,0.28082024700083397,0.0020611264325788602,0.3168502440364344,0.12713007572895504,0.10316843499381947,0.016959142908568633,0.01225680170172363,0.05626779874462497,0.01662040690804487
loop_percent,0.0862489590332311,0.07929476298055962,0.08473843906871412,0.06382984129521237,0.04994426716950265,1.0,0.0068308796525680966,0.025732928347946882,0.0014784208510941572,0.028942870099127087,0.0046042305651265835,0.161872963220946,0.21305915228893718,0.046496100934461895,0.044252686629900395,0.04352538474222069,0.03598192125924081,0.09504209341675791,0.14288564536254522,0.17187635328153966,0.03285246601166024,0.760863353495128,0.15190843019915487,0.024300791587426755,0.0605745197053828,0.0072226358023870845,0.08871101821406703,0.09736356898227891,0.08135294559796283,0.006214573426286549,0.007814455168806127,0.03835165193876125,0.02578512652852782
deltaPolarity,0.05872388302765193,0.022573823132928234,0.03147883751430316,0.04323622064922253,0.009126481045534122,0.0068308796525680966,1.0,0.2545468626767891,0.005044033229200075,0.034231640122956306,0.1774473746273794,0.06303116905079917,0.020126434096872526,0.04020375731685812,0.04285498757870754,0.04880013982267764,0.03731754749234919,0.005364843955080072,0.10737429669302484,0.00927863764693537,0.010220697859152328,0.009136451442519617,0.14472303961779262,0.04112449936562444,0.08377368071924982,0.0073022872007808826,0.017707181483539683,0.039915705448441946,0.07699201691540951,0.6514008658641126,0.09885645931196287,0.0050734847687139055,0.01540850630410847
DELTA_Hbond,0.09793389619296465,0.05509467768598659,0.09120192274910723,0.025580059631280704,0.017052267469724325,0.025732928347946882,0.2545468626767891,1.0,0.002704189615660908,0.04086098382034893,0.10505947639222657,0.10691281670719963,0.03591027806245317,0.052108376107395035,0.03409988972514515,0.13355611579715468,0.0033831956948569167,0.02556758542338251,0.0998987857143045,0.05123192257104162,0.026639616862367804,0.007912349785279708,0.6179144309121021,0.1983509766724123,0.04813189717903787,0.026218857445754588,0.03948173719635133,0.10825088546724551,0.0053782039508621145,0.2454623786256703,0.15571028127890113,0.010489721309429335,0.006569881947363021
GNM_V1_full,0.09876953698948654,0.10815202690185927,0.10880905737503083,0.010294549663912345,0.23228911325672297,0.0014784208510941572,0.005044033229200075,0.002704189615660908,1.0,0.16203264427226463,0.14040460960309398,0.1759058033937525,0.0972780604646723,0.0562616799627804,0.4818425853764074,0.0952446417257051,0.0061769182100939275,0.26707402214949616,0.029058926868819696,0.2769378775325457,0.01803939151602159,0.06369269530940413,0.0320223042524819,0.07793219962802161,0.3741906490360467,0.0075651766500765,0.33491168117166314,0.09757983915027661,0.11701927842938341,0.020769532940718215,0.012196080948780589,0.04834979659360025,0.6698713742181946
ACNR,0.3016154472862613,0.39439706099133964,0.6259524545960398,0.03732747285331739,0.2132419763676938,0.028942870099127087,0.034231640122956306,0.04086098382034893,0.16203264427226463,1.0,0.35140740812439647,0.3587380337433227,0.06343638263005583,0.3910716913223391,0.36164639811482086,0.2735975956712657,0.11322935223249127,0.027859220413717987,0.0061257596879130075,0.035449436283190035,0.20975128805118468,0.024207573156648867,0.11414943021544864,0.16960457038225268,0.4180761529036213,0.0039951083158191875,0.015930945519794404,0.31157461541278436,0.20623980747754145,0.02472607599095326,0.014901393590474406,0.06997739737277134,0.15368231296177756
SASA,0.2650259933483829,0.34337050471492647,0.4633699199886786,0.07117724683859686,0.18873032755452204,0.0046042305651265835,0.1774473746273794,0.10505947639222657,0.14040460960309398,0.35140740812439647,1.0,0.5669010980002326,0.013288652848500096,0.319556789827657,0.31181179869729286,0.4521725147734101,0.12559448362298445,0.01756226014232176,0.059243276402574145,0.03751706736551532,0.1490941644689367,0.005974149241873854,0.38016583416988836,0.5171083996001613,0.5644510482415838,0.014602199035742046,0.03699908169736198,0.40616809858335307,0.18099957637719688,0.13232764528070026,0.06887613470968568,0.05789278158938493,0.08574967887231384
ANM_stiffness_chain,0.20504499101424287,0.22466152435336406,0.3083059993282109,0.04610667300138666,0.18195963040114496,0.161872963220946,0.06303116905079917,0.10691281670719963,0.1759058033937525,0.3587380337433227,0.5669010980002326,1.0,0.007048311170489717,0.17687243640145606,0.3018286729795397,0.3719174798386057,0.05941653220705822,0.21521828521619624,0.04869270029460993,0.2784717639961371,0.15780992782190228,0.09557603188582403,0.27070978487964664,0.28631764562131284,0.4344702431314507,0.01064390235108596,0.24979680149182407,0.3845706356099812,0.20780625171237718,0.0522804185094586,0.03327086611295167,0.041375891472583276,0.12826789432819616
sheet_percent,0.07492399269509493,0.048656892253311754,0.07429414567666717,0.011795419803148063,0.06170519416330212,0.21305915228893718,0.020126434096872526,0.03591027806245317,0.0972780604646723,0.06343638263005583,0.013288652848500096,0.007048311170489717,1.0,0.04243558613283778,0.01773027950082633,0.08795430821227937,0.012002148722060811,0.11890471910250855,0.06385009719329918,0.17456285630847632,0.0018403253999249901,0.7961215592980093,0.002783190038631174,0.02934626768819182,0.011703806544220428,0.004085451051485989,0.16811438272945206,0.1682215156875011,0.008888910813298503,0.027426693162664117,0.013280457661781203,0.038700902300338055,0.001781289124055462
entropy,0.35647805071236255,0.4804202587977059,0.6163975138514802,0.10684574779431127,0.09011338958129134,0.046496100934461895,0.04020375731685812,0.052108376107395035,0.0562616799627804,0.3910716913223391,0.319556789827657,0.17687243640145606,0.04243558613283778,1.0,0.17453826320454385,0.15017222140315856,0.635995524020397,0.05275607290064971,0.15276578309401342,0.012228970883354187,0.07025874368474973,0.0005691956474002732,0.1488159741550115,0.1585635362875723,0.21836219081681094,0.028481917006950422,0.04540808096447415,0.1530825506817748,0.04268572842064068,0.026797734179839473,0.06516712063221822,0.04502162098722884,0.05001258315306094
Dcom,0.141740172739588,0.1943361811194797,0.27035176730479454,0.005700894127747746,0.25272344551649045,0.044252686629900395,0.04285498757870754,0.03409988972514515,0.4818425853764074,0.36164639811482086,0.31181179869729286,0.3018286729795397,0.01773027950082633,0.17453826320454385,1.0,0.26529880005006506,0.027661950102942715,0.035151095202315075,0.015875129419420275,0.03374303048908662,0.3101400314493131,0.03918401172994827,0.13961900099077462,0.2242136186543659,0.6512418004021515,0.02380353527555404,0.05087389351434985,0.27029634788204526,0.12679813121373945,0.0394435115428418,0.029371412838906468,0.02485149178925231,0.631614979037178
AG3,0.15138966509464452,0.16336343434176032,0.23680881053324007,0.037009183096971474,0.10174645172722688,0.04352538474222069,0.04880013982267764,0.13355611579715468,0.0952446417257051,0.2735975956712657,0.4521725147734101,0.3719174798386057,0.08795430821227937,0.15017222140315856,0.26529880005006506,1.0,0.05208515898148557,0.08546510646908179,0.00715131159108968,0.10605385891506211,0.11493259393480244,0.08537367022357481,0.2773323473083775,0.7977738331638135,0.45440718004052816,0.022580538899419147,0.1117076561784908,0.9099011995100946,0.1409652436127159,0.015219213010656436,0.07468928276664825,0.03678473477144459,0.11160347900575598
ranked_MI,0.14607809786858994,0.19859523860436798,0.2760043120947219,0.06492536842265739,0.018390316141635405,0.03598192125924081,0.03731754749234919,0.0033831956948569167,0.0061769182100939275,0.11322935223249127,0.12559448362298445,0.05941653220705822,0.012002148722060811,0.635995524020397,0.027661950102942715,0.05208515898148557,1.0,0.004976885851789314,0.09399803089509966,0.0016554835685208178,0.019609511074210453,0.014298027086121105,0.06089303724188912,0.047256935397835424,0.06175175008392947,0.009553536246765115,0.007487781767304776,0.06132045484887701,0.029362816384643952,0.013297024843960052,0.05097986892685439,0.015694469357639483,0.005128749812536898
GNM_Eigval1_full,0.03190185550634479,0.03392345693202587,0.025412369620423057,0.0155408650667732,0.27700347172148704,0.09504209341675791,0.005364843955080072,0.02556758542338251,0.26707402214949616,0.027859220413717987,0.01756226014232176,0.21521828521619624,0.11890471910250855,0.05275607290064971,0.035151095202315075,0.08546510646908179,0.004976885851789314,1.0,0.017171692101497864,0.5235947340511916,0.021395383475528794,0.020106919029942192,0.050210944986726576,0.058006029947944224,0.020327793709902595,0.008940663340206628,0.8036674456429673,0.08852745999740864,0.021717726165623487,0.008983027926570368,0.01708274360087584,0.082941782588455,0.026901464105471923
SSbond,0.09968743197185836,0.06481904059028733,0.10322360123764866,0.12518238496566017,0.027107612257230733,0.14288564536254522,0.10737429669302484,0.0998987857143045,0.029058926868819696,0.0061257596879130075,0.059243276402574145,0.04869270029460993,0.06385009719329918,0.15276578309401342,0.015875129419420275,0.00715131159108968,0.09399803089509966,0.017171692101497864,1.0,0.01801999217610336,0.020992874926858834,0.13090410100888308,0.0704332075042513,0.003460727933450336,0.015269471520456834,0.13983266080837295,0.013813091584958224,0.0048460537875390265,0.009646224395644446,0.06708462150212059,0.1855244491950378,0.012067357924771711,0.0013951471695684363
Rg,0.019307535643748958,0.015356388773535743,0.03452831937675046,0.0012496024221302763,0.26621299021325734,0.17187635328153966,0.00927863764693537,0.05123192257104162,0.2769378775325457,0.035449436283190035,0.03751706736551532,0.2784717639961371,0.17456285630847632,0.012228970883354187,0.03374303048908662,0.10605385891506211,0.0016554835685208178,0.5235947340511916,0.01801999217610336,1.0,0.03258659048781351,0.009485046337993332,0.09336696665940987,0.09062950413195055,0.039125065827255424,0.018998903292273855,0.5963650277613769,0.10054535614202445,0.0006843417261466522,0.0023069215263611135,0.01725850526913491,0.061816045624449076,0.048604609877181855
GNM_rankV2_full,0.07499835895152146,0.1023042535696988,0.12771608059353745,0.005834785717115607,0.7515249887840653,0.03285246601166024,0.010220697859152328,0.026639616862367804,0.01803939151602159,0.20975128805118468,0.1490941644689367,0.15780992782190228,0.0018403253999249901,0.07025874368474973,0.3101400314493131,0.11493259393480244,0.019609511074210453,0.021395383475528794,0.020992874926858834,0.03258659048781351,1.0,0.02156969587606079,0.0592422468439597,0.07423537179067069,0.30722132180723044,0.005539698467827664,0.028585525705811448,0.14102663935875487,0.08309987999254602,0.017023293509818807,0.02211023140092757,0.048173580930647435,0.016414549703876374
helix_percent,0.0036580699770035496,0.01679576865873852,0.0031389836283335776,0.047367566654037435,0.010048869275119401,0.760863353495128,0.009136451442519617,0.007912349785279708,0.06369269530940413,0.024207573156648867,0.005974149241873854,0.09557603188582403,0.7961215592980093,0.0005691956474002732,0.03918401172994827,0.08537367022357481,0.014298027086121105,0.020106919029942192,0.13090410100888308,0.009485046337993332,0.02156969587606079,1.0,0.09593413030933946,0.0345415450457889,0.029744067847574558,0.007186793866940236,0.05671130244733917,0.17202916840085153,0.05629024282373097,0.014366718316643512,0.01366031354164428,0.0019502690850393967,0.01478714824315501
Hbond,0.13890359023442456,0.11562380503161857,0.18892996057156136,0.023297084764723495,0.04947828661163318,0.15190843019915487,0.14472303961779262,0.6179144309121021,0.0320223042524819,0.11414943021544864,0.38016583416988836,0.27070978487964664,0.002783190038631174,0.1488159741550115,0.13961900099077462,0.2773323473083775,0.06089303724188912,0.050210944986726576,0.0704332075042513,0.09336696665940987,0.0592422468439597,0.09593413030933946,1.0,0.4232860758799013,0.2589448889828369,0.05473504001131028,0.06927007199396235,0.20055641871903288,0.06794864735812754,0.1647538967376323,0.11412012096345112,0.010111105299130757,0.03337688838850753
AG1,0.16983678529298812,0.15525533381420384,0.2435183616870925,0.027753768939441408,0.06429933692606868,0.024300791587426755,0.04112449936562444,0.1983509766724123,0.07793219962802161,0.16960457038225268,0.5171083996001613,0.28631764562131284,0.02934626768819182,0.1585635362875723,0.2242136186543659,0.7977738331638135,0.047256935397835424,0.058006029947944224,0.003460727933450336,0.09062950413195055,0.07423537179067069,0.0345415450457889,0.4232860758799013,1.0,0.37762890784916203,0.03542266754957744,0.07898239917632555,0.662836174437904,0.0812702167149666,0.07406970054699305,0.18070343223444563,0.0329671575550744,0.08769203110692564
GNM_co_rank_full,0.17732000166126732,0.2462797554608824,0.3398236545722883,0.03064323515758523,0.28082024700083397,0.0605745197053828,0.08377368071924982,0.04813189717903787,0.3741906490360467,0.4180761529036213,0.5644510482415838,0.4344702431314507,0.011703806544220428,0.21836219081681094,0.6512418004021515,0.45440718004052816,0.06175175008392947,0.020327793709902595,0.015269471520456834,0.039125065827255424,0.30722132180723044,0.029744067847574558,0.2589448889828369,0.37762890784916203,1.0,0.012416232101715007,0.038833606890557086,0.45720362654999863,0.19743168521425167,0.07857454265866966,0.05191457170947746,0.06159929466440123,0.4747528862867609
Lside,0.18104834197880879,0.0035717313207491164,0.02566123819148294,0.013833014988635848,0.0020611264325788602,0.0072226358023870845,0.0073022872007808826,0.026218857445754588,0.0075651766500765,0.0039951083158191875,0.014602199035742046,0.01064390235108596,0.004085451051485989,0.028481917006950422,0.02380353527555404,0.022580538899419147,0.009553536246765115,0.008940663340206628,0.13983266080837295,0.018998903292273855,0.005539698467827664,0.007186793866940236,0.05473504001131028,0.03542266754957744,0.012416232101715007,1.0,0.014384641804394362,0.018893249865477964,0.005351353205508401,0.22572616502761084,0.6589252962013653,0.004668262955694369,0.028723377587543376
GNM_Eigval2_full,0.021419275708194793,0.036214678933361714,0.011788160868930146,0.0073514036359719264,0.3168502440364344,0.08871101821406703,0.017707181483539683,0.03948173719635133,0.33491168117166314,0.015930945519794404,0.03699908169736198,0.24979680149182407,0.16811438272945206,0.04540808096447415,0.05087389351434985,0.1117076561784908,0.007487781767304776,0.8036674456429673,0.013813091584958224,0.5963650277613769,0.028585525705811448,0.05671130244733917,0.06927007199396235,0.07898239917632555,0.038833606890557086,0.014384641804394362,1.0,0.11756443146330696,0.0258007695499351,0.01623653131438987,0.020656165276364064,0.08623747297541433,0.04230526899625408
AG5,0.1467846587845191,0.17131433230700616,0.23259159120868225,0.036073018293180374,0.12713007572895504,0.09736356898227891,0.039915705448441946,0.10825088546724551,0.09757983915027661,0.31157461541278436,0.40616809858335307,0.3845706356099812,0.1682215156875011,0.1530825506817748,0.27029634788204526,0.9099011995100946,0.06132045484887701,0.08852745999740864,0.0048460537875390265,0.10054535614202445,0.14102663935875487,0.17202916840085153,0.20055641871903288,0.662836174437904,0.45720362654999863,0.018893249865477964,0.11756443146330696,1.0,0.15713415887898644,0.0031468839449191994,0.029715085731046628,0.03484120832033923,0.11546807376975977
IDRs,0.08088914992123115,0.08508702184325798,0.127296360471484,0.022446976106548104,0.10316843499381947,0.08135294559796283,0.07699201691540951,0.0053782039508621145,0.11701927842938341,0.20623980747754145,0.18099957637719688,0.20780625171237718,0.008888910813298503,0.04268572842064068,0.12679813121373945,0.1409652436127159,0.029362816384643952,0.021717726165623487,0.009646224395644446,0.0006843417261466522,0.08309987999254602,0.05629024282373097,0.06794864735812754,0.0812702167149666,0.19743168521425167,0.005351353205508401,0.0258007695499351,0.15713415887898644,1.0,0.04452908496050243,0.023541672144704654,0.018590151084316706,0.07157771378103864
deltaCharge,0.003185632512279284,0.05509253780722597,0.030194783982350468,0.00043846067419471026,0.016959142908568633,0.006214573426286549,0.6514008658641126,0.2454623786256703,0.020769532940718215,0.02472607599095326,0.13232764528070026,0.0522804185094586,0.027426693162664117,0.026797734179839473,0.0394435115428418,0.015219213010656436,0.013297024843960052,0.008983027926570368,0.06708462150212059,0.0023069215263611135,0.017023293509818807,0.014366718316643512,0.1647538967376323,0.07406970054699305,0.07857454265866966,0.22572616502761084,0.01623653131438987,0.0031468839449191994,0.04452908496050243,1.0,0.4644909233889429,0.015296429748082065,0.025187967374861914
deltaLside,0.0899780270145779,0.0923639155840381,0.049901265885711414,0.016452995011159363,0.01225680170172363,0.007814455168806127,0.09885645931196287,0.15571028127890113,0.012196080948780589,0.014901393590474406,0.06887613470968568,0.03327086611295167,0.013280457661781203,0.06516712063221822,0.029371412838906468,0.07468928276664825,0.05097986892685439,0.01708274360087584,0.1855244491950378,0.01725850526913491,0.02211023140092757,0.01366031354164428,0.11412012096345112,0.18070343223444563,0.05191457170947746,0.6589252962013653,0.020656165276364064,0.029715085731046628,0.023541672144704654,0.4644909233889429,1.0,0.012127117258928182,0.02633578879164773
ANM_effectiveness_chain,0.03538988965299881,0.04709873045386525,0.05615383874502827,0.0053952930777678215,0.05626779874462497,0.03835165193876125,0.0050734847687139055,0.010489721309429335,0.04834979659360025,0.06997739737277134,0.05789278158938493,0.041375891472583276,0.038700902300338055,0.04502162098722884,0.02485149178925231,0.03678473477144459,0.015694469357639483,0.082941782588455,0.012067357924771711,0.061816045624449076,0.048173580930647435,0.0019502690850393967,0.010111105299130757,0.0329671575550744,0.06159929466440123,0.004668262955694369,0.08623747297541433,0.03484120832033923,0.018590151084316706,0.015296429748082065,0.012127117258928182,1.0,0.003993352574117798
GNM_rankV1_full,0.062328360510693785,0.07168881473879639,0.09783268334869466,0.006444950180738307,0.01662040690804487,0.02578512652852782,0.01540850630410847,0.006569881947363021,0.6698713742181946,0.15368231296177756,0.08574967887231384,0.12826789432819616,0.001781289124055462,0.05001258315306094,0.631614979037178,0.11160347900575598,0.005128749812536898,0.026901464105471923,0.0013951471695684363,0.048604609877181855,0.016414549703876374,0.01478714824315501,0.03337688838850753,0.08769203110692564,0.4747528862867609,0.028723377587543376,0.04230526899625408,0.11546807376975977,0.07157771378103864,0.025187967374861914,0.02633578879164773,0.003993352574117798,1.0
