feature,t-pvalue,K-S-pvalue,M-W_U_pvalue,wasserstein_distance,ttest_rank,KStest_rank,MWUtest_rank,wasserstein_dist_rank,sum_rank_ttestANDwasserstein,sum_rank_ttestANDKStest
entropy,0.0,5.479638269407993e-284,0.0,0.66129775018815,3.0,4.0,3.0,4.0,7.0,7.0
wtPSIC,0.0,0.0,0.0,0.9323217305959205,3.0,2.0,3.0,2.0,5.0,5.0
deltaPSIC,0.0,0.0,0.0,1.0087144400355172,3.0,2.0,3.0,1.0,4.0,5.0
consurf,0.0,0.0,0.0,0.8475704109034126,3.0,2.0,3.0,3.0,6.0,5.0
ACNR,0.0,4.627765663919732e-252,0.0,0.5880020240266874,3.0,6.0,3.0,5.0,8.0,9.0
BLOSUM,6.635661840079576e-297,9.498205846833892e-220,7.83987153642298e-273,0.5404755322309718,6.0,7.0,7.0,6.0,12.0,13.0
SASA,3.713090107687886e-278,6.3186035336307956e-254,1.0817051497833366e-290,0.5226715276332717,7.0,5.0,6.0,7.0,14.0,12.0
GNM_co_rank_full,1.673245371953921e-119,1.2648434011936332e-93,1.942621706713192e-114,0.34393828607033183,8.0,13.0,10.0,9.0,17.0,21.0
ANM_stiffness_chain,1.6937760274540383e-117,5.0523822417199827e-172,4.3402455342141254e-176,0.3587303982901823,9.0,8.0,8.0,8.0,17.0,17.0
loop_percent,5.152433678619965e-104,7.816502399266382e-138,9.405945758075747e-125,0.3218921413896525,10.0,9.0,9.0,10.0,20.0,19.0
GNM_V2_full,1.0850431714118903e-91,3.4613341676127036e-93,1.9409032951330537e-96,0.3010542525648492,11.0,14.0,14.0,11.0,22.0,25.0
AG1,1.5705202261026159e-71,9.53122953583571e-74,3.444392571694664e-111,0.2653533283998422,12.0,18.0,12.0,13.0,25.0,30.0
Dcom,8.766288645032969e-70,2.3940949414053265e-56,1.4538827475877922e-68,0.2626374185285415,13.0,25.0,16.0,14.0,27.0,38.0
AG5,6.234034830114285e-69,3.22530522113059e-98,8.967303579779591e-112,0.2618989215584634,14.0,11.0,11.0,15.0,29.0,25.0
AG3,2.670108907146277e-66,5.050391757909205e-94,4.412640869197243e-108,0.25585787693660883,15.0,12.0,13.0,16.0,31.0,27.0
GNM_V1_full,1.6211674431861199e-47,1.1247033382219012e-69,1.5940072135978564e-45,0.22783042354482036,16.0,19.0,18.0,18.0,34.0,35.0
GNM_Eigval1_full,1.7641952146240848e-37,3.1928521361447113e-69,4.0039254587956013e-41,0.2069865558780246,17.0,20.0,19.0,21.0,38.0,37.0
SSbond,5.3721107001075616e-36,0.008246646000631377,7.235071518638751e-36,0.18622723951412237,18.0,53.0,22.0,23.0,41.0,71.0
Hbond,6.624596946663689e-36,2.789564466067333e-14,1.0363814436850468e-26,0.1859808488654115,19.0,45.0,25.0,24.0,43.0,64.0
ranked_MI,3.2956551867662725e-35,4.117317510858268e-58,1.6129362402267576e-36,0.21793037788388883,20.0,24.0,21.0,20.0,40.0,44.0
GNM_rankV2_full,1.0335644930421524e-34,6.109448506218004e-36,1.354258638502831e-33,0.18272008142215385,21.0,32.0,23.0,25.0,46.0,53.0
DELTA_Hbond,3.434236498616527e-28,2.3323490671337485e-46,2.272550354904354e-25,0.26790968357795897,22.0,28.0,27.0,12.0,34.0,50.0
GNM_Eigval2_full,2.7807393508312487e-23,7.020404973651054e-64,5.221617067007396e-26,0.1502743478240808,23.0,23.0,26.0,29.0,52.0,46.0
sheet_percent,2.0186738562436413e-19,1.5317262576658348e-92,5.765941194224923e-07,0.23872202362371178,24.0,15.0,40.0,17.0,41.0,39.0
helix_percent,1.8092467007993363e-13,1.7582603049142662e-14,9.835529482966048e-10,0.11471215595488927,25.0,44.0,35.0,34.0,59.0,69.0
deltaPolarity,1.9206149969029404e-13,4.567854698572755e-65,6.637987693536773e-11,0.2244189170941991,26.0,22.0,32.0,19.0,45.0,48.0
Rg,2.1427246930487852e-13,2.2627594538655893e-133,1.8211132656653063e-68,0.16876922747536843,27.0,10.0,17.0,28.0,55.0,37.0
IDRs,6.618839430467496e-12,1.0395936336138038e-12,1.2119790850952447e-12,0.10486139450685905,28.0,47.0,30.0,38.0,66.0,75.0
Lside,7.1908001169391626e-12,3.930507811887128e-16,7.48216889120865e-07,0.10987238177340404,29.0,42.0,42.0,36.0,65.0,71.0
GNM_rankV1_full,6.056980572216863e-10,4.394955877550422e-09,7.591720325287853e-10,0.09214565085385283,30.0,49.0,34.0,41.0,71.0,79.0
deltaLside,1.3103719877088533e-09,3.4481135576787864e-46,9.30314048533088e-13,0.19892007885455304,31.0,29.0,29.0,22.0,53.0,60.0
ANM_effectiveness_chain,3.167705885507809e-09,7.495973675486767e-36,1.8683957643665154e-18,0.08912600706439658,32.0,33.0,28.0,42.0,74.0,65.0
deltaCharge,5.099252051021654e-08,6.77984082149492e-16,1.5734274015962256e-07,0.12610171480469967,33.0,43.0,39.0,31.0,64.0,76.0
polarity,3.388466585552477e-07,1.2163813035893195e-12,5.631691646524904e-09,0.07822860379494406,34.0,48.0,37.0,44.0,78.0,82.0
delta_phobic_percent,5.520843785022995e-07,6.906230498314083e-24,1.5490902950939835e-09,0.12294241342004703,35.0,37.0,36.0,33.0,68.0,72.0
DELTA_charge_pH7,1.3689333136358034e-05,4.1160575824904556e-08,8.751330784196702e-06,0.07485679449640478,36.0,50.0,43.0,47.0,83.0,86.0
GNM_rmsf_overall_full,1.6642424248994355e-05,2.2860671266899007e-28,9.077331932856048e-05,0.07563117758197187,37.0,35.0,46.0,46.0,83.0,72.0
phobic_percent,9.76965418743186e-05,1.2694351342382476e-85,3.1402682421466e-05,0.1370518718406027,38.0,16.0,45.0,30.0,68.0,54.0
SF3,0.0001738693212986625,5.111584421769057e-35,6.207103716559484e-07,0.11022765321912564,39.0,34.0,41.0,35.0,74.0,73.0
chain_length,0.00035142795494048223,2.718321323773492e-65,4.197861301880346e-40,0.17289321391452983,40.0,21.0,20.0,27.0,67.0,61.0
GNM_Eigval5_1_full,0.0009366448288119271,9.111439564355089e-46,4.376494919023696e-08,0.12371689081333126,41.0,30.0,38.0,32.0,73.0,71.0
SF2,0.001409504076480718,3.92355901932912e-16,0.009017872034180417,0.10672663803289315,42.0,41.0,48.0,37.0,79.0,83.0
GNM_MC1_full,0.019446465569547364,6.541077742501389e-06,0.007406827478255031,0.04111856313061249,43.0,51.0,47.0,52.0,95.0,94.0
GNM_SEall_full,0.022298633766918485,1.019752915663334e-12,0.6006529353730408,0.08321034486256079,44.0,46.0,53.0,43.0,87.0,90.0
DELTA_SASA,0.02309451557752401,5.202915804981947e-18,0.014304147914510047,0.10289062745940852,45.0,40.0,49.0,40.0,85.0,85.0
GNM_MC2_full,0.03683654600372775,1.745764817182197e-49,4.000221768542132e-28,0.06311757575060054,46.0,27.0,24.0,50.0,96.0,73.0
DELTA_ACR,0.06781536708214368,6.636463164387933e-54,4.768560974864425e-11,0.17501692595593157,47.0,26.0,31.0,26.0,73.0,73.0
ACR,0.07996886660627023,6.211319947748102e-38,6.87973316188479e-11,0.04808179768243348,48.0,31.0,33.0,51.0,99.0,79.0
charge,0.11667679379510919,0.6749644175120398,0.11667474779018697,0.02336889084922612,49.0,55.0,51.0,55.0,104.0,104.0
GNM_displacement_full,0.13268035874996661,2.13133032981446e-79,1.6696744068368778e-84,0.10376156865358241,50.0,17.0,15.0,39.0,89.0,67.0
SF1,0.1768118269657737,1.3936158722289418e-22,0.4575994437036486,0.07664097431967515,51.0,38.0,52.0,45.0,96.0,89.0
DELTA_Rg,0.17772577712487195,0.033316754126640036,0.8244960244472813,0.023237701840452152,52.0,54.0,56.0,56.0,108.0,106.0
GNM_SE20_full,0.5242817346683926,1.916504462795327e-24,0.07163991065168425,0.06383673539340126,53.0,36.0,50.0,49.0,102.0,89.0
ANM_sensitivity_chain,0.6518457480941806,1.4862499277874999e-18,1.3690699826151752e-05,0.039099308746722225,54.0,39.0,44.0,53.0,107.0,93.0
dssp,0.7004609822336973,0.0012080670371969816,0.7960422153676858,0.06809509648338379,55.0,52.0,55.0,48.0,103.0,107.0
charge_pH7,0.706620598741379,0.7891805477122057,0.6549915715011356,0.03176840663875918,56.0,56.0,54.0,54.0,110.0,112.0
