variant_id,transcript_id,protein_variant,AlphaMissense,label
chr6_83877840_A_G_hg19,ENST00000349129.2,Q5JWR5:E2451G,0.6323206139088984,1.0
chr14_100742866_A_G_hg19,ENST00000262238.4,P25490:K315E,0.9960752563688655,1.0
chrX_123197045_G_A_hg19,ENST00000371144.3,Q8N3U4:R604Q,0.9883542707845913,1.0
chr19_13135878_G_T_hg19,ENST00000592199.1,Q14938:R24L,0.9737364704113576,1.0
chr8_61735081_G_A_hg19,ENST00000423902.2,Q9P2D1:D993N,0.9874871477551306,1.0
chr2_141625794_C_T_hg19,ENST00000389484.3,Q9NZR2:R1403H,0.5421645436346149,1.0
chr2_141093381_G_T_hg19,ENST00000389484.3,Q9NZR2:D3973E,0.7633926978912857,1.0
chr2_141459806_A_G_hg19,ENST00000389484.3,Q9NZR2:L2069P,0.6058913435384722,1.0
chr2_141245238_C_T_hg19,ENST00000389484.3,Q9NZR2:R3064Q,0.22126814348912552,1.0
chr2_141298596_C_G_hg19,ENST00000389484.3,Q9NZR2:V2487L,0.3628601802919783,1.0
chr11_64535132_T_C_hg19,ENST00000377390.3,Q15637:N418S,0.07338391426074187,1.0
chr6_79724803_T_C_hg19,ENST00000275034.4,Q8WWQ0:N507S,0.8493416067555735,1.0
chr6_79752692_A_T_hg19,ENST00000275034.4,Q8WWQ0:N156K,0.8380784513696142,1.0
chr5_139494500_G_C_hg19,ENST00000331327.3,Q00577:R245P,0.9997595501796991,1.0
chr5_139494382_A_T_hg19,ENST00000331327.3,Q00577:I206F,0.9910159196499765,1.0
chr5_139494458_T_G_hg19,ENST00000331327.3,Q00577:F231C,0.9996442702214817,1.0
chr2_102493543_T_C_hg19,ENST00000347699.4,O95819:I962T,0.9105547949829408,1.0
chr22_41864614_G_A_hg19,ENST00000216252.3,Q7RTV0:A15V,0.46770577406362196,1.0
chr3_176750853_T_C_hg19,ENST00000457928.2,Q9BZK7:H441R,0.9995325932168087,1.0
chr3_176767848_A_T_hg19,ENST00000457928.2,Q9BZK7:H213Q,0.9997291308594455,1.0
chr3_176756165_T_C_hg19,ENST00000457928.2,Q9BZK7:D328G,0.9994407632754568,1.0
chr2_166211124_T_A_hg19,ENST00000283256.6,Q99250:F1114L,0.8695576854291753,1.0
chr3_176750844_G_C_hg19,ENST00000457928.2,Q9BZK7:P444R,0.9983717423236347,1.0
chr3_176755900_C_A_hg19,ENST00000457928.2,Q9BZK7:D370Y,0.9999043909094345,1.0
chr9_140446689_G_C_hg19,ENST00000371443.5,Q8IXM3:Q52H,0.2244816465261969,1.0
chr9_130428485_G_A_hg19,ENST00000373299.1,P61764:R235Q,0.9732782079555544,1.0
chr2_166245954_G_A_hg19,ENST00000283256.6,Q99250:E1880K,0.9725230200685236,1.0
chr2_9528552_A_G_hg19,ENST00000281419.3,O43150:M754V,0.05826590064468762,1.0
chr11_119148925_A_T_hg19,ENST00000264033.4,P22681:K382I,0.9999300019010114,1.0
chr10_76789623_G_A_hg19,ENST00000287239.4,Q8WYB5:E1681K,0.9596392919833895,1.0
chr10_76789597_G_C_hg19,ENST00000287239.4,Q8WYB5:S1672T,0.6289197591904412,1.0
chrX_53239933_T_C_hg19,ENST00000375401.3,P41229:Y503C,0.9871836120776261,1.0
chr16_2223997_T_A_hg19,ENST00000326181.6,Q6Q0C0:V404D,0.9919830537752995,1.0
chr16_2223990_C_G_hg19,ENST00000326181.6,Q6Q0C0:L402V,0.8132135317444991,1.0
chr8_146068473_C_G_hg19,ENST00000528372.1,P17097:P661A,0.9245401625789105,1.0
chr1_27094442_C_A_hg19,ENST00000324856.7,O14497:D1050E,0.9942621752095294,1.0
chrX_19371211_G_A_hg19,ENST00000422285.2,P08559:G144S,0.9708008158475598,1.0
chr16_56370674_C_T_hg19,ENST00000262493.6,P09471:R209C,0.9997469763055193,1.0
chr3_11060296_C_T_hg19,ENST00000287766.4,P30531:A128V,0.990767569219251,1.0
chr3_111764742_G_A_hg19,ENST00000452346.2,Q7RTY8:G215R,0.9517309518989786,1.0
chr22_38822949_C_G_hg19,ENST00000303592.3,P48050:V397L,0.07757953212779041,1.0
chr22_38822880_C_T_hg19,ENST00000303592.3,P48050:G420S,0.11221044597504339,1.0
chr2_200193603_C_T_hg19,ENST00000457245.1,Q9UPW6:E402K,0.9955001915168551,1.0
chr2_200213432_G_A_hg19,ENST00000457245.1,Q9UPW6:R389C,0.9989803275848391,1.0
chr2_200193611_C_T_hg19,ENST00000457245.1,Q9UPW6:R399H,0.9961529312683665,1.0
chr2_200213431_C_A_hg19,ENST00000457245.1,Q9UPW6:R389L,0.999520375442953,1.0
chr2_20512083_C_T_hg19,ENST00000361078.2,Q8TB72:G88R,0.8606948910861314,1.0
chr2_20478484_C_T_hg19,ENST00000361078.2,Q8TB72:G606E,0.822378991134801,1.0
chr6_157528178_A_C_hg19,ENST00000350026.5,Q8NFD5:H1955P,0.9646147717535138,1.0
chr2_25470582_C_T_hg19,ENST00000264709.3,Q9Y6K1:G298R,0.9998492414964434,1.0
chr16_67709429_G_A_hg19,ENST00000268797.7,Q3B7J2:R263W,0.27554179251163163,1.0
chr2_166245633_G_A_hg19,ENST00000283256.6,Q99250:A1773T,0.9074426591427882,1.0
chr2_166210714_T_C_hg19,ENST00000283256.6,Q99250:F978L,0.9991258989349666,1.0
chr2_166245202_G_A_hg19,ENST00000283256.6,Q99250:R1629H,0.9917762528117982,1.0
chr2_166243484_T_A_hg19,ENST00000283256.6,Q99250:W1594R,0.9993970512378999,1.0
chr2_166166908_G_C_hg19,ENST00000283256.6,Q99250:C258S,0.847694962077768,1.0
chr2_166237229_A_C_hg19,ENST00000283256.6,Q99250:Q1479P,0.9922813970851161,1.0
chr2_166245508_G_A_hg19,ENST00000283256.6,Q99250:C1731Y,0.999450241357256,1.0
chr2_166245634_C_T_hg19,ENST00000283256.6,Q99250:A1773V,0.953767964455248,1.0
chr2_166201156_C_T_hg19,ENST00000283256.6,Q99250:T885I,0.9697135928524427,1.0
chr17_10247413_A_G_hg19,ENST00000252172.4,Q9UKX3:F533S,0.9895617266463881,1.0
chr17_10231245_G_C_hg19,ENST00000252172.4,Q9UKX3:L877V,0.2025844640668639,1.0
chr19_54646887_G_C_hg19,ENST00000406403.1,O75175:E20Q,0.9938868820568363,1.0
chr19_54647226_C_G_hg19,ENST00000406403.1,O75175:L48V,0.996853760492829,1.0
chr19_54649412_C_T_hg19,ENST00000406403.1,O75175:R188C,0.9990751325370067,1.0
chr19_54649413_G_A_hg19,ENST00000406403.1,O75175:R188H,0.9971746758841301,1.0
chrX_62857963_C_T_hg19,ENST00000253401.6,O43307:R499H,0.14239027636179397,1.0
chr1_1334520_T_A_hg19,ENST00000400809.3,Q96S94:D56V,0.13365645706217325,1.0
chr2_131883341_G_C_hg19,ENST00000409279.1,Q96CS7:R18P,0.991832481932857,1.0
chrX_39932728_G_A_hg19,ENST00000378444.4,Q6W2J9:P624L,0.07839158284015636,1.0
chr5_176709563_A_G_hg19,ENST00000439151.2,Q96L73:Y1997C,0.9933393246968342,1.0
chrX_41205861_G_A_hg19,ENST00000399959.2,O00571:R534H,0.9995368491248257,1.0
chrX_41205589_C_G_hg19,ENST00000399959.2,O00571:R475G,0.9987601511932911,1.0
chrX_41205863_G_A_hg19,ENST00000399959.2,O00571:V535I,0.5939520358669009,1.0
chrX_41203008_C_T_hg19,ENST00000399959.2,O00571:A233V,0.9989628007152469,1.0
chr8_146068429_G_A_hg19,ENST00000528372.1,P17097:R646H,0.3783154217303672,1.0
chr2_14774588_G_A_hg19,ENST00000331243.4,Q96KN4:R162H,0.2645833804594176,1.0
chrX_41205786_A_T_hg19,ENST00000399959.2,O00571:N509I,0.9399571647236061,1.0
chrX_41203648_T_C_hg19,ENST00000399959.2,O00571:C341R,0.9992135331551268,1.0
chrX_41206199_C_T_hg19,ENST00000399959.2,O00571:P568L,0.9953368107432176,1.0
chrX_41205589_C_T_hg19,ENST00000399959.2,O00571:R475C,0.9849694216076951,1.0
chrX_41204533_C_T_hg19,ENST00000399959.2,O00571:R376C,0.9859124275404654,1.0
chrX_41202566_T_C_hg19,ENST00000399959.2,O00571:I214T,0.8138184935237758,1.0
chrX_41204663_G_C_hg19,ENST00000399959.2,O00571:A393P,0.9995910886946899,1.0
chr19_3179433_G_A_hg19,ENST00000246115.3,O95977:V215I,0.0574386616555191,1.0
chrX_119693941_T_C_hg19,ENST00000404115.3,Q13620:K203E,0.9648863113265176,1.0
chrX_44949994_C_T_hg19,ENST00000377967.4,O15550:R1255W,0.971115569131414,1.0
chr2_14774545_G_T_hg19,ENST00000331243.4,Q96KN4:V148L,0.4864622452923564,1.0
chr15_42981319_G_A_hg19,ENST00000290607.7,Q9P2P6:V2515I,0.07498977474105596,1.0
chr8_41790166_G_A_hg19,ENST00000396930.3,Q92794:R1858C,0.9732654212500965,1.0
chr11_119148880_A_G_hg19,ENST00000264033.4,P22681:Q367R,0.998562914045879,1.0
chr11_119170250_T_C_hg19,ENST00000264033.4,P22681:F827S,0.8259006832958417,1.0
chr10_114903733_C_T_hg19,ENST00000355995.4,Q9NQB0:S246L,0.6844456139621429,1.0
chr14_105916456_C_G_hg19,ENST00000331320.7,Q13330:H101Q,0.9974676521915092,1.0
chr9_140622908_A_C_hg19,ENST00000460843.1,Q9H9B1:L250F,0.08051694358318494,1.0
chr9_140710450_G_A_hg19,ENST00000460843.1,Q9H9B1:E1104K,0.9955482105402496,1.0
chr9_140685343_C_T_hg19,ENST00000460843.1,Q9H9B1:P809L,0.9918136029299923,1.0
chr1_6214848_G_A_hg19,ENST00000262450.3,Q8TDI0:A206V,0.1536580862537948,1.0
chrX_71684459_C_T_hg19,ENST00000373573.3,Q9BY41:C287Y,0.9703417240378476,1.0
chr12_120796817_G_A_hg19,ENST00000257552.2,O43347:R148W,0.9991915265884129,1.0
chr17_42290219_C_T_hg19,ENST00000529383.1,P17480:E210K,0.9853680994509293,1.0
chr5_88119592_T_A_hg19,ENST00000437473.2,Q06413:K5M,0.9995886071638403,1.0
chr6_83847771_G_C_hg19,ENST00000349129.2,Q5JWR5:C1337S,0.6846356556544663,1.0
chr11_64536806_C_A_hg19,ENST00000377390.3,Q15637:R223I,0.9824981694685488,1.0
chr1_91406631_G_C_hg19,ENST00000337393.5,Q9H582:L94V,0.0833332415984589,1.0
chr17_57759080_T_C_hg19,ENST00000269122.3,Q00610:W1108R,0.9996998124530446,1.0
chr22_21331364_A_G_hg19,ENST00000440238.2,Q96NN9:D421G,0.81736440575375,1.0
chr6_556490_C_G_hg19,ENST00000230449.4,Q96KP1:E642D,0.8367509661829599,1.0
chr14_24569300_G_T_hg19,ENST00000216780.4,Q16822:S371I,0.1514205174177576,1.0
chr10_131676089_C_A_hg19,ENST00000355311.5,Q9H4W6:K193N,0.9999589551945534,1.0
chr19_3179247_G_A_hg19,ENST00000246115.3,O95977:E153K,0.15628660277114323,1.0
chr2_97526407_G_A_hg19,ENST00000305476.5,Q9C0C4:R820C,0.765671297769756,1.0
chrX_118977264_T_C_hg19,ENST00000276201.2,Q9BZI7:D157G,0.9981592823169659,1.0
chr15_41020968_C_T_hg19,ENST00000267868.3,Q06609:T197I,0.9352882892621079,1.0
chrX_79980448_C_T_hg19,ENST00000373275.4,Q6RI45:R502Q,0.240453187582152,1.0
chr8_144900425_C_T_hg19,ENST00000526683.1,Q9UHX1:E181K,0.9995788532899118,1.0
chr8_144898898_C_T_hg19,ENST00000526683.1,Q9UHX1:G491E,0.9999134312179104,1.0
chr7_114302130_G_A_hg19,ENST00000350908.4,O15409:R553H,0.9999597022765015,1.0
chr1_181546967_G_A_hg19,ENST00000367573.2,Q15878:R193H,0.9818761165453346,1.0
chr1_181480603_C_T_hg19,ENST00000367573.2,Q15878:R157C,0.9493716264661988,1.0
chr1_181549809_T_A_hg19,ENST00000367573.2,Q15878:I283N,0.3495236141459603,1.0
chr1_181726197_A_T_hg19,ENST00000367573.2,Q15878:I1422F,0.9892325593185949,1.0
chr21_38877746_G_A_hg19,ENST00000398960.2,Q13627:R467Q,0.9979716829861859,1.0
chr21_38862641_G_C_hg19,ENST00000398960.2,Q13627:A277P,0.9987667948982943,1.0
chr21_38858872_T_C_hg19,ENST00000398960.2,Q13627:L207P,0.9999829373117807,1.0
chr21_38862672_A_T_hg19,ENST00000398960.2,Q13627:D287V,0.9999835553664987,1.0
chr14_29237130_C_A_hg19,ENST00000313071.4,P55316:F215L,0.9999954013391974,1.0
chr14_29237046_C_G_hg19,ENST00000313071.4,P55316:N187K,0.9999727767488602,1.0
chr14_64989628_G_A_hg19,ENST00000394712.2,Q9Y2K1:R469Q,0.08928905570701888,1.0
chrX_41069824_T_G_hg19,ENST00000378308.2,Q93008:L1693W,0.998009876374382,1.0
chrX_41027299_C_T_hg19,ENST00000378308.2,Q93008:R822C,0.6975116046234094,1.0
chr12_6442635_C_T_hg19,ENST00000162749.2,P19438:V124M,0.22156092898396576,1.0
chr18_52896219_G_A_hg19,ENST00000564999.1,P15884:R576W,0.9998395405580025,1.0
chr18_52896230_C_T_hg19,ENST00000564999.1,P15884:R572Q,0.9988827188338908,1.0
chr18_52942880_G_C_hg19,ENST00000564999.1,P15884:S253R,0.9348612900136036,1.0
chr13_28498553_C_G_hg19,ENST00000381033.4,P52945:H189Q,0.9848211956006163,1.0
chr1_91405611_C_G_hg19,ENST00000337393.5,Q9H582:D434H,0.9983382423266931,1.0
chr2_230633358_G_C_hg19,ENST00000283943.5,Q14669:T1919S,0.9251141145682402,1.0
chr2_5833005_G_T_hg19,ENST00000322002.3,P35716:R51L,0.9997488479095019,1.0
chr20_49509794_T_C_hg19,ENST00000396032.3,Q9H2P0:N486S,0.18520027145940274,1.0
chr3_107497271_A_G_hg19,ENST00000325805.8,Q8WY36:Y703C,0.9356019994260102,1.0
chrX_153296824_G_C_hg19,ENST00000303391.6,P51608:P152R,0.9992369049646359,1.0
chr2_48047551_T_C_hg19,ENST00000403359.3,Q86XK2:I583V,0.08912332564071059,1.0
chrX_153296882_G_A_hg19,ENST00000303391.6,P51608:R133C,0.9999001063648518,1.0
chrX_153296354_G_A_hg19,ENST00000303391.6,P51608:R309W,0.9817036497138353,1.0
chrX_153296806_G_A_hg19,ENST00000303391.6,P51608:T158M,0.9989139883803532,1.0
chrX_153296881_C_T_hg19,ENST00000303391.6,P51608:R133H,0.9997441554753921,1.0
chrX_153296363_G_A_hg19,ENST00000303391.6,P51608:R306C,0.9971276529203063,1.0
chr3_71026825_G_A_hg19,ENST00000498215.1,Q9H334:P466L,0.9996307447618658,1.0
chr3_71026125_A_T_hg19,ENST00000498215.1,Q9H334:F499L,0.9999833171255466,1.0
chr3_71021763_G_T_hg19,ENST00000498215.1,Q9H334:A532E,0.9997456160996071,1.0
chr2_210561667_A_G_hg19,ENST00000360351.4,P11137:K1472E,0.956705087112944,1.0
chr2_210560256_A_G_hg19,ENST00000360351.4,P11137:H1121R,0.970715284177535,1.0
chr10_71148986_G_A_hg19,ENST00000359426.6,P19367:D657N,0.9981245986457148,1.0
chr10_71142347_C_T_hg19,ENST00000359426.6,P19367:T457M,0.5996499315591021,1.0
chr10_71142311_C_T_hg19,ENST00000359426.6,P19367:S445L,0.924227613659702,1.0
chr20_49509260_C_T_hg19,ENST00000396032.3,Q9H2P0:C664Y,0.9999489792083085,1.0
chr5_177733903_C_T_hg19,ENST00000390654.3,Q86Y22:G127S,0.7755089091805367,1.0
chrX_41530728_C_T_hg19,ENST00000378163.1,O14936:G162D,0.9958754272711995,1.0
chr5_88100576_A_C_hg19,ENST00000437473.2,Q06413:Y33D,0.9999581571289217,1.0
chr5_88119599_T_C_hg19,ENST00000437473.2,Q06413:R3G,0.9996192006140092,1.0
chr5_88119562_C_G_hg19,ENST00000437473.2,Q06413:R15P,0.9994671382421325,1.0
chrX_41712463_A_G_hg19,ENST00000378163.1,O14936:V26A,0.9924434583314784,1.0
chr16_3828173_T_C_hg19,ENST00000262367.5,Q92793:Y651C,0.9961673481787905,1.0
chr16_30718647_C_G_hg19,ENST00000262518.4,Q6ZRS2:D150E,0.989424236969722,1.0
chr4_189065268_G_C_hg19,ENST00000332517.3,Q8N9V2:E279D,0.13781206582449093,1.0
chr21_40569125_C_T_hg19,ENST00000333229.2,Q9NSI6:S1957N,0.07728494881452304,1.0
chrX_53277371_G_A_hg19,ENST00000396435.3,Q5JU85:A836V,0.9930606413663492,1.0
chr12_2930717_A_G_hg19,ENST00000228799.2,Q969R8:T268A,0.05946230093579918,1.0
chrX_53270970_A_G_hg19,ENST00000396435.3,Q5JU85:L1004P,0.9997527210230499,1.0
chr17_42931982_G_T_hg19,ENST00000591382.1,Q15029:A734D,0.991252792423124,1.0
chr2_102448303_A_G_hg19,ENST00000347699.4,O95819:Y210C,0.986377373955961,1.0
chr2_48066586_T_A_hg19,ENST00000403359.3,Q86XK2:R138S,0.7922453068236858,1.0
chr17_8219098_G_A_hg19,ENST00000421050.1,O94989:V483M,0.5402148604932004,1.0
chr2_48035312_T_C_hg19,ENST00000403359.3,Q86XK2:D910G,0.9967648914313249,1.0
chr22_21344754_C_G_hg19,ENST00000215739.8,Q8N653:S244C,0.9515008080673013,1.0
chr6_143092983_G_A_hg19,ENST00000012134.2,P31629:R965C,0.5937579808943888,1.0
chr6_143090730_C_A_hg19,ENST00000012134.2,P31629:G1716C,0.42512293616766184,1.0
chr9_33295308_T_G_hg19,ENST00000379540.3,Q12986:S306A,0.0631591201070806,1.0
chr1_6195421_C_G_hg19,ENST00000262450.3,Q8TDI0:K913N,0.9941285845937838,1.0
chr1_156214623_G_A_hg19,ENST00000292291.5,Q6TCH4:A230V,0.26522106917028093,1.0
chr11_34112122_T_C_hg19,ENST00000532820.1,Q14444:L484P,0.11672145359300967,1.0
chr19_47542770_A_G_hg19,ENST00000449844.2,Q99742:M304V,0.09117342152327389,1.0
chr3_9483883_G_A_hg19,ENST00000406341.1,Q9C0A6:G344D,0.99992239320108,1.0
chr3_9483885_A_T_hg19,ENST00000406341.1,Q9C0A6:N345Y,0.9977514178528318,1.0
chr1_1326157_G_A_hg19,ENST00000400809.3,Q96S94:R250W,0.9295779823908598,1.0
chr14_77492965_G_A_hg19,ENST00000238647.3,Q9H1B7:R391C,0.9925032683870156,1.0
chr12_116413012_C_T_hg19,ENST00000281928.3,Q71F56:G1899R,0.9978571596012684,1.0
chr12_116429281_A_G_hg19,ENST00000281928.3,Q71F56:C1160R,0.999797373476651,1.0
chr12_116401227_G_A_hg19,ENST00000281928.3,Q71F56:T2162M,0.9314166788988918,1.0
chr12_116435009_G_C_hg19,ENST00000281928.3,Q71F56:P866A,0.9724918605428443,1.0
chr12_116406896_A_C_hg19,ENST00000281928.3,Q71F56:M2025R,0.406239577273182,1.0
chr12_116408461_G_A_hg19,ENST00000281928.3,Q71F56:S2002L,0.8877774118885924,1.0
chr20_33596545_A_C_hg19,ENST00000252015.2,Q8TEL6:L506W,0.8978398023998433,1.0
chrX_99662589_A_C_hg19,ENST00000373034.4,Q8TAB3:V336G,0.975773614415065,1.0
chr12_23689589_C_G_hg19,ENST00000451604.2,P35711:A596P,0.9984309868895643,1.0
chr12_23696205_G_A_hg19,ENST00000451604.2,P35711:R571W,0.9998659143729667,1.0
chr17_66447029_G_A_hg19,ENST00000262139.5,Q5MNZ9:P58L,0.2346959582672318,1.0
chr7_79842120_A_G_hg19,ENST00000351004.3,P63096:K270R,0.9496216555143565,1.0
chr7_79818303_A_C_hg19,ENST00000351004.3,P63096:Q52P,0.9995850466071834,1.0
chr7_79846739_T_A_hg19,ENST00000351004.3,P63096:V332E,0.9982769393242328,1.0
chr6_149699398_A_G_hg19,ENST00000286332.5,Q9NYJ8:Q116R,0.10498168752937374,1.0
chr1_59147880_C_T_hg19,ENST00000472487.1,Q5VVJ2:C279Y,0.051493226664663154,1.0
chr7_77522942_A_T_hg19,ENST00000248550.7,Q8N3S3:Q55H,0.973048760061118,1.0
chr2_25463247_C_T_hg19,ENST00000264709.3,Q9Y6K1:R749H,0.6653333474325045,1.0
chr2_25467466_C_T_hg19,ENST00000264709.3,Q9Y6K1:C537Y,0.9999484554843944,1.0
chr2_25462080_T_C_hg19,ENST00000264709.3,Q9Y6K1:N776S,0.4041590985988055,1.0
chr20_10265384_G_C_hg19,ENST00000254976.2,P60880:G43R,0.9996438919550876,1.0
chr6_101075504_C_T_hg19,ENST00000369162.2,Q8N3C0:C1535Y,0.9944676120636153,1.0
chr17_57754422_C_T_hg19,ENST00000269122.3,Q00610:P890L,0.9673042908461611,1.0
chr8_61655388_C_T_hg19,ENST00000423902.2,Q9P2D1:S466L,0.19478968965559032,1.0
chr11_10822137_C_T_hg19,ENST00000339995.5,P78344:V568I,0.0693699467788638,1.0
chr5_78964733_A_G_hg19,ENST00000296783.3,Q6PIY7:I364V,0.06901575665646081,1.0
chr2_60773348_C_A_hg19,ENST00000335712.6,Q9H165:C48F,0.9965784785200396,1.0
chr2_60773293_G_T_hg19,ENST00000335712.6,Q9H165:H66Q,0.9974495592123809,1.0
chr2_60773352_T_G_hg19,ENST00000335712.6,Q9H165:T47P,0.8791417774258312,1.0
chrX_71715024_C_T_hg19,ENST00000373573.3,Q9BY41:D178N,0.9953395461668283,1.0
chr12_49434732_G_A_hg19,ENST00000301067.7,O14686:S2274L,0.17544899588733864,1.0
chr19_13136154_G_A_hg19,ENST00000592199.1,Q14938:R116Q,0.9990252663402911,1.0
chr16_3779446_G_A_hg19,ENST00000262367.5,Q92793:R1868W,0.9928384940707091,1.0
chr16_3779449_G_A_hg19,ENST00000262367.5,Q92793:R1867W,0.9908542479179346,1.0
chr16_3779563_G_C_hg19,ENST00000262367.5,Q92793:H1829D,0.9999837533119079,1.0
chr16_3789635_G_C_hg19,ENST00000262367.5,Q92793:C1408W,0.9998238816126382,1.0
chr16_3779570_G_C_hg19,ENST00000262367.5,Q92793:C1826W,0.9999740817467091,1.0
chr16_3786141_C_G_hg19,ENST00000262367.5,Q92793:G1542R,0.9996478418564253,1.0
chr16_3781900_G_C_hg19,ENST00000262367.5,Q92793:N1589K,0.9930808524744262,1.0
chrX_41412993_G_A_hg19,ENST00000378163.1,O14936:P673L,0.9967185715764293,1.0
chrX_41519760_G_A_hg19,ENST00000378163.1,O14936:R255C,0.8893408974826953,1.0
chrX_41413137_G_A_hg19,ENST00000378163.1,O14936:P625L,0.9905663672273559,1.0
chr12_49420264_A_C_hg19,ENST00000301067.7,O14686:V5162G,0.6104723875315698,1.0
chr12_49426082_G_C_hg19,ENST00000301067.7,O14686:Q4136E,0.11266469130909504,1.0
chr12_49440539_C_G_hg19,ENST00000301067.7,O14686:C1424S,0.9998502292485897,1.0
chr3_114058199_T_C_hg19,ENST00000474710.1,Q9HC78:T627A,0.8134729454423976,1.0
chr20_47991163_G_A_hg19,ENST00000371741.4,Q14721:R312C,0.9995450054618354,1.0
chr20_47990924_T_G_hg19,ENST00000371741.4,Q14721:K391N,0.9975206191426855,1.0
chr6_118887218_G_A_hg19,ENST00000368491.3,Q5SZL2:P165L,0.07867997349261782,1.0
chr9_86591947_C_T_hg19,ENST00000360384.5,P61978:G59E,0.9999944792820306,1.0
chr1_245027192_C_T_hg19,ENST00000283179.9,Q00839:E140K,0.615486991318441,1.0
chr9_16436735_C_T_hg19,ENST00000380672.4,Q6ZN30:R486H,0.9998255505008408,1.0
chr17_42957006_C_T_hg19,ENST00000591382.1,Q15029:G207E,0.9951032136836859,1.0
chr16_89347506_A_G_hg19,ENST00000301030.4,Q6UB99:V1815A,0.4970977516483716,1.0
chr12_79747378_A_G_hg19,ENST00000552744.1,P21579:M303V,0.9805871611858353,1.0
chr12_79689999_G_A_hg19,ENST00000552744.1,P21579:E209K,0.9981791020502699,1.0
chr3_114070420_C_G_hg19,ENST00000474710.1,Q9HC78:E169Q,0.7896499351361521,1.0
chr3_114058135_G_A_hg19,ENST00000474710.1,Q9HC78:S648F,0.9902292612044552,1.0
chr19_56126951_C_T_hg19,ENST00000568956.1,P0CJ78:A656V,0.09558771312007247,1.0
chr9_130425587_C_T_hg19,ENST00000373299.1,P61764:T178I,0.9972883965207913,1.0
chr19_50118247_C_T_hg19,ENST00000418929.2,Q9ULL5:R1669W,0.8293662055880004,1.0
chr1_6697519_C_G_hg19,ENST00000377577.5,Q9NVH1:E457Q,0.306022179865127,1.0
chr5_176720974_G_A_hg19,ENST00000439151.2,Q96L73:C2202Y,0.9998214293411589,1.0
chr5_176721015_G_A_hg19,ENST00000439151.2,Q96L73:G2216R,0.996231854006906,1.0
chr20_5935260_G_A_hg19,ENST00000378896.3,Q9UJA3:S87N,0.14721885725129272,1.0
chr16_30978286_C_T_hg19,ENST00000262519.8,O15047:L863F,0.6814234266241388,1.0
chr16_30978212_A_G_hg19,ENST00000262519.8,O15047:Q838R,0.3524181394172277,1.0
chr2_178098807_T_C_hg19,ENST00000397062.3,Q16236:T80A,0.899016344965322,1.0
chr2_178762796_T_A_hg19,ENST00000286063.6,Q9HCR9:I431F,0.2623000305306558,1.0
chr9_130425622_C_T_hg19,ENST00000373299.1,P61764:R190W,0.9890868857356018,1.0
chr19_52715971_C_T_hg19,ENST00000322088.6,P30153:P179L,0.9996670515127275,1.0
chr19_52715979_C_T_hg19,ENST00000322088.6,P30153:R182W,0.9999437443042115,1.0
chr11_118375184_T_A_hg19,ENST00000389506.5,Q03164:N2856K,0.987277276099482,1.0
chr11_118368658_G_T_hg19,ENST00000389506.5,Q03164:G1888V,0.9989470496494294,1.0
chr11_118348685_A_G_hg19,ENST00000389506.5,Q03164:K1113R,0.32378087209381223,1.0
chr11_118348903_A_G_hg19,ENST00000389506.5,Q03164:K1186E,0.9996299767028717,1.0
chr3_11059084_G_A_hg19,ENST00000287766.4,P30531:G63S,0.9938293096759616,1.0
chr10_131755546_G_A_hg19,ENST00000355311.5,Q9H4W6:P177L,0.9987482513576813,1.0
chr10_94389961_A_G_hg19,ENST00000260731.3,P52732:N445S,0.09482933787813971,1.0
chr22_41572254_T_G_hg19,ENST00000263253.7,Q09472:F1595V,0.986234950695268,1.0
chr22_41566523_A_T_hg19,ENST00000263253.7,Q09472:Y1467F,0.8516722991267549,1.0
chr22_41560092_A_G_hg19,ENST00000263253.7,Q09472:H1255R,0.9979020770741956,1.0
chr22_41573186_A_C_hg19,ENST00000263253.7,Q09472:Q1824P,0.9842102603864035,1.0
chr22_41562653_A_G_hg19,ENST00000263253.7,Q09472:N1286S,0.5472538639484483,1.0
chr3_11067522_G_A_hg19,ENST00000287766.4,P30531:A305T,0.9755596213829824,1.0
chr22_21350256_T_G_hg19,ENST00000215739.8,Q8N653:F692V,0.9942466699605772,1.0
chr2_230632353_G_T_hg19,ENST00000283943.5,Q14669:P1966T,0.9993162967901857,1.0
chr1_151377883_T_G_hg19,ENST00000271715.2,Q7Z3K3:T1210P,0.4019477104622181,1.0
chr6_3284096_T_C_hg19,ENST00000406686.3,A1A5C7:T565A,0.9110424381869646,1.0
chr12_50492564_C_G_hg19,ENST00000394963.4,Q96GM5:A487G,0.3953581558251129,1.0
chr12_50492587_T_C_hg19,ENST00000394963.4,Q96GM5:F495L,0.9720014277281094,1.0
chr6_3287271_C_G_hg19,ENST00000406686.3,A1A5C7:E456D,0.09690200952436213,1.0
chr3_11067538_A_T_hg19,ENST00000287766.4,P30531:N310I,0.9962285272297179,1.0
chr3_11059027_C_T_hg19,ENST00000287766.4,P30531:R44W,0.9961411009010532,1.0
chr3_11059621_G_A_hg19,ENST00000287766.4,P30531:G111R,0.998922198163813,1.0
chr16_72827588_C_T_hg19,ENST00000268489.5,Q15911:R2998Q,0.9987816788251008,1.0
chr1_243668598_G_A_hg19,ENST00000263826.5,Q9Y243:R465W,0.5908154947174031,1.0
chr10_21806289_A_T_hg19,ENST00000449193.2,Q1XH10:S155T,0.09307138697656385,1.0
chr2_102448192_G_A_hg19,ENST00000347699.4,O95819:G173D,0.999301495545114,1.0
chr5_149633109_G_C_hg19,ENST00000348628.6,Q9UQM7:P138A,0.9760408703214195,1.0
chr5_149636340_C_G_hg19,ENST00000348628.6,Q9UQM7:E109D,0.9951703742305043,1.0
chr20_1559029_C_G_hg19,ENST00000381605.4,O00241:D130H,0.2666007423357183,1.0
chr20_1551654_C_T_hg19,ENST00000381605.4,O00241:R294Q,0.0733403656229583,1.0
chr3_47129661_C_T_hg19,ENST00000409792.3,Q9BYW2:R1740Q,0.5461307641132943,1.0
chr8_61732609_G_A_hg19,ENST00000423902.2,Q9P2D1:R886Q,0.9075705168829645,1.0
chr8_61735265_G_A_hg19,ENST00000423902.2,Q9P2D1:R1054Q,0.12714361262540833,1.0
chr12_132635837_C_G_hg19,ENST00000330579.1,Q9BVI4:L333V,0.29867387563362596,1.0
chr22_42607795_T_G_hg19,ENST00000359486.3,Q9UGU0:K1173Q,0.16129784539312306,1.0
chrX_44949107_G_A_hg19,ENST00000377967.4,O15550:G1223D,0.9924018706948171,1.0
chr17_65909218_G_T_hg19,ENST00000321892.4,Q12830:V1866F,0.9188913345594711,1.0
chr17_65914918_G_A_hg19,ENST00000321892.4,Q12830:A1924T,0.11133291481479596,1.0
chrX_53239931_C_T_hg19,ENST00000375401.3,P41229:V504M,0.981466113236185,1.0
chr16_56370656_G_A_hg19,ENST00000262493.6,P09471:G203R,0.9997576206799601,1.0
chr16_56309901_T_G_hg19,ENST00000262493.6,P09471:Y74D,0.9870494876203847,1.0
chr2_170367007_A_G_hg19,ENST00000284669.1,O60662:D240G,0.1574150601963096,1.0
chr15_57565375_C_G_hg19,ENST00000557843.1,Q99081:H607Q,0.9944804979391716,1.0
chr4_55599340_T_G_hg19,ENST00000288135.5,P10721:N822K,0.9930652908567746,1.0
chr1_42049502_G_A_hg19,ENST00000247584.5,Q5T1R4:R323C,0.10942665138413314,1.0
chr15_52252108_C_A_hg19,ENST00000299601.5,Q8WVC0:S383I,0.9992990487289788,1.0
chrX_44936060_C_T_hg19,ENST00000377967.4,O15550:P941S,0.9876065769918723,1.0
chr8_41791093_C_T_hg19,ENST00000396930.3,Q92794:G1549S,0.9407366765717254,1.0
chr9_130444788_C_T_hg19,ENST00000373299.1,P61764:R551C,0.981762354712713,1.0
chr9_130444768_G_T_hg19,ENST00000373299.1,P61764:G544V,0.9957651249803179,1.0
chr19_15233980_T_C_hg19,ENST00000263383.3,A1L0T0:M138V,0.08294758636539733,1.0
chrX_53439121_C_T_hg19,ENST00000322213.4,Q14683:E313K,0.8373496761133338,1.0
chrX_53432045_G_A_hg19,ENST00000322213.4,Q14683:R699C,0.8934524945776797,1.0
chr4_73012886_G_A_hg19,ENST00000308744.6,Q9Y5X5:R309Q,0.09033846400494935,1.0
chr4_647734_A_C_hg19,ENST00000496514.1,P35913:N269H,0.17541630169762784,1.0
chr7_151848074_T_C_hg19,ENST00000262189.6,Q8NEZ4:K4229E,0.08435900507216766,1.0
chr2_1915795_C_T_hg19,ENST00000399161.2,Q9UL68:R569Q,0.9971328719536116,1.0
chr2_1915823_G_A_hg19,ENST00000399161.2,Q9UL68:H560Y,0.9978205637990236,1.0
chr1_224612222_A_C_hg19,ENST00000414423.2,Q9H7D7:S254R,0.9996592119210911,1.0
chr10_15880237_C_A_hg19,ENST00000277632.3,Q9H8M7:A151S,0.06934926654781362,1.0
chr7_128645135_A_C_hg19,ENST00000265388.5,Q9Y5L0:L211V,0.29949137819484345,1.0
chr7_128619098_C_T_hg19,ENST00000265388.5,Q9Y5L0:R667H,0.9953644759345094,1.0
chrX_48933541_C_A_hg19,ENST00000376372.3,Q9Y484:G167V,0.9991801471148163,1.0
chr10_89692936_A_C_hg19,ENST00000371953.3,P60484:L140F,0.9915224181606916,1.0
chrX_24229365_C_T_hg19,ENST00000304543.5,P17010:R764W,0.9952707065629832,1.0
chrX_110653449_T_C_hg19,ENST00000356220.3,O43602:N60D,0.9974108540112108,1.0
chr17_27233444_G_C_hg19,ENST00000332830.4,Q96QT6:C924W,0.997772839876106,1.0
chr2_63281221_C_T_hg19,ENST00000282549.2,P32242:T46M,0.9930242218292233,1.0
chr10_135093278_C_T_hg19,ENST00000368563.2,Q9BSJ2:A901T,0.10446837727101188,1.0
chr1_218609453_G_A_hg19,ENST00000366930.4,P61812:R299Q,0.804980174356243,1.0
chrX_71715077_A_G_hg19,ENST00000373573.3,Q9BY41:L160P,0.9950988859865401,1.0
chrX_71684483_A_C_hg19,ENST00000373573.3,Q9BY41:M279R,0.9723375670727163,1.0
chrX_71710788_A_G_hg19,ENST00000373573.3,Q9BY41:F207L,0.9993968100076436,1.0
chrX_71571623_A_T_hg19,ENST00000373573.3,Q9BY41:N357K,0.9903024384219171,1.0
chr9_104324631_C_A_hg19,ENST00000389120.3,Q5VTR2:T952N,0.9645091667809251,1.0
chr1_16202753_G_A_hg19,ENST00000375759.3,Q96T58:R154Q,0.3070534322948354,1.0
chr3_186502455_C_A_hg19,ENST00000323963.5,Q14240:Q60K,0.9989409966998481,1.0
chr5_32143944_G_A_hg19,ENST00000265070.6,Q9H4A6:R90C,0.9947030740228532,1.0
chr15_75706642_G_A_hg19,ENST00000394949.4,Q96ST3:A126V,0.9998215317615701,1.0
chr2_225422455_T_A_hg19,ENST00000264414.4,Q13618:Y62F,0.9459321073556494,1.0
chr3_135801165_A_G_hg19,ENST00000264977.3,Q06190:Y897C,0.9889049481319775,1.0
chr17_59155808_G_A_hg19,ENST00000390652.5,Q9H6U6:V764M,0.3105116451660776,1.0
chr7_107592609_A_C_hg19,ENST00000222399.6,P07942:C1047G,0.908327699538231,1.0
chr2_105473053_G_T_hg19,ENST00000361360.2,P20264:R362L,0.9998794496566493,1.0
chr10_28906677_G_C_hg19,ENST00000354911.4,Q9BTA9:R613P,0.9992573978890513,1.0
chr17_38142858_C_T_hg19,ENST00000264639.4,O43242:R148C,0.6555180956902665,1.0
chr17_66526484_G_A_hg19,ENST00000586397.1,P10644:C347Y,0.9967675906969186,1.0
chr17_66519911_A_G_hg19,ENST00000586397.1,P10644:I132V,0.11799459010697391,1.0
chr1_7797375_C_T_hg19,ENST00000303635.7,Q9Y6Y1:R1135W,0.8710894589809054,1.0
chr1_7309651_G_A_hg19,ENST00000303635.7,Q9Y6Y1:E135K,0.9996906271591125,1.0
chr2_5833212_C_A_hg19,ENST00000322002.3,P35716:P120H,0.9999039145154086,1.0
chr2_5833003_G_C_hg19,ENST00000322002.3,P35716:K50N,0.9999837542418898,1.0
chr17_46190703_G_A_hg19,ENST00000359238.2,Q9Y5W9:R57Q,0.9045754911446665,1.0
chr1_43392758_G_A_hg19,ENST00000426263.3,P11166:T478I,0.1100580952623259,0.0
chr1_91403554_C_A_hg19,ENST00000337393.5,Q9H582:G1059V,0.9995715455864195,0.0
chr1_144946680_C_T_hg19,ENST00000369354.3,Q5VU43:R194Q,0.0563430388587201,0.0
chr1_151397495_C_T_hg19,ENST00000271715.2,Q7Z3K3:R374Q,0.15543443559787906,0.0
chr1_181706696_G_A_hg19,ENST00000367573.2,Q15878:R1153H,0.4000074945867704,0.0
chr1_202710688_G_A_hg19,ENST00000367265.3,Q9UGL1:R918C,0.09282039645714775,0.0
chr1_202746219_A_G_hg19,ENST00000367265.3,Q9UGL1:W70R,0.9990567401698468,0.0
chr2_149227283_C_G_hg19,ENST00000407073.1,Q9P267:Q591E,0.5207510985362143,0.0
chr2_210559290_G_A_hg19,ENST00000360351.4,P11137:G799D,0.7657837175617117,0.0
chr2_210962818_A_C_hg19,ENST00000281772.9,A0AUZ9:I514M,0.12372895338702498,0.0
chr3_9477532_A_G_hg19,ENST00000406341.1,Q9C0A6:K170R,0.18729291451252822,0.0
chr4_48542756_C_T_hg19,ENST00000358350.4,O94915:S1970N,0.08138296161391469,0.0
chr4_54324896_G_C_hg19,ENST00000337488.6,Q6UN15:E526Q,0.8932518381093209,0.0
chr5_1394870_G_A_hg19,ENST00000453492.2,Q01959:R615C,0.10832686547710256,0.0
chr5_176715871_C_G_hg19,ENST00000439151.2,Q96L73:T2068S,0.9852134880889932,0.0
chr6_489025_G_C_hg19,ENST00000230449.4,Q96KP1:Q879E,0.07146470034148872,0.0
chr6_143094725_G_A_hg19,ENST00000012134.2,P31629:S384L,0.13742123275706394,0.0
chr7_128637558_C_T_hg19,ENST00000265388.5,Q9Y5L0:R348Q,0.7249528831347808,0.0
chr8_41792346_C_T_hg19,ENST00000396930.3,Q92794:R1131H,0.07431477792181054,0.0
chr8_144733007_A_G_hg19,ENST00000501748.2,O75123:N322S,0.0741566272139237,0.0
chr9_86585713_C_T_hg19,ENST00000360384.5,P61978:R377H,0.38348501694157827,0.0
chr9_131454235_A_G_hg19,ENST00000372692.4,Q01105:K90R,0.1362278788577822,0.0
chr9_133759724_T_C_hg19,ENST00000318560.5,P00519:S683P,0.10766048182559909,0.0
chr10_871029_G_T_hg19,ENST00000316157.3,Q92615:S487Y,0.11635402812065704,0.0
chr10_16806500_G_A_hg19,ENST00000345264.5,Q15404:P57L,0.20387294570156514,0.0
chr11_71152300_T_G_hg19,ENST00000355527.3,Q9UBM7:Y200S,0.21619786299739635,0.0
chr11_71155152_C_T_hg19,ENST00000355527.3,Q9UBM7:G70S,0.07296933256980605,0.0
chr12_6669269_T_C_hg19,ENST00000322166.5,P46087:Q595R,0.07026264761304486,0.0
chr12_48181856_A_C_hg19,ENST00000427332.2,Q8WUI4:F737C,0.9803624755757231,0.0
chr12_49422858_C_G_hg19,ENST00000301067.7,O14686:R4746P,0.5145901608965964,0.0
chr12_49431648_C_T_hg19,ENST00000301067.7,O14686:R3164Q,0.08506999630207186,0.0
chr12_116429238_T_C_hg19,ENST00000281928.3,Q71F56:Y1174C,0.12152440393586379,0.0
chr13_27239287_A_G_hg19,ENST00000335327.5,Q9UPY6:T86A,0.3930557647431453,0.0
chr14_94732223_A_G_hg19,ENST00000304338.3,Q6NUP7:S793G,0.054081117779979475,0.0
chr15_42985481_T_C_hg19,ENST00000290607.7,Q9P2P6:L3902P,0.9635146547439235,0.0
chr15_43011023_G_A_hg19,ENST00000290607.7,Q9P2P6:R4639H,0.6605302811091729,0.0
chr15_48764826_A_T_hg19,ENST00000316623.5,P35555:C1420S,0.998992162864996,0.0
chr15_75704042_G_C_hg19,ENST00000394949.4,Q96ST3:P267A,0.051603606820147044,0.0
chr16_2814610_A_G_hg19,ENST00000301740.8,Q9UQ35:N1361D,0.1488241065142439,0.0
chr16_30718664_G_A_hg19,ENST00000262518.4,Q6ZRS2:R156H,0.8456366253251149,0.0
chr16_31235510_G_A_hg19,ENST00000322122.3,Q6ZMU5:E290K,0.17202168798457237,0.0
chr16_31235511_A_T_hg19,ENST00000322122.3,Q6ZMU5:E290V,0.15497481387529358,0.0
chr16_58713960_C_T_hg19,ENST00000219320.4,Q9NVC3:R24Q,0.12831347582682814,0.0
chr17_556648_G_A_hg19,ENST00000437048.2,Q5VIR6:A164V,0.12201659942800766,0.0
chr17_26820670_G_T_hg19,ENST00000314669.5,Q13183:R320S,0.20489108460947586,0.0
chr19_38377404_C_T_hg19,ENST00000303868.5,Q6ZQQ6:E2264K,0.09495469298807176,0.0
chr19_54647460_T_C_hg19,ENST00000406403.1,O75175:I78T,0.32230416938682244,0.0
chr19_55447735_T_C_hg19,ENST00000590030.1,Q8WX94:T732A,0.18697973186090144,0.0
chr20_31021191_G_A_hg19,ENST00000375687.4,Q8IXJ9:R397H,0.08687819249742663,0.0
chr22_21337368_G_A_hg19,ENST00000215739.8,Q8N653:G85R,0.9998646853650985,0.0
chr22_21350343_G_A_hg19,ENST00000215739.8,Q8N653:E721K,0.5393499790863135,0.0
chr22_41573317_A_C_hg19,ENST00000263253.7,Q09472:T1868P,0.18912523447249915,0.0
chrX_48374469_C_T_hg19,ENST00000326194.6,Q9H237:R370W,0.10535068273238277,0.0
chrX_53223460_T_A_hg19,ENST00000375401.3,P41229:D1300V,0.18797021847038245,0.0
chrX_54037669_G_A_hg19,ENST00000357988.5,Q9UPP1:L314F,0.7710506045757347,0.0
chrX_73964160_G_C_hg19,ENST00000055682.6,Q5QGS0:P78A,0.06231972308999712,0.0
chrX_153689643_G_A_hg19,ENST00000369682.3,P51805:A267T,0.07915472594915439,0.0
