cluster_no,rep_member,rep_member_length,member_ID,member_length,member_similarity,n_members
0,Q8WZ42,34350,"Q8WZ42","34350","100",1
1,Q9UPN3,7388,"Q9UPN3","7388","100",1
2,O14686,5537,"O14686","5537","100",1
3,Q92736,4967,"Q92736","4967","100",1
4,Q9NR09,4857,"Q9NR09","4857","100",1
5,Q15149,4684,"Q15149","4684","100",1
6,Q14204,4646,"Q14204","4646","100",1
7,Q9NZJ4,4579,"Q9NZJ4","4579","100",1
8,P98160,4391,"P98160","4391","100",1
9,Q7Z6Z7,4374,"Q7Z6Z7","4374","100",1
10,Q8NCM8,4307,"Q8NCM8","4307","100",1
11,P98161,4303,"P98161","4303","100",1
12,P78527,4128,"P78527","4128","100",1
13,Q01484,3957,"Q01484,P16157","3957,1881","100,47.84",2
14,O15230,3695,"O15230","3695","100",1
15,P11532,3685,"P11532,P46939","3685,3433","100,48.52",2
16,O60494,3623,"O60494","3623","100",1
17,Q9H251,3354,"Q9H251","3354","100",1
18,P42858,3142,"P42858","3142","100",1
19,P24043,3122,"P24043","3122","100",1
20,O75962,3097,"O75962,Q86VW2","3097,580","100,37.24",2
21,Q13315,3056,"Q13315","3056","100",1
22,Q8NFP9,2946,"Q8NFP9","2946","100",1
23,P15924,2871,"P15924","2871","100",1
24,P35555,2871,"P35555","2871","100",1
25,P25054,2843,"P25054","2843","100",1
26,P21359,2839,"P21359","2839","100",1
27,P04275,2813,"P04275","2813","100",1
28,Q9NT68,2774,"Q9NT68","2774","100",1
29,O43451,2753,"O43451,P14410,P10253","2753,1827,952","100,57.3,41.07",3
30,Q14315,2725,"Q14315,P21333,O75369","2725,2647,2602","100,63.73,62.33",3
31,Q96L73,2696,"Q96L73","2696","100",1
32,Q13535,2644,"Q13535","2644","100",1
33,O75417,2590,"O75417","2590","100",1
34,P46531,2555,"P46531,Q04721,Q9UM47","2555,2471,2321","100,51.71,42.69",3
35,P42345,2549,"P42345","2549","100",1
36,Q15652,2540,"Q15652","2540","100",1
37,Q5S007,2527,"Q5S007","2527","100",1
38,P49327,2511,"P49327","2511","100",1
39,P11717,2491,"P11717","2491","100",1
40,Q12923,2485,"Q12923","2485","100",1
41,P02751,2477,"P02751","2477","100",1
42,O00763,2458,"O00763,Q13085","2458,2346","100,74.63",2
43,Q92793,2442,"Q92793,Q09472","2442,2414","100,53.02",2
44,P02549,2419,"P02549","2419","100",1
45,Q9H4A3,2382,"Q9H4A3","2382","100",1
46,P00451,2351,"P00451,P00450","2351,1065","100,35.68",2
47,P08922,2347,"P08922","2347","100",1
48,Q6P2Q9,2335,"Q6P2Q9","2335","100",1
49,Q9UMZ3,2332,"Q9UMZ3","2332","100",1
50,P23471,2315,"P23471,P23470","2315,1445","100,42.49",2
51,O95477,2261,"O95477","2261","100",1
52,P27708,2225,"P27708,P31327","2225,1500","100,49.93",2
53,P12259,2224,"P12259","2224","100",1
54,Q13402,2215,"Q13402,Q6PIF6","2215,2116","100,53.78",2
55,Q92673,2214,"Q92673","2214","100",1
56,Q13459,2157,"Q13459","2157","100",1
57,P11277,2137,"P11277","2137","100",1
58,O75643,2136,"O75643","2136","100",1
59,O43157,2135,"O43157","2135","100",1
60,P35658,2090,"P35658","2090","100",1
61,Q14676,2089,"Q14676","2089","100",1
62,Q9HD67,2058,"Q9HD67","2058","100",1
63,P17927,2039,"P17927,P20023","2039,1033","100,35.91",2
64,Q14524,2016,"Q14524,P35499","2016,1836","100,63.88",2
65,Q92621,2012,"Q92621","2012","100",1
66,Q6N021,2002,"Q6N021","2002","100",1
67,P23467,1997,"P23467","1997","100",1
68,Q7Z406,1995,"Q7Z406,P35580","1995,1976","100,65.84",2
69,P24928,1970,"P24928","1970","100",1
70,Q96QU1,1955,"Q96QU1","1955","100",1
71,P12883,1935,"P12883","1935","100",1
72,Q9UPY3,1922,"Q9UPY3","1922","100",1
73,P23468,1912,"P23468,P23469","1912,700","100,40.42",2
74,P21675,1893,"P21675","1893","100",1
75,P38398,1863,"P38398","1863","100",1
76,Q9Y4I1,1855,"Q9Y4I1,Q9ULV0,Q9NQX4","1855,1848,1742","100,63.31,53.5",3
77,Q92608,1830,"Q92608","1830","100",1
78,P16144,1822,"P16144,P18564,P05106","1822,788,788","100,31.21,33.12",3
79,Q460N5,1801,"Q460N5","1801","100",1
80,Q9Y6D5,1785,"Q9Y6D5","1785","100",1
81,Q5SRE5,1749,"Q5SRE5","1749","100",1
82,Q07157,1748,"Q07157","1748","100",1
83,Q9H792,1746,"Q9H792","1746","100",1
84,P0C0L5,1744,"P0C0L5,P0C0L4","1744,1744","100,99.42",2
85,P08572,1712,"P08572","1712","100",1
86,Q6R327,1708,"Q6R327","1708","100",1
87,Q9NZM3,1697,"Q9NZM3","1697","100",1
88,Q12756,1690,"Q12756","1690","100",1
89,P52179,1685,"P52179","1685","100",1
90,P29400,1685,"P29400","1685","100",1
91,Q149N8,1683,"Q149N8","1683","100",1
92,P01031,1676,"P01031","1676","100",1
93,Q01955,1670,"Q01955","1670","100",1
94,P02462,1669,"P02462","1669","100",1
95,P01024,1663,"P01024","1663","100",1
96,Q9Y6N7,1651,"Q9Y6N7","1651","100",1
97,Q9H3S7,1636,"Q9H3S7","1636","100",1
98,Q13395,1621,"Q13395","1621","100",1
99,Q9UM73,1620,"Q9UM73","1620","100",1
100,Q13796,1616,"Q13796","1616","100",1
101,P26358,1616,"P26358","1616","100",1
102,O75581,1613,"O75581","1613","100",1
103,Q96PN6,1610,"Q96PN6","1610","100",1
104,O75140,1603,"O75140","1603","100",1
105,Q04637,1599,"Q04637","1599","100",1
106,P51531,1590,"P51531","1590","100",1
107,Q09428,1581,"Q09428,P33527","1581,1531","100,30.89",2
108,Q13576,1575,"Q13576","1575","100",1
109,O60486,1568,"O60486","1568","100",1
110,P41229,1560,"P41229","1560","100",1
111,Q9ULG1,1556,"Q9ULG1","1556","100",1
112,Q9NZN5,1544,"Q9NZN5","1544","100",1
113,O94813,1529,"O94813","1529","100",1
114,Q96QB1,1528,"Q96QB1","1528","100",1
115,P07814,1512,"P07814","1512","100",1
116,Q14004,1512,"Q14004,P50613,Q00534,Q00526,P11802,P24941,Q00535","1512,346,326,305,303,298,292","100,33.23,37.11,43.6,37.95,44.63,41.78",7
117,Q8TEQ6,1508,"Q8TEQ6","1508","100",1
118,O95255,1503,"O95255","1503","100",1
119,O94759,1503,"O94759,Q8TD43","1503,1214","100,34.59",2
120,Q04656,1500,"Q04656,P35670","1500,1465","100,56.04",2
121,Q9NYV4,1490,"Q9NYV4,P50750","1490,372","100,39.51",2
122,Q5JU85,1488,"Q5JU85,Q6DN90","1488,963","100,60.02",2
123,O60306,1485,"O60306","1485","100",1
124,Q13224,1484,"Q13224,Q12879","1484,1464","100,54.64",2
125,P13569,1480,"P13569","1480","100",1
126,Q9UBG0,1479,"Q9UBG0,P22897","1479,1456","100,33.72",2
127,P01023,1474,"P01023","1474","100",1
128,Q9C000,1473,"Q9C000","1473","100",1
129,P02461,1466,"P02461","1466","100",1
130,P02452,1464,"P02452","1464","100",1
131,Q6ZNL6,1462,"Q6ZNL6","1462","100",1
132,P09884,1462,"P09884","1462","100",1
133,P28827,1452,"P28827,O14522","1452,1441","100,65.3",2
134,Q9HAR2,1447,"Q9HAR2","1447","100",1
135,P43146,1447,"P43146","1447","100",1
136,Q9NTI5,1447,"Q9NTI5","1447","100",1
137,Q13635,1447,"Q13635","1447","100",1
138,Q12769,1436,"Q12769","1436","100",1
139,P29475,1434,"P29475,P35228","1434,1153","100,53.25",2
140,Q14191,1432,"Q14191","1432","100",1
141,Q76LX8,1427,"Q76LX8","1427","100",1
142,O95405,1425,"O95405","1425","100",1
143,Q86US8,1419,"Q86US8","1419","100",1
144,P54132,1417,"P54132","1417","100",1
145,Q86YV5,1406,"Q86YV5","1406","100",1
146,O15550,1401,"O15550","1401","100",1
147,Q04912,1400,"Q04912,P08581","1400,1390","100,34.24",2
148,Q9NS87,1388,"Q9NS87","1388","100",1
149,Q14152,1382,"Q14152","1382","100",1
150,P06213,1382,"P06213,P08069","1382,1367","100,57.27",2
151,Q9NRR4,1374,"Q9NRR4","1374","100",1
152,Q9ULK4,1368,"Q9ULK4","1368","100",1
153,P35916,1363,"P35916,P35968,P17948","1363,1356,1338","100,43.21,36.99",3
154,P52701,1360,"P52701","1360","100",1
155,Q9UHC9,1359,"Q9UHC9,O15118","1359,1278","100,39.51",2
156,Q13464,1354,"Q13464,Q15208","1354,465","100,32.25",2
157,O94856,1347,"O94856","1347","100",1
158,Q2M1P5,1343,"Q2M1P5","1343","100",1
159,P21860,1342,"P21860,Q15303,P04626,P00533","1342,1308,1255,1210","100,44.41,36.97,38.92",4
160,O75129,1339,"O75129","1339","100",1
161,Q06278,1338,"Q06278,P47989","1338,1333","100,50.33",2
162,Q12913,1337,"Q12913","1337","100",1
163,Q07889,1333,"Q07889","1333","100",1
164,O95163,1332,"O95163","1332","100",1
165,O95271,1327,"O95271,Q9H2K2","1327,1166","100,80.53",2
166,Q96RG2,1323,"Q96RG2","1323","100",1
167,Q92878,1312,"Q92878","1312","100",1
168,O14976,1311,"O14976","1311","100",1
169,Q9BYE9,1310,"Q9BYE9","1310","100",1
170,P12821,1306,"P12821,Q9BYF1","1306,805","100,31.18",2
171,Q9H9B1,1298,"Q9H9B1,Q96KQ7","1298,1210","100,39.83",2
172,Q15047,1291,"Q15047","1291","100",1
173,P19174,1290,"P19174","1290","100",1
174,Q9NTJ3,1288,"Q9NTJ3","1288","100",1
175,Q96KN7,1286,"Q96KN7","1286","100",1
176,P08183,1280,"P08183","1280","100",1
177,P11274,1271,"P11274","1271","100",1
178,O95487,1268,"O95487,O95486","1268,1093","100,53.97",2
179,Q99707,1265,"Q99707","1265","100",1
180,O15357,1258,"O15357","1258","100",1
181,Q96PY6,1258,"Q96PY6,Q8TDX7","1258,302","100,32.11",2
182,Q7L576,1253,"Q7L576","1253","100",1
183,Q9UBZ9,1251,"Q9UBZ9","1251","100",1
184,O14727,1248,"O14727","1248","100",1
185,P14543,1247,"P14543","1247","100",1
186,Q96QP1,1244,"Q96QP1","1244","100",1
187,O43314,1243,"O43314","1243","100",1
188,P35568,1242,"P35568","1242","100",1
189,P54098,1239,"P54098","1239","100",1
190,Q12791,1236,"Q12791,A8MYU2","1236,1149","100,39.59",2
191,Q8N3U4,1231,"Q8N3U4","1231","100",1
192,P08603,1231,"P08603","1231","100",1
193,Q86VP6,1230,"Q86VP6","1230","100",1
194,O00411,1230,"O00411","1230","100",1
195,P20020,1220,"P20020","1220","100",1
196,Q14562,1220,"Q14562,O60231","1220,1041","100,35.73",2
197,P78504,1218,"P78504,Q9NR61","1218,685","100,30.21",2
198,Q15393,1217,"Q15393","1217","100",1
199,P55201,1214,"P55201","1214","100",1
200,Q9UNS1,1208,"Q9UNS1","1208","100",1
201,O94761,1208,"O94761","1208","100",1
202,Q9HAV4,1204,"Q9HAV4","1204","100",1
203,Q6P1X5,1199,"Q6P1X5","1199","100",1
204,Q13255,1194,"Q13255,Q14831,O00222,Q14832","1194,915,908,879","100,38.68,39.64,42.09",4
205,Q99490,1192,"Q99490","1192","100",1
206,Q9P2F6,1191,"Q9P2F6","1191","100",1
207,P29597,1187,"P29597,P23458,O60674,P52333","1187,1154,1132,1124","100,45.75,39.75,41.19",4
208,Q86YC2,1186,"Q86YC2","1186","100",1
209,Q00722,1185,"Q00722","1185","100",1
210,P11498,1178,"P11498","1178","100",1
211,P30876,1174,"P30876","1174","100",1
212,Q6PD62,1173,"Q6PD62","1173","100",1
213,P20701,1170,"P20701,P20702,P11215","1170,1163,1152","100,31.21,30.29",3
214,P48357,1165,"P48357","1165","100",1
215,Q9Y2K7,1162,"Q9Y2K7","1162","100",1
216,Q9NSY1,1161,"Q9NSY1","1161","100",1
217,Q12809,1159,"Q12809","1159","100",1
218,Q8WUM0,1156,"Q8WUM0","1156","100",1
219,Q16531,1140,"Q16531","1140","100",1
220,P20585,1137,"P20585","1137","100",1
221,P18206,1134,"P18206","1134","100",1
222,O14746,1132,"O14746","1132","100",1
223,Q9Y2H2,1132,"Q9Y2H2","1132","100",1
224,P00519,1130,"P00519,P06241,P12931,P08631,P06239,Q13882,P41240","1130,537,536,526,509,451,450","100,36.49,36.94,37.07,38.89,36.58,38.66",7
225,O75717,1129,"O75717","1129","100",1
226,Q9UPN9,1127,"Q9UPN9","1127","100",1
227,Q02763,1124,"Q02763","1124","100",1
228,Q7Z2Z2,1120,"Q7Z2Z2","1120","100",1
229,O75762,1119,"O75762","1119","100",1
230,Q14126,1118,"Q14126","1118","100",1
231,P40818,1118,"P40818","1118","100",1
232,Q9NZJ5,1116,"Q9NZJ5","1116","100",1
233,P07949,1114,"P07949","1114","100",1
234,P09619,1106,"P09619,P16234,P10721,P07333","1106,1089,976,972","100,43.43,32.88,34.46",4
235,P80192,1104,"P80192,Q5TCX8","1104,1036","100,42.37",2
236,Q02846,1103,"Q02846","1103","100",1
237,P53396,1101,"P53396","1101","100",1
238,P42702,1097,"P42702","1097","100",1
239,O94953,1096,"O94953,Q9H3R0,Q6B0I6,B2RXH2","1096,1056,523,506","100,50.56,49.33,49.8",4
240,P53992,1094,"P53992,O94855","1094,1032","100,54.74",2
241,Q2Y0W8,1093,"Q2Y0W8,Q9Y6R1,P02730","1093,1079,911","100,50.5,37.87",3
242,Q96JA1,1093,"Q96JA1","1093","100",1
243,O00267,1087,"O00267","1087","100",1
244,Q9Y6K5,1087,"Q9Y6K5,P00973","1087,400","100,51.75",2
245,Q96PY5,1086,"Q96PY5","1086","100",1
246,O43683,1085,"O43683","1085","100",1
247,P56524,1084,"P56524","1084","100",1
248,Q9Y4D1,1078,"Q9Y4D1","1078","100",1
249,P41180,1078,"P41180","1078","100",1
250,Q96EP0,1072,"Q96EP0","1072","100",1
251,Q6ZW49,1069,"Q6ZW49","1069","100",1
252,P42336,1068,"P42336,O00329","1068,1044","100,40.8",2
253,O75146,1068,"O75146","1068","100",1
254,Q9UPP1,1060,"Q9UPP1,Q6ZMT4","1060,941","100,33.79",2
255,P22314,1058,"P22314","1058","100",1
256,P52732,1056,"P52732","1056","100",1
257,P29323,1055,"P29323,P54756,P29322,Q15375,P54760,P54764,P54762,P29320,P29317","1055,1037,1005,998,987,986,984,983,976","100,54.58,50.54,56.91,54.91,58.31,72.25,55.84,48.36",9
258,Q9Y233,1055,"Q9Y233","1055","100",1
259,Q05397,1052,"Q05397,Q14289","1052,1009","100,43.4",2
260,Q96NW4,1050,"Q96NW4","1050","100",1
261,O75385,1050,"O75385","1050","100",1
262,O60566,1050,"O60566","1050","100",1
263,P08648,1049,"P08648","1049","100",1
264,P06756,1048,"P06756,P08514","1048,1039","100,37.53",2
265,O15294,1046,"O15294","1046","100",1
266,Q9Y4F1,1045,"Q9Y4F1","1045","100",1
267,Q86Z14,1044,"Q86Z14,Q9UEF7,Q9H227","1044,1012,469","100,45.45,37.73",3
268,P42285,1042,"P42285","1042","100",1
269,Q9NR97,1041,"Q9NR97","1041","100",1
270,Q02246,1040,"Q02246","1040","100",1
271,Q6PJP8,1040,"Q6PJP8","1040","100",1
272,Q13873,1038,"Q13873","1038","100",1
273,Q07912,1038,"Q07912","1038","100",1
274,Q5JRX3,1037,"Q5JRX3","1037","100",1
275,Q9Y6X9,1032,"Q9Y6X9","1032","100",1
276,Q12840,1032,"Q12840","1032","100",1
277,Q9UIQ6,1025,"Q9UIQ6,P15144,Q6P179,Q07075,Q9NZ08","1025,967,960,957,941","100,31.43,41.66,30.72,44.31",5
278,Q9BYX4,1025,"Q9BYX4","1025","100",1
279,Q99575,1024,"Q99575","1024","100",1
280,Q92834,1020,"Q92834","1020","100",1
281,P14735,1019,"P14735","1019","100",1
282,P98073,1019,"P98073,P00746,P20718","1019,253,246","100,30.83,30.89",3
283,Q9Y2M0,1017,"Q9Y2M0","1017","100",1
284,P09874,1014,"P09874,Q9UGN5,Q9Y6F1","1014,583,533","100,35.16,31.14",3
285,P22102,1010,"P22102","1010","100",1
286,P49916,1009,"P49916","1009","100",1
287,O43424,1007,"O43424","1007","100",1
288,Q86YT6,1006,"Q86YT6","1006","100",1
289,Q13472,1001,"Q13472,O95985","1001,862","100,30.62",2
290,Q12866,999,"Q12866,P30530","999,894","100,43.17",2
291,P36888,993,"P36888","993","100",1
292,P38935,993,"P38935","993","100",1
293,P35523,988,"P35523","988","100",1
294,Q8N960,986,"Q8N960","986","100",1
295,Q16513,984,"Q16513,Q16512","984,942","100,59.02",2
296,P08235,984,"P08235,P04150","984,777","100,33.59",2
297,O75460,977,"O75460","977","100",1
298,Q96PU5,975,"Q96PU5","975","100",1
299,Q86UT6,975,"Q86UT6","975","100",1
300,Q15029,972,"Q15029","972","100",1
301,O00444,970,"O00444","970","100",1
302,O94804,968,"O94804","968","100",1
303,P49588,968,"P49588","968","100",1
304,O60716,968,"O60716","968","100",1
305,Q13563,968,"Q13563,Q9P0L9","968,805","100,43.1",2
306,Q14114,963,"Q14114,P01130","963,860","100,48.13",2
307,Q2M2I8,961,"Q2M2I8","961","100",1
308,O76039,960,"O76039,Q92772,Q00532","960,493,357","100,33.67,40.33",3
309,P36776,959,"P36776","959","100",1
310,Q86Y38,959,"Q86Y38","959","100",1
311,Q9Y2L1,958,"Q9Y2L1","958","100",1
312,Q8NFP4,955,"Q8NFP4","955","100",1
313,Q99460,953,"Q99460","953","100",1
314,Q9BXB1,951,"Q9BXB1,O75473","951,907","100,45.64",2
315,Q99558,947,"Q99558","947","100",1
316,Q01974,943,"Q01974","943","100",1
317,O00408,941,"O00408","941","100",1
318,O75899,941,"O75899","941","100",1
319,O94906,941,"O94906","941","100",1
320,Q05586,938,"Q05586","938","100",1
321,P11586,935,"P11586","935","100",1
322,P43246,934,"P43246","934","100",1
323,P13671,934,"P13671,P10643","934,843","100,32.5",2
324,P06401,933,"P06401","933","100",1
325,Q9Y210,931,"Q9Y210,Q13507","931,921","100,68.18",2
326,O60462,931,"O60462,O14786","931,923","100,44.96",2
327,Q9Y5G1,929,"Q9Y5G1","929","100",1
328,P06400,928,"P06400","928","100",1
329,O14936,926,"O14936,Q00013","926,466","100,52.57",2
330,O60308,925,"O60308","925","100",1
331,O95786,925,"O95786","925","100",1
332,Q13469,925,"Q13469","925","100",1
333,P57740,925,"P57740","925","100",1
334,Q9UMF0,924,"Q9UMF0,P05362","924,532","100,42.66",2
335,P52790,923,"P52790,P52789,P19367,P35557","923,917,917,465","100,55.17,52.12,49.67",4
336,Q9H0M0,922,"Q9H0M0,O00308","922,870","100,63.1",2
337,A0FGR8,921,"A0FGR8","921","100",1
338,P10275,920,"P10275","920","100",1
339,P18858,919,"P18858","919","100",1
340,P39086,918,"P39086,Q13002","918,908","100,75.99",2
341,P40189,918,"P40189","918","100",1
342,O60502,916,"O60502","916","100",1
343,Q13620,913,"Q13620,Q13616,Q13618,Q13619","913,776,768,759","100,30.79,37.36,80.1",4
344,P26045,913,"P26045","913","100",1
345,Q08345,913,"Q08345,Q16832","913,855","100,53.21",2
346,Q9Y6K1,912,"Q9Y6K1,Q9UJW3","912,386","100,35.49",2
347,O43707,911,"O43707,P35609,P12814","911,894,892","100,76.95,85.76",3
348,P49917,911,"P49917","911","100",1
349,Q7KZF4,910,"Q7KZF4","910","100",1
350,Q17RS7,908,"Q17RS7","908","100",1
351,Q13200,908,"Q13200","908","100",1
352,P78344,907,"P78344","907","100",1
353,P35221,906,"P35221","906","100",1
354,P22681,906,"P22681,Q9ULV8","906,474","100,41.13",2
355,Q8TCG1,905,"Q8TCG1","905","100",1
356,O15455,904,"O15455","904","100",1
357,Q12959,904,"Q12959","904","100",1
358,Q8TDY4,903,"Q8TDY4","903","100",1
359,Q9BVN2,902,"Q9BVN2","902","100",1
360,O75891,902,"O75891,P51649,O94788,P05091,P47895,P00352","902,535,518,517,512,501","100,32.33,46.91,45.64,45.5,48.3",6
361,Q01968,901,"Q01968","901","100",1
362,Q02487,901,"Q02487,Q08554","901,894","100,54.02",2
363,P56192,900,"P56192","900","100",1
364,Q7Z5Q5,900,"Q7Z5Q5","900","100",1
365,Q00653,900,"Q00653","900","100",1
366,Q8NI77,898,"Q8NI77","898","100",1
367,P32927,897,"P32927","897","100",1
368,Q14118,895,"Q14118","895","100",1
369,Q8IVH8,894,"Q8IVH8,Q92918","894,833","100,41.41",2
370,Q9NQV7,894,"Q9NQV7","894","100",1
371,O60741,890,"O60741,Q9UL51","890,889","100,52.19",2
372,P21399,889,"P21399","889","100",1
373,P04035,888,"P04035","888","100",1
374,Q3SYG4,887,"Q3SYG4","887","100",1
375,P12830,882,"P12830,P22223","882,829","100,56.93",2
376,Q99959,881,"Q99959","881","100",1
377,Q14974,876,"Q14974","876","100",1
378,Q9BXP5,876,"Q9BXP5","876","100",1
379,O76074,875,"O76074","875","100",1
380,Q05086,875,"Q05086","875","100",1
381,Q9H8M5,875,"Q9H8M5","875","100",1
382,O14638,875,"O14638,Q13822","875,863","100,43.68",2
383,Q9H6E5,874,"Q9H6E5","874","100",1
384,Q9Y678,874,"Q9Y678","874","100",1
385,Q9HBA0,871,"Q9HBA0,Q8NET8","871,790","100,36.96",2
386,Q9UBT6,870,"Q9UBT6","870","100",1
387,Q8WUM4,868,"Q8WUM4","868","100",1
388,Q96F46,866,"Q96F46","866","100",1
389,Q9UI17,866,"Q9UI17","866","100",1
390,Q9BXJ9,866,"Q9BXJ9","866","100",1
391,P02671,866,"P02671,O00602,Q15485","866,326,313","100,31.28,32.26",3
392,Q05193,864,"Q05193,O00429","864,736","100,38.72",2
393,P11171,864,"P11171","864","100",1
394,P54278,862,"P54278","862","100",1
395,Q92854,862,"Q92854","862","100",1
396,Q13415,861,"Q13415","861","100",1
397,Q9H9G7,860,"Q9H9G7,Q9UL18","860,857","100,84.01",2
398,P13591,858,"P13591","858","100",1
399,O60602,858,"O60602","858","100",1
400,P33981,857,"P33981","857","100",1
401,Q9HCS7,855,"Q9HCS7","855","100",1
402,Q96RS0,853,"Q96RS0","853","100",1
403,O60341,852,"O60341","852","100",1
404,P42226,847,"P42226","847","100",1
405,P06737,847,"P06737,P11216,P11217","847,843,842","100,81.37,79.92",3
406,P20273,847,"P20273","847","100",1
407,Q9UQ84,846,"Q9UQ84","846","100",1
408,P15498,845,"P15498","845","100",1
409,Q8NE71,845,"Q8NE71","845","100",1
410,Q9NP58,842,"Q9NP58","842","100",1
411,Q16288,839,"Q16288,Q16620,P04629","839,822,796","100,55.71,50.37",3
412,O00206,839,"O00206","839","100",1
413,O15394,837,"O15394","837","100",1
414,O75173,837,"O75173","837","100",1
415,Q15063,836,"Q15063,Q15582","836,683","100,43.19",2
416,Q99062,836,"Q99062","836","100",1
417,Q59H18,835,"Q59H18","835","100",1
418,Q8NFZ4,835,"Q8NFZ4,Q8N0W4,P22303,P06276,P23141","835,816,614,602,567","100,59.43,31.27,32.05,34.21",5
419,Q13263,835,"Q13263","835","100",1
420,Q8NEM0,835,"Q8NEM0","835","100",1
421,Q99523,831,"Q99523","831","100",1
422,P16109,830,"P16109,P16581,P14151","830,610,372","100,39.18,42.74",3
423,Q9BQI5,828,"Q9BQI5","828","100",1
424,O75815,825,"O75815","825","100",1
425,P24394,825,"P24394","825","100",1
426,Q9UDY8,824,"Q9UDY8","824","100",1
427,P30260,824,"P30260","824","100",1
428,P11362,822,"P11362,P21802,P22607,P22455","822,821,806,802","100,71.37,61.41,54.23",4
429,P07332,822,"P07332","822","100",1
430,P20807,821,"P20807,P07384,P17655,O14815,P04632","821,714,700,690,268","100,52.24,49.85,55.5,36.19",5
431,Q13443,819,"Q13443","819","100",1
432,Q86XP0,818,"Q86XP0","818","100",1
433,P51795,816,"P51795","816","100",1
434,O00423,815,"O00423","815","100",1
435,P55884,814,"P55884","814","100",1
436,Q9BZ11,813,"Q9BZ11","813","100",1
437,P00747,810,"P00747,P14210,P26927,P35030,P08246,P24158,P08311","810,728,711,304,267,256,255","100,34.06,36.28,32.89,30.71,33.98,30.58",7
438,Q8IWT6,810,"Q8IWT6","810","100",1
439,Q08499,809,"Q08499,Q08493","809,712","100,65.73",2
440,Q9UJX5,808,"Q9UJX5","808","100",1
441,Q9Y2R2,807,"Q9Y2R2","807","100",1
442,P55072,806,"P55072","806","100",1
443,Q2NL82,804,"Q2NL82","804","100",1
444,O75582,802,"O75582,P51812,Q15418,P23443","802,740,735,525","100,41.75,40.81,34.47",4
445,Q9NYL2,800,"Q9NYL2","800","100",1
446,Q8TF76,798,"Q8TF76","798","100",1
447,Q96QK1,796,"Q96QK1","796","100",1
448,Q8N608,796,"Q8N608,Q12884","796,760","100,34.07",2
449,Q9UQ90,795,"Q9UQ90","795","100",1
450,P54886,795,"P54886","795","100",1
451,Q9P0L2,795,"Q9P0L2","795","100",1
452,Q9Y263,795,"Q9Y263","795","100",1
453,P09958,794,"P09958","794","100",1
454,Q96T88,793,"Q96T88","793","100",1
455,P23921,792,"P23921","792","100",1
456,Q8WXE1,791,"Q8WXE1","791","100",1
457,Q9HAQ2,790,"Q9HAQ2","790","100",1
458,Q09161,790,"Q09161","790","100",1
459,P21580,790,"P21580","790","100",1
460,Q99835,787,"Q99835","787","100",1
461,Q15399,786,"Q15399","786","100",1
462,Q9H9E3,785,"Q9H9E3","785","100",1
463,Q16666,785,"Q16666","785","100",1
464,Q01813,784,"Q01813,P08237","784,780","100,70.76",2
465,O60603,784,"O60603","784","100",1
466,Q8TCS8,783,"Q8TCS8","783","100",1
467,P06396,782,"P06396,Q9Y6U3,P40121","782,715,348","100,60.13,49.13",3
468,P19447,782,"P19447","782","100",1
469,P35222,781,"P35222,P14923","781,745","100,68.32",2
470,O15553,781,"O15553","781","100",1
471,Q9NR71,780,"Q9NR71","780","100",1
472,Q96JM7,780,"Q96JM7","780","100",1
473,Q99728,777,"Q99728","777","100",1
474,O14964,777,"O14964","777","100",1
475,Q6P3S1,775,"Q6P3S1","775","100",1
476,P47897,775,"P47897","775","100",1
477,Q6PCD5,774,"Q6PCD5","774","100",1
478,Q9Y4K0,774,"Q9Y4K0","774","100",1
479,P42892,770,"P42892,P08473","770,750","100,37.06",2
480,P05067,770,"P05067,P51693","770,650","100,36.15",2
481,P05107,769,"P05107","769","100",1
482,P15056,766,"P15056,P04049","766,648","100,56.01",2
483,Q15436,765,"Q15436","765","100",1
484,Q9NRH2,765,"Q9NRH2,Q9P1W9","765,311","100,31.18",2
485,P11387,765,"P11387","765","100",1
486,P16473,764,"P16473,P22888,P23945","764,699,695","100,50.5,48.48",3
487,P00751,764,"P00751,P06681","764,752","100,39.89",2
488,P01833,764,"P01833","764","100",1
489,Q13627,763,"Q13627","763","100",1
490,P40939,763,"P40939","763","100",1
491,Q16853,763,"Q16853,P19801","763,751","100,37.68",2
492,P02786,760,"P02786","760","100",1
493,P18074,760,"P18074","760","100",1
494,Q12797,758,"Q12797","758","100",1
495,P49747,757,"P49747","757","100",1
496,O14920,756,"O14920,O15111","756,745","100,51.4",2
497,P40692,756,"P40692","756","100",1
498,Q04609,750,"Q04609,Q9UQQ1,Q9Y3Q0","750,740,740","100,37.16,66.62",3
499,P22033,750,"P22033","750","100",1
500,P42224,750,"P42224","750","100",1
501,P47712,749,"P47712","749","100",1
502,P28329,748,"P28329","748","100",1
503,Q03518,748,"Q03518,Q03519","748,686","100,32.5",2
504,Q96EB6,747,"Q96EB6","747","100",1
505,Q13835,747,"Q13835","747","100",1
506,O00391,747,"O00391","747","100",1
507,Q15910,746,"Q15910","746","100",1
508,Q13617,745,"Q13617","745","100",1
509,P05164,745,"P05164","745","100",1
510,O15119,743,"O15119","743","100",1
511,P54802,743,"P54802","743","100",1
512,P16070,742,"P16070","742","100",1
513,Q05823,741,"Q05823","741","100",1
514,Q15027,740,"Q15027","740","100",1
515,Q9UNA4,740,"Q9UNA4","740","100",1
516,P41250,739,"P41250","739","100",1
517,Q15022,739,"Q15022","739","100",1
518,O60568,738,"O60568","738","100",1
519,Q9NRK6,738,"Q9NRK6,Q9NUT2","738,735","100,30.88",2
520,Q9NY33,737,"Q9NY33","737","100",1
521,Q92786,737,"Q92786","737","100",1
522,P51659,736,"P51659","736","100",1
523,O00522,736,"O00522","736","100",1
524,Q9NQX3,736,"Q9NQX3","736","100",1
525,P13010,732,"P13010","732","100",1
526,P48449,732,"P48449","732","100",1
527,P00488,732,"P00488,Q08188,P21980","732,693,687","100,34.77,38.86",3
528,O60583,730,"O60583","730","100",1
529,Q9UHD2,729,"Q9UHD2","729","100",1
530,O00459,728,"O00459,P27986","728,724","100,57.18",2
531,P49711,727,"P49711","727","100",1
532,P28331,727,"P28331","727","100",1
533,Q8NBF2,726,"Q8NBF2","726","100",1
534,Q99661,725,"Q99661","725","100",1
535,P08238,724,"P08238","724","100",1
536,Q9NZ52,723,"Q9NZ52","723","100",1
537,P26639,723,"P26639","723","100",1
538,Q9Y223,722,"Q9Y223","722","100",1
539,Q9NZQ3,722,"Q9NZQ3","722","100",1
540,Q13144,721,"Q13144","721","100",1
541,Q96NI6,719,"Q96NI6","719","100",1
542,Q9P286,719,"Q9P286,Q9NQU5","719,681","100,41.85",2
543,Q9UH99,717,"Q9UH99","717","100",1
544,Q9Y253,713,"Q9Y253","713","100",1
545,Q8IUC6,712,"Q8IUC6","712","100",1
546,P51617,712,"P51617","712","100",1
547,Q9UBD5,711,"Q9UBD5","711","100",1
548,P02788,710,"P02788,P02787","710,698","100,60.17",2
549,P48147,710,"P48147","710","100",1
550,Q92542,709,"Q92542","709","100",1
551,Q9UKG1,709,"Q9UKG1","709","100",1
552,Q08945,709,"Q08945","709","100",1
553,P49959,708,"P49959","708","100",1
554,P14780,707,"P14780,P08253","707,660","100,47.42",2
555,Q969H0,707,"Q969H0","707","100",1
556,P00736,705,"P00736,P48740,P09871,O00187","705,699,688,686","100,37.33,38.95,41.54",4
557,Q969R5,705,"Q969R5","705","100",1
558,Q9H4Z3,704,"Q9H4Z3","704","100",1
559,Q96EF0,704,"Q96EF0,Q13614,Q9Y217","704,643,621","100,30.79,53.62",3
560,Q9BYT8,704,"Q9BYT8,P52888","704,689","100,61.68",2
561,Q12931,704,"Q12931","704","100",1
562,Q04446,702,"Q04446","702","100",1
563,P06731,702,"P06731","702","100",1
564,A9YTQ3,701,"A9YTQ3","701","100",1
565,Q9H0J9,701,"Q9H0J9","701","100",1
566,Q16820,701,"Q16820","701","100",1
567,Q96QV1,700,"Q96QV1","700","100",1
568,Q9UKM7,699,"Q9UKM7","699","100",1
569,Q06210,699,"Q06210","699","100",1
570,Q53GS7,698,"Q53GS7","698","100",1
571,Q96PX8,696,"Q96PX8","696","100",1
572,P49418,695,"P49418","695","100",1
573,Q8NBP7,692,"Q8NBP7","692","100",1
574,Q9NR80,690,"Q9NR80","690","100",1
575,P25098,689,"P25098,P34947,P32298,P43250","689,590,578,576","100,31.69,34.08,36.28",4
576,P78362,688,"P78362,Q96SB4","688,655","100,48.85",2
577,Q9NYY3,685,"Q9NYY3,Q9H4B4,P53350","685,646,603","100,46.9,36.31",3
578,Q9UKF6,684,"Q9UKF6","684","100",1
579,P81274,684,"P81274","684","100",1
580,P24723,683,"P24723,P17252,P05771,P31751,P31749,O00141,P17612","683,672,671,481,480,431,351","100,30.2,39.79,32.43,31.66,34.8,37.6",7
581,O43395,683,"O43395","683","100",1
582,P23352,680,"P23352","680","100",1
583,Q9H3D4,680,"Q9H3D4,P04637","680,393","100,33.33",2
584,P38646,679,"P38646,P11021,P11142,P17066,P34931,P54652","679,654,646,643,641,639","100,46.48,47.98,48.05,47.11,47.57",6
585,O75746,678,"O75746,Q9UJS0","678,675","100,76.59",2
586,P16278,677,"P16278","677","100",1
587,P16435,677,"P16435","677","100",1
588,P49848,677,"P49848","677","100",1
589,O15296,676,"O15296,P09917,P18054,P16050","676,674,663,662","100,42.43,37.1,38.21",4
590,Q8N3R9,675,"Q8N3R9","675","100",1
591,Q9BW19,673,"Q9BW19","673","100",1
592,Q8TDF6,673,"Q8TDF6,Q7LDG7","673,609","100,40.06",2
593,Q9H221,673,"Q9H221","673","100",1
594,P08133,673,"P08133,P04083,P07355,P12429,P09525","673,346,339,323,319","100,40.46,44.83,50.77,53.6",5
595,Q13546,671,"Q13546","671","100",1
596,O76094,671,"O76094","671","100",1
597,Q13976,671,"Q13976","671","100",1
598,Q9NVP1,670,"Q9NVP1","670","100",1
599,Q6MZZ7,669,"Q6MZZ7","669","100",1
600,O94925,669,"O94925","669","100",1
601,P30203,668,"P30203","668","100",1
602,O75326,666,"O75326","666","100",1
603,Q14807,665,"Q14807","665","100",1
604,Q96EP1,664,"Q96EP1","664","100",1
605,Q9UM07,663,"Q9UM07,Q9ULC6","663,663","100,57.46",2
606,P47736,663,"P47736","663","100",1
607,O00571,662,"O00571","662","100",1
608,Q14392,662,"Q14392","662","100",1
609,P19113,662,"P19113,P20711","662,480","100,51.66",2
610,P20591,662,"P20591","662","100",1
611,Q99467,661,"Q99467","661","100",1
612,P57075,661,"P57075,Q8TF42","661,649","100,43.14",2
613,Q8WZA1,660,"Q8WZA1","660","100",1
614,P54136,660,"P54136","660","100",1
615,Q9NW15,660,"Q9NW15","660","100",1
616,Q06187,659,"Q06187,P42680,Q08881,P07948","659,631,620,512","100,54.67,51.29,33.98",4
617,P17813,658,"P17813","658","100",1
618,Q15256,657,"Q15256,P54829","657,565","100,35.75",2
619,P42898,656,"P42898","656","100",1
620,Q9BW27,656,"Q9BW27","656","100",1
621,P49748,655,"P49748","655","100",1
622,Q04756,655,"Q04756,P00748,P00749,P49863,P10144","655,615,431,264,247","100,37.88,36.89,31.43,32.38",5
623,Q9UNQ0,655,"Q9UNQ0","655","100",1
624,P35475,653,"P35475","653","100",1
625,P07359,652,"P07359","652","100",1
626,P08236,651,"P08236","651","100",1
627,Q9H222,651,"Q9H222","651","100",1
628,Q14680,651,"Q14680","651","100",1
629,Q8NHL6,650,"Q8NHL6,Q8N423,Q8NHJ6,Q9HCN6","650,597,448,339","100,81.4,58.03,30.08",4
630,P46063,649,"P46063","649","100",1
631,Q16881,649,"Q16881,Q9NNW7","649,524","100,48.85",2
632,Q15397,648,"Q15397","648","100",1
633,Q8NI60,647,"Q8NI60","647","100",1
634,P53667,647,"P53667,P53671","647,638","100,53.44",2
635,P10515,647,"P10515","647","100",1
636,P30291,646,"P30291,P0C1S8","646,567","100,40.38",2
637,Q6PI48,645,"Q6PI48","645","100",1
638,P13667,645,"P13667,P30101","645,505","100,39.4",2
639,Q9NRR6,644,"Q9NRR6","644","100",1
640,O14777,642,"O14777","642","100",1
641,Q9H611,641,"Q9H611","641","100",1
642,Q9H6W3,641,"Q9H6W3,Q8IUF8","641,465","100,32.47",2
643,P07911,640,"P07911","640","100",1
644,Q9UBT2,640,"Q9UBT2","640","100",1
645,P50542,639,"P50542","639","100",1
646,P08240,638,"P08240","638","100",1
647,P03952,638,"P03952,P03951,P20231,Q15661,Q99895","638,625,275,275,268","100,58.72,34.54,34.54,35.82",5
648,P49761,638,"P49761,P49759,Q9HAZ1","638,484,481","100,43.38,44.49",3
649,P10912,638,"P10912","638","100",1
650,P43405,635,"P43405,P43403","635,619","100,55.25",2
651,Q9NUX5,634,"Q9NUX5","634","100",1
652,P18887,633,"P18887","633","100",1
653,Q06787,632,"Q06787","632","100",1
654,Q8IUH5,632,"Q8IUH5","632","100",1
655,P17405,631,"P17405","631","100",1
656,P20823,631,"P20823,P35680","631,557","100,48.83",2
657,Q86TM3,631,"Q86TM3","631","100",1
658,Q14258,630,"Q14258","630","100",1
659,P31645,630,"P31645","630","100",1
660,Q5VWK5,629,"Q5VWK5","629","100",1
661,Q9Y6X2,628,"Q9Y6X2,O75928","628,621","100,51.36",2
662,P50895,628,"P50895","628","100",1
663,Q9UBL3,628,"Q9UBL3","628","100",1
664,P43681,627,"P43681,Q15822,P02708","627,529,457","100,61.81,48.14",3
665,Q9Y3Z3,626,"Q9Y3Z3","626","100",1
666,Q9H9A7,625,"Q9H9A7","625","100",1
667,Q14397,625,"Q14397","625","100",1
668,Q6ISB3,625,"Q6ISB3","625","100",1
669,Q14145,624,"Q14145,Q9UH77","624,587","100,35.94",2
670,O43252,624,"O43252,O95340","624,614","100,76.54",2
671,Q9H981,624,"Q9H981","624","100",1
672,Q9Y5P4,624,"Q9Y5P4","624","100",1
673,P29401,623,"P29401","623","100",1
674,P00734,622,"P00734,P00742","622,488","100,30.12",2
675,P16471,622,"P16471","622","100",1
676,P35558,622,"P35558","622","100",1
677,Q2TBA0,621,"Q2TBA0","621","100",1
678,O43663,620,"O43663","620","100",1
679,Q96FE5,620,"Q96FE5","620","100",1
680,Q13490,618,"Q13490","618","100",1
681,P09172,617,"P09172","617","100",1
682,P27694,616,"P27694","616","100",1
683,Q9UBP0,616,"Q9UBP0","616","100",1
684,O95831,613,"O95831","613","100",1
685,P09960,611,"P09960","611","100",1
686,O00255,610,"O00255","610","100",1
687,P02768,609,"P02768,P43652","609,599","100,35.22",2
688,Q9NUW8,608,"Q9NUW8","608","100",1
689,P52306,607,"P52306","607","100",1
690,Q9H9F9,607,"Q9H9F9","607","100",1
691,Q676U5,607,"Q676U5","607","100",1
692,Q8WXI4,607,"Q8WXI4,Q8WYK0","607,555","100,46.3",2
693,O75604,605,"O75604,Q9UK80","605,565","100,31.32",2
694,Q9Y297,605,"Q9Y297","605","100",1
695,P35354,604,"P35354","604","100",1
696,Q86SR1,603,"Q86SR1,Q8N4A0,Q10471","603,578,571","100,36.67,33.97",3
697,P03915,603,"P03915","603","100",1
698,Q15642,601,"Q15642","601","100",1
699,Q92630,601,"Q92630,O43781","601,588","100,57.48",2
700,O95256,599,"O95256","599","100",1
701,Q5D1E8,599,"Q5D1E8","599","100",1
702,Q14181,598,"Q14181","598","100",1
703,Q9UJX2,597,"Q9UJX2","597","100",1
704,Q15046,597,"Q15046","597","100",1
705,Q9H2C0,597,"Q9H2C0","597","100",1
706,Q7Z628,596,"Q7Z628","596","100",1
707,P57772,596,"P57772","596","100",1
708,Q96AX1,596,"Q96AX1","596","100",1
709,P03372,595,"P03372","595","100",1
710,P35240,595,"P35240,P15311,P26038","595,586,577","100,34.64,35.52",3
711,Q92990,594,"Q92990","594","100",1
712,Q99259,594,"Q99259,Q05329","594,585","100,63.93",2
713,Q86TU7,594,"Q86TU7","594","100",1
714,Q15833,593,"Q15833","593","100",1
715,Q06124,593,"Q06124","593","100",1
716,P31939,592,"P31939","592","100",1
717,P32455,592,"P32455","592","100",1
718,P17812,591,"P17812","591","100",1
719,P07358,591,"P07358,P07357","591,584","100,31.5",2
720,Q9H900,591,"Q9H900","591","100",1
721,P30153,589,"P30153","589","100",1
722,Q9HC62,589,"Q9HC62","589","100",1
723,Q96RR4,588,"Q96RR4,Q8N5S9","588,505","100,56.43",2
724,P22557,587,"P22557","587","100",1
725,Q9UHD8,586,"Q9UHD8,Q9UH03","586,358","100,59.77",2
726,Q8IXQ5,586,"Q8IXQ5","586","100",1
727,Q8IXL6,584,"Q8IXL6,Q96MK3","584,541","100,40.66",2
728,Q8N807,584,"Q8N807","584","100",1
729,P23368,584,"P23368,P48163","584,572","100,54.37",2
730,P41214,584,"P41214","584","100",1
731,O15091,583,"O15091","583","100",1
732,P29353,583,"P29353","583","100",1
733,Q13740,583,"Q13740","583","100",1
734,P05156,583,"P05156","583","100",1
735,P08842,583,"P08842,P34059,P15289","583,522,507","100,31.99,34.12",3
736,P50281,582,"P50281,O60882,P08254,P09238,P45452,P39900,P03956,P22894,P09237","582,483,477,476,471,470,469,467,267","100,34.57,34.8,35.08,37.15,37.44,37.1,35.54,38.2",9
737,Q9NVV4,582,"Q9NVV4","582","100",1
738,Q9GZU1,580,"Q9GZU1","580","100",1
739,P30305,580,"P30305,P30307","580,473","100,30.23",2
740,Q8WX92,580,"Q8WX92","580","100",1
741,Q14995,579,"Q14995","579","100",1
742,Q9Y5A9,579,"Q9Y5A9,Q9BYJ9","579,559","100,66.72",2
743,Q8NFG4,579,"Q8NFG4","579","100",1
744,O60508,579,"O60508","579","100",1
745,Q96AP4,578,"Q96AP4","578","100",1
746,Q13651,578,"Q13651","578","100",1
747,Q13416,577,"Q13416","577","100",1
748,Q08AH3,577,"Q08AH3","577","100",1
749,P28039,575,"P28039","575","100",1
750,Q9Y5P8,575,"Q9Y5P8","575","100",1
751,Q9BYC5,575,"Q9BYC5","575","100",1
752,Q9UGP5,575,"Q9UGP5,P06746","575,335","100,34.62",2
753,P21589,574,"P21589","574","100",1
754,O00311,574,"O00311","574","100",1
755,Q8N6P7,574,"Q8N6P7","574","100",1
756,P30613,574,"P30613,P14618","574,531","100,70.8",2
757,Q07866,573,"Q07866","573","100",1
758,P10809,573,"P10809","573","100",1
759,Q16555,572,"Q16555,Q14194,Q14195,Q9BPU6,Q14117","572,572,570,564,519","100,76.22,76.84,51.41,59.92",5
760,Q9BZ23,570,"Q9BZ23","570","100",1
761,P04839,570,"P04839","570","100",1
762,Q96AY2,570,"Q96AY2","570","100",1
763,Q12980,569,"Q12980","569","100",1
764,P19440,569,"P19440","569","100",1
765,P14778,569,"P14778","569","100",1
766,Q8TBZ3,569,"Q8TBZ3","569","100",1
767,O95470,568,"O95470","568","100",1
768,Q9BRS2,568,"Q9BRS2","568","100",1
769,P37173,567,"P37173,P27037,Q13705","567,513,512","100,31.38,34.17",3
770,O43189,567,"O43189","567","100",1
771,Q96RQ9,567,"Q96RQ9","567","100",1
772,O75419,566,"O75419","566","100",1
773,Q9UBW5,565,"Q9UBW5","565","100",1
774,Q9H6X2,564,"Q9H6X2,P58335","564,489","100,53.98",2
775,O14773,563,"O14773","563","100",1
776,Q8WYA6,563,"Q8WYA6","563","100",1
777,P30038,563,"P30038","563","100",1
778,Q9Y6K8,562,"Q9Y6K8,P00568","562,194","100,57.73",2
779,P36871,562,"P36871","562","100",1
780,P49902,561,"P49902","561","100",1
781,Q96LW4,560,"Q96LW4","560","100",1
782,P02748,559,"P02748","559","100",1
783,O75914,559,"O75914,Q13153","559,545","100,81.28",2
784,P35052,558,"P35052","558","100",1
785,Q8WXF7,558,"Q8WXF7,Q6DD88","558,541","100,60.81",2
786,P06744,558,"P06744","558","100",1
787,P00367,558,"P00367","558","100",1
788,P17181,557,"P17181","557","100",1
789,O95970,557,"O95970","557","100",1
790,P07686,556,"P07686,P06865","556,529","100,54.06",2
791,Q01638,556,"Q01638","556","100",1
792,P15391,556,"P15391","556","100",1
793,P34913,555,"P34913","555","100",1
794,Q49A26,553,"Q49A26","553","100",1
795,Q9BZE9,553,"Q9BZE9","553","100",1
796,P54646,552,"P54646","552","100",1
797,Q13485,552,"Q13485,Q15796,P84022","552,467,425","100,31.69,36.7",3
798,Q9BVS4,552,"Q9BVS4","552","100",1
799,P19525,551,"P19525","551","100",1
800,O15389,551,"O15389,P20138","551,364","100,44.78",2
801,P35520,551,"P35520","551","100",1
802,Q96NY9,551,"Q96NY9","551","100",1
803,P14784,551,"P14784","551","100",1
804,Q6ZMI3,551,"Q6ZMI3","551","100",1
805,P22304,550,"P22304","550","100",1
806,Q9NQS3,549,"Q9NQS3","549","100",1
807,Q6P5Q4,547,"Q6P5Q4,P28289","547,359","100,33.42",2
808,Q9UIF7,546,"Q9UIF7","546","100",1
809,Q9H211,546,"Q9H211","546","100",1
810,P01854,546,"P01854","546","100",1
811,Q16678,543,"Q16678,P05177,P04798,P10635","543,516,512,497","100,36.04,37.5,30.78",4
812,Q9Y251,543,"Q9Y251","543","100",1
813,O96017,543,"O96017","543","100",1
814,Q8N543,542,"Q8N543","542","100",1
815,O00294,542,"O00294","542","100",1
816,P48643,541,"P48643","541","100",1
817,Q13478,541,"Q13478","541","100",1
818,Q14449,540,"Q14449","540","100",1
819,O43353,540,"O43353","540","100",1
820,Q9NZN8,540,"Q9NZN8","540","100",1
821,P49419,539,"P49419","539","100",1
822,Q6XQN6,538,"Q6XQN6","538","100",1
823,Q9HBE5,538,"Q9HBE5","538","100",1
824,P57789,538,"P57789","538","100",1
825,P17643,537,"P17643","537","100",1
826,Q9HB96,536,"Q9HB96","536","100",1
827,P04062,536,"P04062","536","100",1
828,O75191,536,"O75191","536","100",1
829,P05187,535,"P05187","535","100",1
830,Q8N159,534,"Q8N159","534","100",1
831,Q13564,534,"Q13564","534","100",1
832,O43242,534,"O43242","534","100",1
833,Q9BUI4,534,"Q9BUI4","534","100",1
834,P15848,533,"P15848","533","100",1
835,O43175,533,"O43175","533","100",1
836,Q9H816,532,"Q9H816","532","100",1
837,Q02318,531,"Q02318","531","100",1
838,O60678,531,"O60678","531","100",1
839,O43865,530,"O43865,P23526","530,432","100,50.23",2
840,P52292,529,"P52292","529","100",1
841,O43278,529,"O43278","529","100",1
842,P16662,529,"P16662","529","100",1
843,P07101,528,"P07101,Q8IWU9,P00439","528,490,452","100,43.67,49.77",3
844,P54577,528,"P54577","528","100",1
845,P21397,527,"P21397","527","100",1
846,P56282,527,"P56282","527","100",1
847,P19878,526,"P19878","526","100",1
848,Q9BZZ5,524,"Q9BZZ5","524","100",1
849,Q9UI10,523,"Q9UI10","523","100",1
850,Q8N884,522,"Q8N884","522","100",1
851,Q13596,522,"Q13596","522","100",1
852,Q16222,522,"Q16222","522","100",1
853,P37198,522,"P37198","522","100",1
854,P00390,522,"P00390","522","100",1
855,Q9Y3I1,522,"Q9Y3I1","522","100",1
856,O43172,522,"O43172","522","100",1
857,Q9BYI3,521,"Q9BYI3","521","100",1
858,Q8N5Y2,521,"Q8N5Y2","521","100",1
859,P05108,521,"P05108,P15538,P19099","521,503,503","100,36.77,38.17",3
860,P55809,520,"P55809","520","100",1
861,Q96JA3,519,"Q96JA3","519","100",1
862,Q99593,518,"Q99593","518","100",1
863,Q70CQ3,517,"Q70CQ3","517","100",1
864,P48551,515,"P48551","515","100",1
865,P11413,515,"P11413","515","100",1
866,P20839,514,"P20839,P12268","514,514","100,84.04",2
867,P49591,514,"P49591","514","100",1
868,Q9BZK7,514,"Q9BZK7","514","100",1
869,Q15646,514,"Q15646","514","100",1
870,O95497,513,"O95497","513","100",1
871,O00481,513,"O00481,P78410","513,334","100,82.03",2
872,Q6PXP3,512,"Q6PXP3,P11169,P11166","512,496,492","100,38.91,39.22",3
873,Q9NZK5,511,"Q9NZK5","511","100",1
874,P04745,511,"P04745","511","100",1
875,P07954,510,"P07954","510","100",1
876,Q96NY8,510,"Q96NY8","510","100",1
877,P49257,510,"P49257","510","100",1
878,Q04771,509,"Q04771,P37023,P36897,O00238","509,503,503,502","100,59.84,45.52,49.2",4
879,P49643,509,"P49643","509","100",1
880,P12081,509,"P12081","509","100",1
881,P09622,509,"P09622","509","100",1
882,Q86Y07,508,"Q86Y07","508","100",1
883,Q16851,508,"Q16851","508","100",1
884,P54868,508,"P54868","508","100",1
885,P05093,508,"P05093","508","100",1
886,Q9Y285,508,"Q9Y285","508","100",1
887,Q9NQH7,507,"Q9NQH7","507","100",1
888,Q96KN2,507,"Q96KN2,Q96KP4","507,475","100,53.05",2
889,P37231,505,"P37231,Q07869","505,468","100,53.41",2
890,Q9C0B1,505,"Q9C0B1","505","100",1
891,Q13217,504,"Q13217","504","100",1
892,Q99972,504,"Q99972","504","100",1
893,P22680,504,"P22680","504","100",1
894,P78324,504,"P78324,Q9P1W8","504,387","100,69.25",2
895,Q15750,504,"Q15750","504","100",1
896,P08684,503,"P08684,P20815","503,502","100,84.26",2
897,P11511,503,"P11511","503","100",1
898,P51688,502,"P51688","502","100",1
899,P14868,501,"P14868","501","100",1
900,O15488,501,"O15488,P46976","501,350","100,50.28",2
901,Q9HD40,501,"Q9HD40","501","100",1
902,P56817,501,"P56817","501","100",1
903,Q16647,500,"Q16647","500","100",1
904,Q06330,500,"Q06330","500","100",1
905,Q9Y6A2,500,"Q9Y6A2","500","100",1
906,Q86WT6,500,"Q86WT6","500","100",1
907,P05155,500,"P05155","500","100",1
908,Q13557,499,"Q13557,Q16566","499,473","100,30.65",2
909,Q99640,499,"Q99640","499","100",1
910,P05546,499,"P05546","499","100",1
911,Q12834,499,"Q12834","499","100",1
912,Q8WWY3,499,"Q8WWY3","499","100",1
913,O60729,498,"O60729","498","100",1
914,Q9NXN4,497,"Q9NXN4","497","100",1
915,O15123,496,"O15123","496","100",1
916,P42785,496,"P42785,Q9UHL4","496,492","100,39.63",2
917,P08686,495,"P08686","495","100",1
918,P11509,494,"P11509,Q16696,P05181,P20813,P11712,P10632,P33261","494,494,493,491,490,490,490","100,93.31,47.05,47.86,47.55,48.97,49.79",7
919,Q9NP87,494,"Q9NP87","494","100",1
920,P54578,494,"P54578","494","100",1
921,P11597,493,"P11597","493","100",1
922,O95822,493,"O95822","493","100",1
923,P12955,493,"P12955","493","100",1
924,O60784,492,"O60784","492","100",1
925,P43490,491,"P43490","491","100",1
926,P02675,491,"P02675","491","100",1
927,Q13188,491,"Q13188,Q13043,O00506,Q9P289","491,487,426,416","100,74.33,34.97,37.25",4
928,P10827,490,"P10827,P10828","490,461","100,59",2
929,P15260,489,"P15260","489","100",1
930,Q658P3,488,"Q658P3,Q687X5","488,459","100,45.09",2
931,Q92769,488,"Q92769,Q9BY41","488,377","100,39.25",2
932,P35408,488,"P35408","488","100",1
933,P35367,487,"P35367","487","100",1
934,P17213,487,"P17213","487","100",1
935,Q9UNF0,486,"Q9UNF0","486","100",1
936,Q9BXK5,485,"Q9BXK5","485","100",1
937,Q9UHN1,485,"Q9UHN1","485","100",1
938,P51648,485,"P51648,P30838","485,453","100,65.56",2
939,Q9UBX1,484,"Q9UBX1,P09668,P07711,P25774,P43235","484,335,333,331,329","100,33.13,33.93,30.21,32.21",5
940,P30566,484,"P30566","484","100",1
941,P34896,483,"P34896","483","100",1
942,P49840,483,"P49840","483","100",1
943,P52209,483,"P52209","483","100",1
944,Q13325,482,"Q13325,P09914,P09913","482,478,472","100,55.64,45.55",3
945,P19971,482,"P19971","482","100",1
946,P41595,481,"P41595,P28335","481,458","100,39.73",2
947,Q92743,480,"Q92743,O43464,P83110","480,458,453","100,36.46,57.61",3
948,P10619,480,"P10619","480","100",1
949,P31930,480,"P31930","480","100",1
950,P11172,480,"P11172","480","100",1
951,P58004,480,"P58004","480","100",1
952,Q9H1P3,480,"Q9H1P3","480","100",1
953,Q14790,479,"Q14790,P55210,P55212","479,303,293","100,32.67,32.42",3
954,Q9UGM1,479,"Q9UGM1","479","100",1
955,Q9UBD6,479,"Q9UBD6","479","100",1
956,Q9BTU6,479,"Q9BTU6","479","100",1
957,Q9UMR2,479,"Q9UMR2,Q14240","479,407","100,38.82",2
958,O75688,479,"O75688,P35813","479,382","100,75.91",2
959,P50336,477,"P50336","477","100",1
960,P47871,477,"P47871,P43220","477,463","100,46.22",2
961,Q9UJA9,477,"Q9UJA9,Q6UWV6,Q9Y6X5","477,458,453","100,32.75,43.92",3
962,Q9Y2Z4,477,"Q9Y2Z4","477","100",1
963,O14757,476,"O14757","476","100",1
964,Q9BZP6,476,"Q9BZP6,Q13231,Q15782,P36222","476,466,390,383","100,52.14,47.17,49.6",4
965,Q96NX5,476,"Q96NX5,Q8IU85,Q14012","476,385,370","100,61.29,59.45",3
966,P01019,476,"P01019","476","100",1
967,O75844,475,"O75844","475","100",1
968,P18507,475,"P18507,P28472,P14867","475,473,456","100,34.24,44.95",3
969,P06858,475,"P06858","475","100",1
970,O43818,475,"O43818","475","100",1
971,P55084,474,"P55084,P24752,P09110,P42765,Q9BWD1","474,427,424,397,397","100,32.55,36.08,36.77,34",5
972,Q8IV63,474,"Q8IV63","474","100",1
973,P48637,474,"P48637","474","100",1
974,P41235,474,"P41235,Q14541","474,408","100,69.6",2
975,P02774,474,"P02774","474","100",1
976,Q8TBK2,473,"Q8TBK2","473","100",1
977,Q96MU8,473,"Q96MU8","473","100",1
978,Q9BZR6,473,"Q9BZR6","473","100",1
979,Q6PHR2,472,"Q6PHR2","472","100",1
980,P16671,472,"P16671","472","100",1
981,P23381,471,"P23381","471","100",1
982,Q8NB16,471,"Q8NB16","471","100",1
983,P27918,469,"P27918","469","100",1
984,P49005,469,"P49005","469","100",1
985,Q9BX59,468,"Q9BX59","468","100",1
986,P52757,468,"P52757","468","100",1
987,P54315,467,"P54315,P16233","467,465","100,66.23",2
988,P49768,467,"P49768","467","100",1
989,P41279,467,"P41279","467","100",1
990,P08709,466,"P08709,P00740,P04070,P22891,Q9Y337","466,461,461,400,293","100,38.82,37.96,30.75,30.03",5
991,P08172,466,"P08172","466","100",1
992,Q9HBH9,465,"Q9HBH9,Q9BUB5","465,465","100,62.58",2
993,O60260,465,"O60260","465","100",1
994,Q16719,465,"Q16719","465","100",1
995,P04424,464,"P04424","464","100",1
996,P01008,464,"P01008,P01011,P05120,Q99574,P29508,P30740","464,423,415,410,390,379","100,31.91,32.28,30.48,39.48,39.57",6
997,P49336,464,"P49336","464","100",1
998,P49821,464,"P49821","464","100",1
999,Q9NQG6,463,"Q9NQG6","463","100",1
1000,Q9Y230,463,"Q9Y230","463","100",1
1001,P53634,463,"P53634","463","100",1
1002,O75306,463,"O75306","463","100",1
1003,Q9P2R7,463,"Q9P2R7","463","100",1
1004,Q15465,462,"Q15465","462","100",1
1005,P68104,462,"P68104","462","100",1
1006,P19793,462,"P19793,P24468,Q9Y5X4","462,414,410","100,35.02,32.19",3
1007,Q13285,461,"Q13285","461","100",1
1008,P23677,461,"P23677","461","100",1
1009,P20333,461,"P20333","461","100",1
1010,Q16602,461,"Q16602","461","100",1
1011,P13489,461,"P13489","461","100",1
1012,Q9NWZ3,460,"Q9NWZ3","460","100",1
1013,Q99952,460,"Q99952","460","100",1
1014,Q9Y5C1,460,"Q9Y5C1","460","100",1
1015,Q9NWU1,459,"Q9NWU1","459","100",1
1016,Q16790,459,"Q16790,P23280,Q8N1Q1,P00915,P00918","459,308,262,261,260","100,33.11,35.11,32.18,34.23",5
1017,P16871,459,"P16871","459","100",1
1018,P03905,459,"P03905","459","100",1
1019,P01730,458,"P01730","458","100",1
1020,Q9BVA6,458,"Q9BVA6","458","100",1
1021,P15169,458,"P15169,P14384","458,443","100,38.37",2
1022,Q01415,458,"Q01415,P51570","458,392","100,31.88",2
1023,Q8N142,457,"Q8N142,P30520","457,456","100,76.09",2
1024,P35790,457,"P35790","457","100",1
1025,O43159,456,"O43159","456","100",1
1026,Q9HCE5,456,"Q9HCE5","456","100",1
1027,O00232,456,"O00232","456","100",1
1028,P10826,455,"P10826","455","100",1
1029,P19438,455,"P19438","455","100",1
1030,P17735,454,"P17735","454","100",1
1031,O43293,454,"O43293,Q86YV6,Q9UIK4","454,388,370","100,30.67,60.54",3
1032,P20749,454,"P20749","454","100",1
1033,P36551,454,"P36551","454","100",1
1034,Q9Y2T3,454,"Q9Y2T3","454","100",1
1035,P22695,453,"P22695","453","100",1
1036,Q9BXJ7,453,"Q9BXJ7","453","100",1
1037,O00189,453,"O00189","453","100",1
1038,P02679,453,"P02679","453","100",1
1039,Q92484,453,"Q92484","453","100",1
1040,P42575,452,"P42575","452","100",1
1041,Q9NR50,452,"Q9NR50","452","100",1
1042,P48735,452,"P48735,O75874","452,414","100,67.87",2
1043,Q9BSI4,451,"Q9BSI4","451","100",1
1044,P23258,451,"P23258,Q71U36,Q13509,Q9BVA1,P07437","451,451,450,445,444","100,30.59,33.33,33.7,33.78",5
1045,A4D126,451,"A4D126","451","100",1
1046,O95363,451,"O95363","451","100",1
1047,Q14457,450,"Q14457","450","100",1
1048,Q9NP56,450,"Q9NP56","450","100",1
1049,O15533,448,"O15533","448","100",1
1050,P21728,446,"P21728,P28222","446,390","100,30.76",2
1051,Q96I15,445,"Q96I15","445","100",1
1052,Q93099,445,"Q93099","445","100",1
1053,P60228,445,"P60228","445","100",1
1054,Q15761,445,"Q15761","445","100",1
1055,P12694,445,"P12694","445","100",1
1056,Q9UK55,444,"Q9UK55","444","100",1
1057,P43629,444,"P43629,Q99706,P43626,P43627,P43628,P43631,P43632","444,377,348,348,341,304,304","100,55.17,80.17,80.74,79.76,79.93,75.65",7
1058,O43614,444,"O43614,O43613","444,425","100,66.58",2
1059,Q7L5Y1,443,"Q7L5Y1","443","100",1
1060,Q96SW2,442,"Q96SW2","442","100",1
1061,P24530,442,"P24530","442","100",1
1062,O75530,441,"O75530","441","100",1
1063,Q13093,441,"Q13093","441","100",1
1064,Q9BQQ3,440,"Q9BQQ3","440","100",1
1065,P04180,440,"P04180","440","100",1
1066,Q9NP92,439,"Q9NP92","439","100",1
1067,P04181,439,"P04181","439","100",1
1068,Q07960,439,"Q07960","439","100",1
1069,Q92947,438,"Q92947","438","100",1
1070,P26641,437,"P26641","437","100",1
1071,Q13895,437,"Q13895","437","100",1
1072,Q15118,436,"Q15118","436","100",1
1073,O43929,436,"O43929","436","100",1
1074,Q12794,435,"Q12794","435","100",1
1075,Q8N2I9,435,"Q8N2I9","435","100",1
1076,O43913,435,"O43913","435","100",1
1077,O15178,435,"O15178","435","100",1
1078,P09104,434,"P09104,P06733,P13929","434,434,434","100,83.41,83.41",3
1079,Q86UY5,434,"Q86UY5","434","100",1
1080,Q15561,434,"Q15561,P28347","434,426","100,75.58",2
1081,Q96Q11,434,"Q96Q11","434","100",1
1082,O75469,434,"O75469,P11473,Q14994","434,427,352","100,40.51,46.3",3
1083,Q99538,433,"Q99538","433","100",1
1084,P20061,433,"P20061","433","100",1
1085,Q15831,433,"Q15831","433","100",1
1086,Q9NRG4,433,"Q9NRG4,Q9H7B4","433,428","100,31.54",2
1087,P45954,432,"P45954,P26440,P11310,Q9UKU7,P16219","432,426,421,415,412","100,32.62,33.49,32.77,37.13",5
1088,Q15645,432,"Q15645","432","100",1
1089,Q9UK39,431,"Q9UK39","431","100",1
1090,Q7RTN6,431,"Q7RTN6","431","100",1
1091,P00505,430,"P00505","430","100",1
1092,Q9Y2G5,429,"Q9Y2G5","429","100",1
1093,Q96P11,429,"Q96P11","429","100",1
1094,P06280,429,"P06280,P17050","429,411","100,47.68",2
1095,Q9NPH0,428,"Q9NPH0","428","100",1
1096,Q14653,427,"Q14653","427","100",1
1097,P20062,427,"P20062","427","100",1
1098,O15554,427,"O15554","427","100",1
1099,Q9Y606,427,"Q9Y606","427","100",1
1100,Q92466,427,"Q92466","427","100",1
1101,P45983,427,"P45983,P45984,P27361,P53778,O15264,Q15759,Q16539","427,424,379,367,365,364,360","100,81.13,37.99,44.95,46.02,48.07,47.22",7
1102,P08476,426,"P08476","426","100",1
1103,A1Z1Q3,425,"A1Z1Q3","425","100",1
1104,Q8N5Z0,425,"Q8N5Z0","425","100",1
1105,P22234,425,"P22234","425","100",1
1106,P25116,425,"P25116,P55085","425,397","100,31.48",2
1107,O95630,424,"O95630","424","100",1
1108,P22830,423,"P22830","423","100",1
1109,P50440,423,"P50440","423","100",1
1110,Q96IY4,423,"Q96IY4,Q9UI42,P48052,P15085,Q8IVL8","423,421,419,419,374","100,35.86,37.47,33.65,38.77",5
1111,Q9UL52,423,"Q9UL52","423","100",1
1112,Q9BZE1,423,"Q9BZE1","423","100",1
1113,Q9HCP0,422,"Q9HCP0,P78368","422,415","100,80",2
1114,P21579,422,"P21579","422","100",1
1115,P09543,421,"P09543","421","100",1
1116,Q8N9L9,421,"Q8N9L9","421","100",1
1117,Q99983,421,"Q99983","421","100",1
1118,Q8TBX8,421,"Q8TBX8,P48426","421,406","100,61.08",2
1119,Q9HAT8,420,"Q9HAT8","420","100",1
1120,Q01344,420,"Q01344","420","100",1
1121,P49642,420,"P49642","420","100",1
1122,Q9HCJ6,419,"Q9HCJ6,Q08257","419,329","100,34.34",2
1123,O14733,419,"O14733,P36507,P45985,Q02750","419,400,399,393","100,31.25,39.59,32.06",4
1124,P14324,419,"P14324","419","100",1
1125,O14929,419,"O14929","419","100",1
1126,P36955,418,"P36955","418","100",1
1127,P01009,418,"P01009,Q8IW75,P05154,P08185","418,414,406,405","100,37.43,41.37,41.23",4
1128,Q8IVH4,418,"Q8IVH4","418","100",1
1129,P43351,418,"P43351","418","100",1
1130,Q6YN16,418,"Q6YN16","418","100",1
1131,P00558,417,"P00558","417","100",1
1132,P37268,417,"P37268","417","100",1
1133,Q96E29,417,"Q96E29","417","100",1
1134,P27352,417,"P27352","417","100",1
1135,P15151,417,"P15151","417","100",1
1136,Q9UQV4,416,"Q9UQV4","416","100",1
1137,Q8TAX9,416,"Q8TAX9","416","100",1
1138,Q8N371,416,"Q8N371","416","100",1
1139,P55211,416,"P55211,P42574","416,277","100,32.85",2
1140,Q8N136,415,"Q8N136","415","100",1
1141,Q13148,414,"Q13148","414","100",1
1142,P07550,413,"P07550,P13945","413,408","100,38.23",2
1143,Q14318,412,"Q14318","412","100",1
1144,P07339,412,"P07339,P00797,P14091","412,406,396","100,41.37,44.19",3
1145,P29274,412,"P29274,P30542","412,326","100,48.46",2
1146,P00966,412,"P00966","412","100",1
1147,Q9ULX3,412,"Q9ULX3","412","100",1
1148,P16444,411,"P16444","411","100",1
1149,Q5VW32,411,"Q5VW32","411","100",1
1150,Q16654,411,"Q16654,Q15120","411,406","100,61.33",2
1151,Q13569,410,"Q13569","410","100",1
1152,Q9H3H5,408,"Q9H3H5","408","100",1
1153,Q03154,408,"Q03154","408","100",1
1154,O14556,408,"O14556,P04406","408,335","100,67.76",2
1155,P25103,407,"P25103","407","100",1
1156,Q16186,407,"Q16186","407","100",1
1157,Q93088,406,"Q93088","406","100",1
1158,P15735,406,"P15735","406","100",1
1159,Q9Y663,406,"Q9Y663,Q8IZT8,O14792","406,346,307","100,36.7,36.48",3
1160,Q9UDX3,406,"Q9UDX3,O76054,Q9UDX4","406,403,400","100,69.97,69.25",3
1161,P62195,406,"P62195","406","100",1
1162,Q9BY76,406,"Q9BY76,O75636","406,299","100,30.43",2
1163,Q9Y2U9,406,"Q9Y2U9","406","100",1
1164,P00738,406,"P00738","406","100",1
1165,P48775,406,"P48775","406","100",1
1166,P32929,405,"P32929","405","100",1
1167,Q9GZZ9,404,"Q9GZZ9","404","100",1
1168,Q15109,404,"Q15109","404","100",1
1169,P29466,404,"P29466","404","100",1
1170,P60484,403,"P60484","403","100",1
1171,P14902,403,"P14902","403","100",1
1172,O14965,403,"O14965,Q96GD4","403,344","100,56.68",2
1173,Q96BZ9,403,"Q96BZ9","403","100",1
1174,P48728,403,"P48728","403","100",1
1175,P04278,402,"P04278","402","100",1
1176,P05121,402,"P05121,P07093","402,398","100,39.44",2
1177,Q8WVQ1,401,"Q8WVQ1","401","100",1
1178,O00300,401,"O00300","401","100",1
1179,P49137,400,"P49137,Q16644","400,382","100,64.13",2
1180,P53602,400,"P53602","400","100",1
1181,P01857,399,"P01857","399","100",1
1182,Q9H2X3,399,"Q9H2X3","399","100",1
1183,O14958,399,"O14958,P31415","399,396","100,61.11",2
1184,Q99551,399,"Q99551","399","100",1
1185,Q9NTG7,399,"Q9NTG7","399","100",1
1186,P07098,398,"P07098","398","100",1
1187,P15291,398,"P15291","398","100",1
1188,P01876,398,"P01876","398","100",1
1189,Q96G97,398,"Q96G97","398","100",1
1190,P27930,398,"P27930","398","100",1
1191,Q8WU08,396,"Q8WU08","396","100",1
1192,Q13216,396,"Q13216","396","100",1
1193,P06727,396,"P06727","396","100",1
1194,Q03426,396,"Q03426","396","100",1
1195,Q9NTK5,396,"Q9NTK5","396","100",1
1196,Q9H5Q4,396,"Q9H5Q4","396","100",1
1197,Q00266,395,"Q00266","395","100",1
1198,Q02127,395,"Q02127","395","100",1
1199,Q13888,395,"Q13888","395","100",1
1200,Q6UXV0,394,"Q6UXV0","394","100",1
1201,O75521,394,"O75521","394","100",1
1202,P63092,394,"P63092,P08754,P09471","394,354,354","100,44.06,46.32",3
1203,Q5T8I9,393,"Q5T8I9","393","100",1
1204,P32754,393,"P32754","393","100",1
1205,Q9BWS9,393,"Q9BWS9","393","100",1
1206,Q6IQ20,393,"Q6IQ20","393","100",1
1207,O15382,392,"O15382,P54687","392,386","100,55.44",2
1208,P49903,392,"P49903","392","100",1
1209,P21953,392,"P21953,P11177","392,359","100,31.47",2
1210,P15529,392,"P15529","392","100",1
1211,Q8NBL1,392,"Q8NBL1","392","100",1
1212,P21549,392,"P21549","392","100",1
1213,Q99638,391,"Q99638","391","100",1
1214,O14717,391,"O14717","391","100",1
1215,P68400,391,"P68400,P19784","391,350","100,81.14",2
1216,Q9H3M7,391,"Q9H3M7","391","100",1
1217,P43115,390,"P43115","390","100",1
1218,Q96FI4,390,"Q96FI4","390","100",1
1219,P01137,390,"P01137","390","100",1
1220,P14598,390,"P14598","390","100",1
1221,P08559,390,"P08559","390","100",1
1222,Q14654,390,"Q14654","390","100",1
1223,P15812,388,"P15812,P15813,P29016,P29017","388,335,333,333","100,51.64,50.45,45.64",4
1224,Q9H488,388,"Q9H488","388","100",1
1225,P36575,388,"P36575","388","100",1
1226,Q9UKT5,387,"Q9UKT5","387","100",1
1227,Q86V24,386,"Q86V24","386","100",1
1228,P40394,386,"P40394,P08319,P00326,P00325,P11766","386,380,375,375,374","100,58.15,69.06,69.06,60.69",5
1229,P53582,386,"P53582","386","100",1
1230,P15309,386,"P15309","386","100",1
1231,Q6NVY1,386,"Q6NVY1","386","100",1
1232,P26378,385,"P26378","385","100",1
1233,P35613,385,"P35613","385","100",1
1234,Q9NZN9,384,"Q9NZN9,O00170","384,330","100,48.78",2
1235,Q96CB9,384,"Q96CB9","384","100",1
1236,Q9UBR1,384,"Q9UBR1","384","100",1
1237,P25929,384,"P25929,P50391","384,375","100,41.6",2
1238,Q9HC16,384,"Q9HC16,Q9UH17,Q8IUX4,Q6NTF7,P31941,Q9GZX7","384,382,373,200,199,198","100,57.06,52.01,31.5,63.31,41.91",6
1239,Q29980,383,"Q29980,Q29983","383,383","100,79.89",2
1240,P21453,382,"P21453,Q92633","382,364","100,33.51",2
1241,Q9NXS2,382,"Q9NXS2,Q16769","382,361","100,44.59",2
1242,P49146,381,"P49146","381","100",1
1243,P06732,381,"P06732,P12277","381,381","100,80.31",2
1244,Q16828,381,"Q16828","381","100",1
1245,Q7Z6M4,381,"Q7Z6M4","381","100",1
1246,P08174,381,"P08174","381","100",1
1247,Q9Y3R4,380,"Q9Y3R4","380","100",1
1248,Q96DV4,380,"Q96DV4","380","100",1
1249,Q14627,380,"Q14627","380","100",1
1250,P35414,380,"P35414","380","100",1
1251,P00156,380,"P00156","380","100",1
1252,P41145,380,"P41145","380","100",1
1253,O43173,380,"O43173","380","100",1
1254,P07902,379,"P07902","379","100",1
1255,Q86WV6,379,"Q86WV6","379","100",1
1256,P26951,378,"P26951","378","100",1
1257,Q96CM3,377,"Q96CM3","377","100",1
1258,Q8N4Q0,377,"Q8N4Q0","377","100",1
1259,Q16795,377,"Q16795","377","100",1
1260,Q9UNM6,376,"Q9UNM6","376","100",1
1261,P08571,375,"P08571","375","100",1
1262,P36952,375,"P36952","375","100",1
1263,O14793,375,"O14793","375","100",1
1264,P63261,375,"P63261,P60709","375,375","100,98.66",2
1265,Q96LA8,375,"Q96LA8","375","100",1
1266,P35247,375,"P35247","375","100",1
1267,Q9NW38,375,"Q9NW38","375","100",1
1268,P41597,374,"P41597,P51681","374,352","100,65.34",2
1269,Q9NPI8,374,"Q9NPI8","374","100",1
1270,Q8NBK3,374,"Q8NBK3","374","100",1
1271,P12314,374,"P12314","374","100",1
1272,Q96G91,374,"Q96G91","374","100",1
1273,Q9BV79,373,"Q9BV79","373","100",1
1274,P56589,373,"P56589","373","100",1
1275,Q96LB8,373,"Q96LB8,Q96LB9,O75594","373,341,196","100,67.44,37.75",3
1276,O95568,372,"O95568","372","100",1
1277,P09651,372,"P09651","372","100",1
1278,Q8N3J5,372,"Q8N3J5","372","100",1
1279,Q96RU8,372,"Q96RU8","372","100",1
1280,Q9UN36,371,"Q9UN36","371","100",1
1281,Q9Y617,370,"Q9Y617","370","100",1
1282,Q9UJM8,370,"Q9UJM8","370","100",1
1283,Q9BV20,369,"Q9BV20","369","100",1
1284,P31785,369,"P31785","369","100",1
1285,P49366,369,"P49366","369","100",1
1286,P51686,369,"P51686,P30556,P25024","369,359,350","100,30.08,32.85",3
1287,Q9Y2C4,368,"Q9Y2C4","368","100",1
1288,P78406,368,"P78406","368","100",1
1289,P28562,367,"P28562","367","100",1
1290,P06132,367,"P06132","367","100",1
1291,P10321,366,"P10321,P04439,P01889,P13747,Q30201,P30511,Q95460,P25311","366,365,362,358,348,346,341,298","100,72.05,75.13,64.52,30.74,71.38,34.01,32.88",8
1292,P52788,366,"P52788","366","100",1
1293,P62068,366,"P62068","366","100",1
1294,P51582,365,"P51582","365","100",1
1295,Q5W0Z9,365,"Q5W0Z9","365","100",1
1296,O00204,365,"O00204,Q6IMI6,O75897,O00338,P50225,P50226,P49888,Q06520","365,304,302,296,295,295,294,285","100,32.89,31.45,32.43,37.62,37.62,32.31,47.01",8
1297,P04075,364,"P04075,P05062,P09972","364,364,364","100,69.23,81.59",3
1298,P04001,364,"P04001,P04000,P08100","364,364,348","100,90.93,41.37",3
1299,P50052,363,"P50052","363","100",1
1300,P00813,363,"P00813","363","100",1
1301,Q9H777,363,"Q9H777","363","100",1
1302,P54725,363,"P54725","363","100",1
1303,O75818,363,"O75818","363","100",1
1304,Q9NX46,363,"Q9NX46","363","100",1
1305,P55263,362,"P55263","362","100",1
1306,O95551,362,"O95551","362","100",1
1307,P08397,361,"P08397","361","100",1
1308,Q15435,360,"Q15435","360","100",1
1309,Q96QE5,360,"Q96QE5","360","100",1
1310,Q9UGM6,360,"Q9UGM6","360","100",1
1311,Q13394,359,"Q13394","359","100",1
1312,O15335,359,"O15335","359","100",1
1313,O00767,359,"O00767","359","100",1
1314,Q02083,359,"Q02083","359","100",1
1315,O43488,359,"O43488,O95154","359,331","100,87.31",2
1316,O14745,358,"O14745","358","100",1
1317,Q15257,358,"Q15257","358","100",1
1318,O00303,357,"O00303","357","100",1
1319,Q96MX6,357,"Q96MX6","357","100",1
1320,P30533,357,"P30533","357","100",1
1321,Q00796,357,"Q00796","357","100",1
1322,Q96DI7,357,"Q96DI7","357","100",1
1323,Q7Z2E3,356,"Q7Z2E3","356","100",1
1324,Q5T440,356,"Q5T440","356","100",1
1325,Q8N6T7,355,"Q8N6T7","355","100",1
1326,P27169,355,"P27169","355","100",1
1327,O00182,355,"O00182,O00214","355,317","100,32.8",2
1328,O95299,355,"O95299","355","100",1
1329,P00480,354,"P00480","354","100",1
1330,P78540,354,"P78540,P05089","354,322","100,59",2
1331,P16442,354,"P16442","354","100",1
1332,Q96BN8,352,"Q96BN8","352","100",1
1333,P49770,351,"P49770","351","100",1
1334,Q7LG56,351,"Q7LG56","351","100",1
1335,Q8N335,351,"Q8N335,P21695","351,349","100,71.34",2
1336,Q8N8N7,351,"Q8N8N7","351","100",1
1337,P21730,350,"P21730","350","100",1
1338,Q07820,350,"Q07820","350","100",1
1339,O75695,350,"O75695","350","100",1
1340,P48556,350,"P48556","350","100",1
1341,Q9NWT6,349,"Q9NWT6","349","100",1
1342,Q8IV48,349,"Q8IV48","349","100",1
1343,P09001,348,"P09001","348","100",1
1344,Q9P2T1,348,"Q9P2T1,P36959","348,345","100,79.42",2
1345,Q14376,348,"Q14376","348","100",1
1346,Q9P0M2,348,"Q9P0M2","348","100",1
1347,P03891,347,"P03891","347","100",1
1348,Q15814,346,"Q15814","346","100",1
1349,Q9UBE0,346,"Q9UBE0","346","100",1
1350,P20933,346,"P20933","346","100",1
1351,P53597,346,"P53597","346","100",1
1352,P46597,345,"P46597","345","100",1
1353,O15527,345,"O15527","345","100",1
1354,P02749,345,"P02749","345","100",1
1355,Q14982,345,"Q14982","345","100",1
1356,P19883,344,"P19883","344","100",1
1357,Q9UJ70,344,"Q9UJ70","344","100",1
1358,Q9BQP7,344,"Q9BQP7","344","100",1
1359,O14862,343,"O14862","343","100",1
1360,P21731,343,"P21731","343","100",1
1361,P25105,342,"P25105","342","100",1
1362,Q9H244,342,"Q9H244,Q15391","342,338","100,44.37",2
1363,Q9BQA1,342,"Q9BQA1","342","100",1
1364,Q96C23,342,"Q96C23","342","100",1
1365,Q9Y376,341,"Q9Y376,Q9H9S4","341,337","100,81",2
1366,Q9GZT4,340,"Q9GZT4","340","100",1
1367,Q9UNI6,340,"Q9UNI6","340","100",1
1368,Q14565,340,"Q14565,Q06609","340,339","100,51.91",2
1369,P62873,340,"P62873","340","100",1
1370,Q8N0X4,340,"Q8N0X4","340","100",1
1371,P40937,340,"P40937","340","100",1
1372,Q13825,339,"Q13825","339","100",1
1373,O76071,339,"O76071","339","100",1
1374,P07858,339,"P07858","339","100",1
1375,P78318,339,"P78318","339","100",1
1376,Q8TBZ6,339,"Q8TBZ6","339","100",1
1377,Q15080,339,"Q15080","339","100",1
1378,O14832,338,"O14832","338","100",1
1379,P40926,338,"P40926","338","100",1
1380,P59534,338,"P59534","338","100",1
1381,P09467,338,"P09467","338","100",1
1382,P37837,337,"P37837","337","100",1
1383,Q96C86,337,"Q96C86","337","100",1
1384,P38484,337,"P38484","337","100",1
1385,Q9UG22,337,"Q9UG22,Q8WWP7","337,306","100,37.58",2
1386,Q13426,336,"Q13426","336","100",1
1387,Q9H0P0,336,"Q9H0P0","336","100",1
1388,O00180,336,"O00180","336","100",1
1389,O94766,335,"O94766,Q9P2W7","335,334","100,43.41",2
1390,Q16698,335,"Q16698,Q9BY49","335,303","100,30.03",2
1391,Q03405,335,"Q03405","335","100",1
1392,Q13291,335,"Q13291","335","100",1
1393,P07195,334,"P07195,P00338","334,332","100,75.3",2
1394,Q9NZL9,334,"Q9NZL9","334","100",1
1395,P13804,333,"P13804","333","100",1
1396,Q53FA7,332,"Q53FA7","332","100",1
1397,O14656,332,"O14656","332","100",1
1398,P32245,332,"P32245","332","100",1
1399,Q9H9J2,332,"Q9H9J2","332","100",1
1400,O95278,331,"O95278","331","100",1
1401,P54619,331,"P54619","331","100",1
1402,Q9BUD6,331,"Q9BUD6","331","100",1
1403,P13716,330,"P13716","330","100",1
1404,Q9NUV9,329,"Q9NUV9,Q8NHV1","329,300","100,31.33",2
1405,Q9Y5K5,329,"Q9Y5K5","329","100",1
1406,P14061,328,"P14061","328","100",1
1407,Q13011,328,"Q13011","328","100",1
1408,Q9UBQ7,328,"Q9UBQ7","328","100",1
1409,P29460,328,"P29460","328","100",1
1410,P20132,328,"P20132","328","100",1
1411,Q9UBV7,327,"Q9UBV7","327","100",1
1412,Q86XE5,327,"Q86XE5","327","100",1
1413,P51857,326,"P51857,P14550,P17516,Q04828,P52895,P42330,P15121,O60218","326,325,323,323,323,323,316,316","100,44.61,56.03,57.27,57.27,54.79,50.31,50.94",8
1414,P35914,325,"P35914","325","100",1
1415,P08574,325,"P08574","325","100",1
1416,Q08334,325,"Q08334","325","100",1
1417,P13686,325,"P13686","325","100",1
1418,P36873,323,"P36873,P67775","323,309","100,45.95",2
1419,P51946,323,"P51946","323","100",1
1420,Q8WXH4,323,"Q8WXH4","323","100",1
1421,Q9Y698,323,"Q9Y698","323","100",1
1422,Q96KB5,322,"Q96KB5","322","100",1
1423,P55735,322,"P55735","322","100",1
1424,Q13155,320,"Q13155","320","100",1
1425,P32322,319,"P32322","319","100",1
1426,Q92820,318,"Q92820","318","100",1
1427,P60891,318,"P60891","318","100",1
1428,Q10588,318,"Q10588","318","100",1
1429,O75208,318,"O75208","318","100",1
1430,P27695,318,"P27695","318","100",1
1431,P03886,318,"P03886","318","100",1
1432,P43358,317,"P43358","317","100",1
1433,P12271,317,"P12271","317","100",1
1434,P02649,317,"P02649","317","100",1
1435,P12318,317,"P12318,P31994,P08637,O75015","317,310,254,233","100,62.25,33.46,39.91",4
1436,O95045,317,"O95045","317","100",1
1437,P25963,317,"P25963","317","100",1
1438,O14788,317,"O14788","317","100",1
1439,P30519,316,"P30519,P09601","316,288","100,43.4",2
1440,P53370,316,"P53370","316","100",1
1441,Q00403,316,"Q00403","316","100",1
1442,P0C870,316,"P0C870","316","100",1
1443,P05198,315,"P05198","315","100",1
1444,A2RUC4,315,"A2RUC4","315","100",1
1445,P16422,314,"P16422","314","100",1
1446,Q16836,314,"Q16836","314","100",1
1447,Q96LJ7,313,"Q96LJ7","313","100",1
1448,P45381,313,"P45381","313","100",1
1449,Q8WWA0,313,"Q8WWA0","313","100",1
1450,Q7L523,313,"Q7L523","313","100",1
1451,Q9HC38,313,"Q9HC38","313","100",1
1452,Q5TBB1,312,"Q5TBB1","312","100",1
1453,O00764,312,"O00764","312","100",1
1454,Q6FI81,312,"Q6FI81","312","100",1
1455,Q9UJJ7,312,"Q9UJJ7","312","100",1
1456,P22748,312,"P22748","312","100",1
1457,Q6UXL0,311,"Q6UXL0","311","100",1
1458,Q9NXA8,310,"Q9NXA8","310","100",1
1459,O00487,310,"O00487","310","100",1
1460,Q92890,307,"Q92890","307","100",1
1461,P50897,306,"P50897","306","100",1
1462,Q14232,305,"Q14232","305","100",1
1463,O75716,305,"O75716","305","100",1
1464,Q96MG7,304,"Q96MG7","304","100",1
1465,O76036,304,"O76036,P24071","304,287","100,32.4",2
1466,Q9BRQ3,303,"Q9BRQ3","303","100",1
1467,Q96DC8,303,"Q96DC8","303","100",1
1468,Q9UBR2,303,"Q9UBR2","303","100",1
1469,P09486,303,"P09486","303","100",1
1470,Q99685,303,"Q99685","303","100",1
1471,P19623,302,"P19623","302","100",1
1472,P42126,302,"P42126","302","100",1
1473,P00387,301,"P00387","301","100",1
1474,Q96PS8,301,"Q96PS8","301","100",1
1475,Q9UNP9,301,"Q9UNP9,P45877,Q9Y3C6,P62937,Q9H2H8","301,212,166,165,161","100,42.45,39.75,66.06,40.99",5
1476,O14842,300,"O14842","300","100",1
1477,P28907,300,"P28907","300","100",1
1478,Q92600,299,"Q92600","299","100",1
1479,Q9H9Q4,299,"Q9H9Q4","299","100",1
1480,Q9HBL8,299,"Q9HBL8","299","100",1
1481,O75792,299,"O75792","299","100",1
1482,P50053,298,"P50053","298","100",1
1483,O00560,298,"O00560","298","100",1
1484,Q9NWX6,298,"Q9NWX6","298","100",1
1485,P29372,298,"P29372","298","100",1
1486,P25325,297,"P25325","297","100",1
1487,Q6P1N9,297,"Q6P1N9","297","100",1
1488,Q15274,297,"Q15274","297","100",1
1489,Q9H3L0,296,"Q9H3L0","296","100",1
1490,P53004,296,"P53004","296","100",1
1491,Q99836,296,"Q99836","296","100",1
1492,P13726,295,"P13726","295","100",1
1493,P08865,295,"P08865","295","100",1
1494,Q9P0N9,293,"Q9P0N9","293","100",1
1495,P30281,292,"P30281","292","100",1
1496,P28845,292,"P28845","292","100",1
1497,Q86WA6,291,"Q86WA6","291","100",1
1498,Q5SRE7,291,"Q5SRE7","291","100",1
1499,P29084,291,"P29084","291","100",1
1500,Q15024,291,"Q15024","291","100",1
1501,P18440,290,"P18440,P11245","290,290","100,80.68",2
1502,P30084,290,"P30084","290","100",1
1503,O00625,290,"O00625","290","100",1
1504,P00491,289,"P00491","289","100",1
1505,Q6PHW0,289,"Q6PHW0","289","100",1
1506,Q96FX7,289,"Q96FX7","289","100",1
1507,O14732,288,"O14732,P29218","288,277","100,53.06",2
1508,Q9GZN7,287,"Q9GZN7","287","100",1
1509,Q53TN4,286,"Q53TN4","286","100",1
1510,Q96Q83,286,"Q96Q83","286","100",1
1511,P46952,286,"P46952","286","100",1
1512,O60930,286,"O60930","286","100",1
1513,P49675,285,"P49675","285","100",1
1514,O94760,285,"O94760","285","100",1
1515,Q15475,284,"Q15475","284","100",1
1516,Q5VVY1,283,"Q5VVY1","283","100",1
1517,P78345,283,"P78345","283","100",1
1518,Q13126,283,"Q13126","283","100",1
1519,P11086,282,"P11086,O95050","282,263","100,34.22",2
1520,Q8N8Q3,282,"Q8N8Q3","282","100",1
1521,Q13520,282,"Q13520,P41181,P29972","282,271,269","100,53.87,39.77",3
1522,Q9Y4U1,282,"Q9Y4U1","282","100",1
1523,Q8IYS5,282,"Q8IYS5","282","100",1
1524,P10768,282,"P10768","282","100",1
1525,P24855,282,"P24855","282","100",1
1526,O60671,282,"O60671","282","100",1
1527,Q96IY1,281,"Q96IY1","281","100",1
1528,O60921,280,"O60921","280","100",1
1529,O14893,280,"O14893","280","100",1
1530,Q9HAN9,279,"Q9HAN9,Q96T66","279,252","100,50.79",2
1531,Q9BTZ2,278,"Q9BTZ2","278","100",1
1532,P49638,278,"P49638","278","100",1
1533,Q16740,277,"Q16740","277","100",1
1534,Q16854,277,"Q16854,P27707","277,260","100,48.07",2
1535,P16152,277,"P16152,O75828","277,277","100,71.48",2
1536,P25942,277,"P25942","277","100",1
1537,Q96B26,276,"Q96B26","276","100",1
1538,O43240,276,"O43240,P06870,P07288,P20151,O60259,Q9Y5K2,P23946,P07477,Q92876","276,262,261,261,260,254,247,247,244","100,33.2,32.56,35.63,40.38,33.46,30.36,36.03,38.11",9
1539,O15194,276,"O15194","276","100",1
1540,P28062,276,"P28062","276","100",1
1541,Q9NQT5,275,"Q9NQT5","275","100",1
1542,Q9H1Y0,275,"Q9H1Y0","275","100",1
1543,P13598,275,"P13598","275","100",1
1544,P15559,274,"P15559,P16083","274,231","100,45.88",2
1545,O14618,274,"O14618,P00441","274,154","100,47.4",2
1546,Q9NTM9,273,"Q9NTM9","273","100",1
1547,Q96DN0,273,"Q96DN0","273","100",1
1548,P13765,273,"P13765,P01911,P79483,Q30154,P01920,P04440","273,266,266,266,261,258","100,54.13,51.87,48.12,54.78,48.44",6
1549,O43741,272,"O43741,Q9Y478","272,270","100,71.11",2
1550,Q9BWP8,271,"Q9BWP8","271","100",1
1551,P21964,271,"P21964","271","100",1
1552,P01583,271,"P01583","271","100",1
1553,O95760,270,"O95760","270","100",1
1554,Q9BPX1,270,"Q9BPX1","270","100",1
1555,P78346,268,"P78346","268","100",1
1556,P02647,267,"P02647","267","100",1
1557,Q8WV22,266,"Q8WV22","266","100",1
1558,P48060,266,"P48060","266","100",1
1559,P15428,266,"P15428","266","100",1
1560,A4D2B0,266,"A4D2B0","266","100",1
1561,O43819,266,"O43819","266","100",1
1562,P10746,265,"P10746","265","100",1
1563,Q9BQ65,265,"Q9BQ65","265","100",1
1564,Q5VZV1,264,"Q5VZV1","264","100",1
1565,P61247,264,"P61247","264","100",1
1566,P28070,264,"P28070","264","100",1
1567,O75489,264,"O75489","264","100",1
1568,P28068,263,"P28068","263","100",1
1569,Q969J5,263,"Q969J5","263","100",1
1570,P25786,263,"P25786","263","100",1
1571,Q86VU5,262,"Q86VU5","262","100",1
1572,Q9Y657,262,"Q9Y657","262","100",1
1573,Q99714,261,"Q99714","261","100",1
1574,Q7Z7H8,261,"Q7Z7H8","261","100",1
1575,Q9BZX2,261,"Q9BZX2","261","100",1
1576,P25789,261,"P25789,P60900","261,246","100,30.89",2
1577,P28067,261,"P28067","261","100",1
1578,P35270,261,"P35270","261","100",1
1579,Q92506,261,"Q92506,Q9BUT1,Q8N4T8","261,245,237","100,31.42,35.44",3
1580,Q9NVS9,261,"Q9NVS9","261","100",1
1581,Q9H6Q3,261,"Q9H6Q3","261","100",1
1582,Q6NS38,261,"Q6NS38","261","100",1
1583,P20036,260,"P20036,P01909,P06340","260,254,250","100,55.11,45.2",3
1584,O14593,260,"O14593","260","100",1
1585,Q9H0R4,259,"Q9H0R4","259","100",1
1586,P07738,259,"P07738","259","100",1
1587,Q7L0Q8,258,"Q7L0Q8,P08134,P15153,P63000,P60953","258,193,192,192,191","100,43.52,54.16,54.16,57.59",5
1588,P12319,257,"P12319","257","100",1
1589,P15328,257,"P15328","257","100",1
1590,P30048,256,"P30048,Q06830","256,199","100,60.8",2
1591,O00584,256,"O00584","256","100",1
1592,Q13084,256,"Q13084","256","100",1
1593,P38117,255,"P38117","255","100",1
1594,Q9H4M3,255,"Q9H4M3","255","100",1
1595,O95571,254,"O95571","254","100",1
1596,P02746,253,"P02746","253","100",1
1597,P53674,252,"P53674,P26998,P43320,P53673,P07316,P07320,P07315","252,211,205,196,175,174,174","100,50.71,50.73,41.83,33.14,35.05,34.48",7
1598,P13725,252,"P13725","252","100",1
1599,Q9NRX1,252,"Q9NRX1","252","100",1
1600,Q9BSH5,251,"Q9BSH5","251","100",1
1601,O95150,251,"O95150","251","100",1
1602,Q9NX20,251,"Q9NX20","251","100",1
1603,Q9GZV9,251,"Q9GZV9","251","100",1
1604,P17931,250,"P17931","250","100",1
1605,Q9HD33,250,"Q9HD33","250","100",1
1606,Q9Y3A5,250,"Q9Y3A5","250","100",1
1607,P30793,250,"P30793","250","100",1
1608,Q96EY8,250,"Q96EY8","250","100",1
1609,P13984,249,"P13984","249","100",1
1610,P60174,249,"P60174","249","100",1
1611,Q8WV92,249,"Q8WV92","249","100",1
1612,P19404,249,"P19404","249","100",1
1613,P62753,249,"P62753","249","100",1
1614,P25189,248,"P25189","248","100",1
1615,P31947,248,"P31947,P61981","248,247","100,63.15",2
1616,Q8N1Q8,247,"Q8N1Q8","247","100",1
1617,Q5VY80,246,"Q5VY80,Q9BZM4","246,244","100,44.26",2
1618,Q00059,246,"Q00059","246","100",1
1619,O15305,246,"O15305","246","100",1
1620,P51580,245,"P51580","245","100",1
1621,P09417,244,"P09417","244","100",1
1622,Q15848,244,"Q15848","244","100",1
1623,P0CG30,244,"P0CG30,P30711","244,240","100,53.75",2
1624,Q9H4Y5,243,"Q9H4Y5,P78417","243,241","100,64.31",2
1625,Q9H3S4,243,"Q9H3S4","243","100",1
1626,Q96GX9,242,"Q96GX9","242","100",1
1627,Q9BUP3,242,"Q9BUP3","242","100",1
1628,Q6ZMJ4,242,"Q6ZMJ4","242","100",1
1629,P20618,241,"P20618","241","100",1
1630,P08294,240,"P08294","240","100",1
1631,P54819,239,"P54819","239","100",1
1632,Q9NR28,239,"Q9NR28","239","100",1
1633,P28072,239,"P28072,P28065","239,219","100,57.07",2
1634,P0C024,238,"P0C024","238","100",1
1635,Q5VWZ2,237,"Q5VWZ2,O75608","237,230","100,31.73",2
1636,Q14353,236,"Q14353","236","100",1
1637,Q9BQ50,236,"Q9BQ50","236","100",1
1638,O95833,236,"O95833","236","100",1
1639,Q9NQT4,235,"Q9NQT4","235","100",1
1640,Q8IWL3,235,"Q8IWL3","235","100",1
1641,P01375,233,"P01375","233","100",1
1642,Q13253,232,"Q13253","232","100",1
1643,Q92730,232,"Q92730,O00212","232,210","100,34.28",2
1644,Q9BU02,230,"Q9BU02","230","100",1
1645,Q9H867,229,"Q9H867","229","100",1
1646,Q08623,228,"Q08623","228","100",1
1647,P22061,227,"P22061","227","100",1
1648,Q9Y2Q3,226,"Q9Y2Q3","226","100",1
1649,Q96AZ1,226,"Q96AZ1,Q8WXB1","226,218","100,40.82",2
1650,P16401,226,"P16401","226","100",1
1651,P22352,226,"P22352,O75715,P07203,P18283","226,221,203,190","100,65.15,40.39,41.05",4
1652,P29033,226,"P29033","226","100",1
1653,P21266,225,"P21266,P28161,P09488,Q03013,P09211","225,218,218,218,210","100,67.88,72.01,71.55,31.9",5
1654,Q13637,225,"Q13637,P51149","225,207","100,33.33",2
1655,O75934,225,"O75934","225","100",1
1656,P02741,224,"P02741,P02743","224,223","100,50.67",2
1657,O15537,224,"O15537","224","100",1
1658,Q6P587,224,"Q6P587","224","100",1
1659,Q9Y235,224,"Q9Y235","224","100",1
1660,Q99720,223,"Q99720","223","100",1
1661,P09936,223,"P09936","223","100",1
1662,Q9BRT9,223,"Q9BRT9","223","100",1
1663,O15217,222,"O15217,Q16772,P09210,P08263","222,222,222,222","100,53.15,54.05,53.15",4
1664,P04179,222,"P04179","222","100",1
1665,Q9BS40,222,"Q9BS40","222","100",1
1666,Q9BT30,221,"Q9BT30","221","100",1
1667,Q68J44,220,"Q68J44,Q9UII6,Q6B8I1","220,198,188","100,45.45,48.93",3
1668,P59095,220,"P59095,Q9NSY2","220,213","100,31.92",2
1669,O95716,219,"O95716,P20337,O00194,P61018,P57735,Q9NP72","219,219,218,213,213,206","100,75.34,40.82,35.68,35.68,36.4",6
1670,Q9UKK9,219,"Q9UKK9","219","100",1
1671,Q92963,219,"Q92963,P62070,P01116,P01112,P01111,Q15382","219,204,189,189,189,184","100,47.05,44.97,44.97,44.97,30.43",6
1672,Q9Y296,219,"Q9Y296","219","100",1
1673,Q9NZH6,218,"Q9NZH6,Q9NZH8","218,169","100,30.17",2
1674,P00492,218,"P00492","218","100",1
1675,Q07699,218,"Q07699","218","100",1
1676,Q9UBQ5,218,"Q9UBQ5","218","100",1
1677,P28676,217,"P28676","217","100",1
1678,P01241,217,"P01241","217","100",1
1679,O43708,216,"O43708","216","100",1
1680,P62826,216,"P62826","216","100",1
1681,P09429,215,"P09429","215","100",1
1682,P67870,215,"P67870","215","100",1
1683,Q9BTP7,215,"Q9BTP7","215","100",1
1684,Q92882,214,"Q92882","214","100",1
1685,Q9UKL6,214,"Q9UKL6","214","100",1
1686,Q9BQB4,213,"Q9BQB4","213","100",1
1687,O75251,213,"O75251","213","100",1
1688,P05231,212,"P05231","212","100",1
1689,Q16667,212,"Q16667","212","100",1
1690,Q9BUL8,212,"Q9BUL8","212","100",1
1691,Q96LD8,212,"Q96LD8","212","100",1
1692,Q9UI95,211,"Q9UI95","211","100",1
1693,Q16611,211,"Q16611","211","100",1
1694,Q9NP95,211,"Q9NP95,P31371,P05230","211,208,155","100,62.01,36.12",3
1695,Q16595,210,"Q16595","210","100",1
1696,Q96IU4,210,"Q96IU4","210","100",1
1697,P19388,210,"P19388","210","100",1
1698,O00217,210,"O00217","210","100",1
1699,O95843,209,"O95843","209","100",1
1700,Q99627,209,"Q99627","209","100",1
1701,P62241,208,"P62241","208","100",1
1702,P16455,207,"P16455","207","100",1
1703,P09919,207,"P09919","207","100",1
1704,Q13007,206,"Q13007","206","100",1
1705,P30043,206,"P30043","206","100",1
1706,Q9NWU5,206,"Q9NWU5","206","100",1
1707,Q9Y5Z4,205,"Q9Y5Z4","205","100",1
1708,Q96HA8,205,"Q96HA8","205","100",1
1709,P49720,205,"P49720","205","100",1
1710,Q9H081,205,"Q9H081","205","100",1
1711,Q6P1K2,205,"Q6P1K2","205","100",1
1712,Q96CD2,204,"Q96CD2","204","100",1
1713,Q7Z4H3,204,"Q7Z4H3","204","100",1
1714,Q9Y294,204,"Q9Y294","204","100",1
1715,P05452,202,"P05452","202","100",1
1716,P07360,202,"P07360","202","100",1
1717,P15018,202,"P15018","202","100",1
1718,P02753,201,"P02753","201","100",1
1719,P02763,201,"P02763,P19652","201,201","100,74.12",2
1720,Q8TCD5,201,"Q8TCD5","201","100",1
1721,P26441,200,"P26441","200","100",1
1722,Q16878,200,"Q16878","200","100",1
1723,P20809,199,"P20809","199","100",1
1724,O14508,198,"O14508","198","100",1
1725,P80188,198,"P80188","198","100",1
1726,Q53FT3,197,"Q53FT3","197","100",1
1727,O43745,196,"O43745","196","100",1
1728,Q8IZI9,196,"Q8IZI9","196","100",1
1729,Q9Y3B2,195,"Q9Y3B2","195","100",1
1730,P08590,195,"P08590,P63316","195,161","100,32.29",2
1731,P55957,195,"P55957","195","100",1
1732,Q9BY32,194,"Q9BY32","194","100",1
1733,P46781,194,"P46781","194","100",1
1734,P51965,193,"P51965","193","100",1
1735,P17900,193,"P17900","193","100",1
1736,P84074,193,"P84074","193","100",1
1737,P01588,193,"P01588","193","100",1
1738,Q15126,192,"Q15126","192","100",1
1739,Q07812,192,"Q07812","192","100",1
1740,Q99828,191,"Q99828","191","100",1
1741,P41222,190,"P41222","190","100",1
1742,Q9BSD7,190,"Q9BSD7","190","100",1
1743,Q99497,189,"Q99497","189","100",1
1744,P05090,189,"P05090","189","100",1
1745,P01563,188,"P01563","188","100",1
1746,P30086,187,"P30086","187","100",1
1747,P01574,187,"P01574","187","100",1
1748,Q9H0F7,186,"Q9H0F7,P36404,P18085","186,184,180","100,33.69,36.66",3
1749,Q9UM13,185,"Q9UM13","185","100",1
1750,Q9NRW4,184,"Q9NRW4","184","100",1
1751,Q04760,184,"Q04760","184","100",1
1752,Q13951,182,"Q13951","182","100",1
1753,Q9ULC4,181,"Q9ULC4","181","100",1
1754,P07741,180,"P07741","180","100",1
1755,Q9Y221,180,"Q9Y221","180","100",1
1756,P09466,180,"P09466","180","100",1
1757,Q9Y6M9,179,"Q9Y6M9","179","100",1
1758,P62913,178,"P62913","178","100",1
1759,Q9UHD0,177,"Q9UHD0,Q9NYY1","177,176","100,39.77",2
1760,Q9BRG1,176,"Q9BRG1","176","100",1
1761,P02511,175,"P02511","175","100",1
1762,Q16548,175,"Q16548","175","100",1
1763,P03923,174,"P03923","174","100",1
1764,P13693,172,"P13693","172","100",1
1765,P51970,172,"P51970","172","100",1
1766,Q96F10,170,"Q96F10","170","100",1
1767,Q13232,169,"Q13232","169","100",1
1768,P42773,168,"P42773,P42771","168,156","100,34.61",2
1769,Q9Y3C8,167,"Q9Y3C8","167","100",1
1770,P10916,166,"P10916","166","100",1
1771,P05161,165,"P05161","165","100",1
1772,Q9NV35,164,"Q9NV35","164","100",1
1773,Q13323,160,"Q13323","160","100",1
1774,P24666,158,"P24666","158","100",1
1775,P63279,158,"P63279,P49459","158,152","100,42.1",2
1776,P36639,156,"P36639","156","100",1
1777,Q9BVJ7,150,"Q9BVJ7","150","100",1
