SAV_coords,0,1,2,3,4
P29033 221 K N,0.21344405,0.35821816,0.30832702,0.4684606,0.42963573
P29033 220 G V,0.25930867,0.37277415,0.2677747,0.4010033,0.38206744
P29033 219 S F,0.12710871,0.22464994,0.47425964,0.4220465,0.2815846
P29033 218 C S,0.16385442,0.27717263,0.33005694,0.36742282,0.28813797
P29033 216 R I,0.30500153,0.4942654,0.553673,0.5705345,0.52448756
P29033 209 E D,0.6769128,0.6377629,0.78667766,0.69027025,0.6744397
P29033 209 E G,0.95921504,0.9436013,0.97014725,0.9666199,0.9541718
P29033 207 V L,0.15536737,0.23961988,0.30236414,0.31506553,0.26158762
P29033 201 I M,0.51890194,0.53641987,0.59365636,0.5966113,0.56524813
P29033 198 V G,0.62358993,0.64687335,0.77460015,0.75458103,0.6950518
P29033 196 I M,0.5316371,0.6436505,0.6964251,0.6832632,0.65206724
P29033 196 I S,0.6211413,0.6998697,0.78781945,0.7514648,0.72183913
P29033 195 M I,0.63277036,0.656583,0.7323456,0.6893827,0.6644269
P29033 189 T N,0.60504955,0.641077,0.728967,0.6987885,0.66049147
P29033 187 E G,0.8110531,0.82656896,0.8653928,0.85932124,0.839124
P29033 180 C F,0.95374435,0.95934546,0.9679263,0.971846,0.95975655
P29033 180 C Y,0.9522955,0.95989317,0.9674214,0.97171694,0.95994794
P29033 179 D Y,0.8491129,0.8952267,0.8950169,0.9069487,0.88955283
P29033 178 V L,0.7502158,0.7397985,0.78709924,0.85228324,0.77730596
P29033 177 T A,0.23675689,0.32811287,0.3994412,0.36399034,0.2684086
P29033 176 N S,0.8056802,0.6649604,0.73316914,0.8035869,0.7178212
P29033 173 P L,0.8743268,0.8891234,0.9109864,0.9266974,0.8973828
P29033 171 A V,0.08073169,0.17422915,0.14276403,0.17772815,0.12818044
P29033 169 C G,0.95809716,0.95375097,0.97104406,0.974097,0.96139383
P29033 169 C S,0.90004545,0.89257467,0.9312527,0.93689495,0.9113091
P29033 168 K E,0.42913222,0.5830181,0.7330243,0.6761085,0.56752473
P29033 167 V G,0.65641236,0.6499631,0.7769469,0.79804075,0.7004254
P29033 167 V A,0.5183212,0.60275894,0.7154127,0.72321695,0.62369037
P29033 167 V M,0.31860048,0.41386062,0.4555518,0.50928533,0.37437692
P29033 165 R Q,0.839643,0.7111277,0.83369887,0.840686,0.7653744
P29033 164 Q E,0.08546427,0.10591561,0.109525464,0.13156506,0.101729795
P29033 161 F V,0.38573772,0.46330845,0.54430085,0.5672528,0.48283625
P29033 157 M I,0.028785966,0.04739344,0.036365446,0.067971006,0.04175762
P29033 157 M T,0.13583338,0.16887909,0.20183139,0.26948962,0.17532472
P29033 155 Y C,0.7930768,0.829334,0.8608472,0.84522825,0.8323186
P29033 155 Y S,0.81523174,0.8114113,0.8850148,0.8685728,0.8308058
P29033 151 M I,0.29746366,0.3346922,0.4602956,0.40407234,0.35512528
P29033 151 M T,0.30021593,0.3996578,0.41471055,0.44648543,0.37976238
P29033 151 M L,0.21771349,0.28467748,0.49440452,0.39764348,0.33157307
P29033 150 F Y,0.9307641,0.8932075,0.9405892,0.9331564,0.9131708
P29033 150 F I,0.93473667,0.92429537,0.95166445,0.94868374,0.9324961
P29033 149 A S,0.10385828,0.15198295,0.13248833,0.1886884,0.13164134
P29033 149 A T,0.12753496,0.18132995,0.16641736,0.22363673,0.16775312
P29033 142 F S,0.6596447,0.67103344,0.7713946,0.7241045,0.68865645
P29033 138 S G,0.34520808,0.35147962,0.4118084,0.43284357,0.37290508
P29033 129 E K,0.19787951,0.41953635,0.38504353,0.4777374,0.47387832
P29033 126 V I,0.10991856,0.14348541,0.09347411,0.1347214,0.09477976
P29033 125 K Q,0.4232909,0.5000404,0.5988449,0.5366433,0.5043323
P29033 121 I T,0.36747628,0.5215247,0.5437625,0.58404124,0.5358496
P29033 118 I T,0.22100855,0.26300833,0.29522106,0.2719184,0.24464037
P29033 117 D V,0.43749183,0.5650116,0.6477451,0.60579365,0.57354516
P29033 117 D G,0.25319424,0.3282599,0.3953318,0.40283096,0.34410664
P29033 106 F S,0.18493743,0.33100632,0.51842785,0.49631238,0.42958263
P29033 104 R S,0.33077356,0.4947555,0.45809707,0.5717833,0.4970737
P29033 103 K R,0.3885914,0.54511076,0.43357217,0.55881613,0.52529526
P29033 102 K N,0.25989848,0.41251552,0.31426233,0.4626109,0.3972534
P29033 98 R G,0.47092903,0.6387845,0.7192968,0.69197226,0.6553708
P29033 96 A G,0.6940591,0.70032454,0.76908594,0.75353324,0.725337
P29033 95 V A,0.5357605,0.57925785,0.6730721,0.61171216,0.5958575
P29033 94 H Q,0.8409235,0.84912914,0.8976311,0.8941837,0.86777145
P29033 94 H L,0.7816593,0.7636331,0.83729064,0.8237625,0.7830032
P29033 94 H Y,0.29357457,0.35446018,0.49999303,0.46627146,0.38676322
P29033 89 L F,0.75178194,0.70991415,0.80112714,0.7655896,0.730429
P29033 87 P L,0.9126215,0.89794916,0.92648065,0.91922146,0.9000615
P29033 79 L R,0.8512572,0.8668912,0.87036586,0.8846501,0.8651366
P29033 78 A V,0.5726733,0.6365289,0.747912,0.73516,0.6723437
P29033 76 L V,0.68053806,0.6590619,0.7630728,0.7284555,0.6838734
P29033 72 S F,0.9242089,0.9363518,0.94560194,0.9465854,0.93367267
P29033 69 F L,0.81559783,0.7853615,0.84822273,0.84823406,0.8093878
P29033 68 Y C,0.4678428,0.65579146,0.64775264,0.69136274,0.63657486
P29033 62 N S,0.11105736,0.19172622,0.32827637,0.2343384,0.20056114
P29033 60 C R,0.9242132,0.9356374,0.94278437,0.9517516,0.9346075
P29033 43 V A,0.63183147,0.66485167,0.75523865,0.7329518,0.6847396
P29033 40 A T,0.41349313,0.5327335,0.5718971,0.6145473,0.53463656
P29033 25 L F,0.5326177,0.59889746,0.63385195,0.6399626,0.5924079
P29033 24 W C,0.82219386,0.8854188,0.88195133,0.88522893,0.88054013
P29033 23 I M,0.67210937,0.6323714,0.74094844,0.696518,0.6597221
P29033 19 S I,0.44600716,0.6654008,0.552714,0.6742132,0.6588316
P29033 18 T S,0.73795444,0.7039736,0.77792466,0.74600005,0.7151728
P29033 17 S C,0.8452647,0.870923,0.88687515,0.8802497,0.86796165
P29033 16 H P,0.7956234,0.81028944,0.8510076,0.839801,0.81252706
P29033 13 V G,0.8020015,0.7907467,0.8603182,0.84729475,0.81944937
P29033 5 T M,0.37834316,0.64097446,0.59759027,0.6862457,0.6527467
